id,stage,seed,grammar,strategy,generation,vertex_count,face_count,source_coverage,manifold,closed,components,fan,degenerate,bilinear,crossings,displacement_mean,displacement_median,displacement_max,displacement_variance,top_decile_mass,effective_fraction,patches,largest_patch_fraction,normal_radius_1,normal_radius_2,opening_width_drift_percent,opening_height_drift_percent,outer_width_drift_percent,outer_height_drift_percent,base_z_displacement,geometry_hash,activity_scale,uniform_exact
A_A_SHOULDER_PAIR_CC_D,A,A_SHOULDER_PAIR,CC,D,0,24,22,1.0,True,True,1,0,0,0,0,,,,,,,,,,,0.0,0.0,0.0,0.0,0.0,5c70c20d94bf8982c90b158fe2701f99d33a54d6dc9de3641f408528f3c4822d,SOURCE,False
A_A_SHOULDER_PAIR_CC_D,A,A_SHOULDER_PAIR,CC,D,1,90,88,1.0,True,True,1,8,0,0,0,193.55449445015734,182.72727272727252,552.1190047222515,15246.12883265301,0.2589024200366758,0.9293695229937821,2,0.11363636363636363,0.22206352689663428,0.34762640668823436,0.329511946789518,-23.554311312350386,9.136363636363631,12.181818181818183,492.0563421897632,a8e2c85e07afab1327dfd1992bf9ed82ff1cbe9a336bae9496f59efb13f72278,DISTANCE,False
A_A_SHOULDER_PAIR_CC_D,A,A_SHOULDER_PAIR,CC,D,2,354,352,1.0,True,True,1,40,0,0,0,87.77496911150102,40.88796185842082,387.75522962789466,7875.364321200304,0.3518591778296916,0.8978743928164672,3,0.19318181818181818,0.15702849842778493,0.20987788975445576,1.2137455416263876,-25.79296081805572,5.234001457606485,5.276089237819059,535.6449236474338,48ae76e8ee5f076d51fa8bacd9fe26b129d8f928a0faccceb30435e6d2bb6b2f,DISTANCE,False
A_A_SHOULDER_PAIR_CC_D,A,A_SHOULDER_PAIR,CC,D,3,1410,1408,1.0,True,True,1,76,0,12,0,40.220046208074315,13.539895742244326,326.16952105791034,3148.4085027166734,0.4414545759110677,0.7159498582703583,16,0.08522727272727272,0.1300033098820553,0.14996143111156088,1.7280737080355602,-26.082440211339552,4.5366819831114125,4.117289003410662,546.0093451535377,b1f959498618d93054604c78109beb1216c21070e2f5c984beb657097c672382,DISTANCE,False
A_A_SHOULDER_PAIR_CC_D,A,A_SHOULDER_PAIR,CC,D,4,5634,5632,1.0,True,True,1,72,0,0,0,14.617408424113997,6.718576504949166,148.94023677160376,439.33567453716176,0.44977708603638034,0.608016434541341,53,0.1590909090909091,0.08510323033078777,0.10491523964257678,1.8135224101304415,-26.223483633521017,3.8138262208937235,3.5131914237617856,549.8432792357125,c9859c20e6a285e1d6a9d4b56e98cc9de4004d253cd7cd28bb40570e010bd628,DISTANCE,False
A_A_SHOULDER_PAIR_CC_M,A,A_SHOULDER_PAIR,CC,M,0,24,22,1.0,True,True,1,0,0,0,0,,,,,,,,,,,0.0,0.0,0.0,0.0,0.0,5c70c20d94bf8982c90b158fe2701f99d33a54d6dc9de3641f408528f3c4822d,SOURCE,False
A_A_SHOULDER_PAIR_CC_M,A,A_SHOULDER_PAIR,CC,M,1,90,88,1.0,True,True,1,8,0,0,0,192.2364285870362,138.97176910066204,427.4536588236431,17686.497742560616,0.21690425917345335,0.9784476170002016,2,0.11363636363636363,0.23249506896180716,0.3557981672773022,-1.227184442104956,-21.410367788452213,17.304933569211876,20.236483989726995,411.2801028291964,b28e482b9ec1fca1a08e41523373bd9d84a5432c655a26f838c513d361d7a1aa,BROAD,False
A_A_SHOULDER_PAIR_CC_M,A,A_SHOULDER_PAIR,CC,M,2,354,352,1.0,True,True,1,32,0,4,0,97.08252021792434,44.067644936834405,396.86514476387305,8402.012959782003,0.32782220131788387,0.915546790152306,9,0.1590909090909091,0.16393294704299394,0.21703252312274945,0.09110670191101455,-23.232395687890417,9.583755132198025,11.247175528105924,451.78994549772403,f70036ca5c0dbcbd2531ba9583066c6cfbbc590e2e3eb8276c57ace4fbc0a4b6,MEDIUM,False
A_A_SHOULDER_PAIR_CC_M,A,A_SHOULDER_PAIR,CC,M,3,1410,1408,1.0,True,True,1,76,0,12,0,41.44554158365549,15.110429136917817,332.9336131571709,3133.7375332505794,0.4262729411921885,0.7274538733348694,12,0.08380681818181818,0.12988701561292193,0.15211125489118024,0.7262002124611255,-23.49783254500131,8.058543022678899,9.88248247962118,462.5431787591775,080b2af3057b3df5ee43e2907886d10cc1ea0ceea05de29570a7738aa29ee717,MEDIUM,False
A_A_SHOULDER_PAIR_CC_M,A,A_SHOULDER_PAIR,CC,M,4,5634,5632,1.0,True,True,1,60,0,4,0,13.281635959648678,7.0816850635227375,146.83841844224864,377.1259479006497,0.44912377593203606,0.5605172142445749,49,0.1356534090909091,0.07189376505716448,0.09512803425687348,0.8139909174900151,-23.734461139649788,7.623352688788976,9.074661529679041,468.30087730211255,7ebacf8fb5d738c11296c737443b453fa0f32d391f872326f1fab4a1d0d5d900,FINE,False
A_A_SHOULDER_PAIR_CC_P,A,A_SHOULDER_PAIR,CC,P,0,24,22,1.0,True,True,1,0,0,0,0,,,,,,,,,,,0.0,0.0,0.0,0.0,0.0,5c70c20d94bf8982c90b158fe2701f99d33a54d6dc9de3641f408528f3c4822d,SOURCE,False
A_A_SHOULDER_PAIR_CC_P,A,A_SHOULDER_PAIR,CC,P,1,90,88,1.0,True,True,1,8,0,0,0,191.0320554958226,163.87965193308276,543.3783071906137,14530.843311088134,0.25891594166712323,0.9316993182488655,2,0.11363636363636363,0.22040872166673364,0.34606608379870357,0.18956033402128813,-23.36156444405024,8.193982596654138,11.900277153814498,485.9150102968497,c22e3a3d4bb61f0682826dc5296c2a687cc24e4053d64e605b122315d23e8b0b,MEDIUM,False
A_A_SHOULDER_PAIR_CC_P,A,A_SHOULDER_PAIR,CC,P,2,354,352,1.0,True,True,1,20,0,0,0,69.38153334494528,42.250406359365066,387.4649960152125,4700.911368955994,0.34546642036576597,0.8286486357942033,13,0.13636363636363635,0.13110532763432908,0.19212410767874427,1.4764750027542073,-26.14638471262233,3.0208705286476123,3.5735573063121695,541.0394888552216,b4823106a2acd643f0656771b87bce9d94bec1cc12956943d33111133c5599cd,FINE,False
A_A_SHOULDER_PAIR_CC_P,A,A_SHOULDER_PAIR,CC,P,3,1410,1408,1.0,True,True,1,52,0,4,0,25.157254497038203,11.72371674339036,318.1341561887397,1801.0153152123175,0.4914385694636151,0.5327763841460316,11,0.19318181818181818,0.08531107326914704,0.11468503350926801,1.789120568093816,-26.639080224313293,1.9010467267698283,1.7003033187134253,553.9166117930578,3c69d69aea4af1b0dd0dd78309ae264f3a09d7ab8d3b01f5722d4563a42d4666,FINE,False
A_A_SHOULDER_PAIR_CC_P,A,A_SHOULDER_PAIR,CC,P,4,5634,5632,1.0,True,True,1,56,0,0,0,12.964966772934094,2.740134928659652,145.59086681670766,395.42710874919663,0.4554359146140488,0.6496382287436978,35,0.18181818181818182,0.06525752684632281,0.0803745977003011,1.8257071022724558,-26.71902120443995,1.867374355994289,1.4121111695802213,555.8076586388163,621c3848b7377d5f4b6de5cd1b19b8d4c63c0c6e8d28c0a4d18f266aa3e9e7ed,BROAD,False
A_A_SHOULDER_PAIR_CC_R,A,A_SHOULDER_PAIR,CC,R,0,24,22,1.0,True,True,1,0,0,0,0,,,,,,,,,,,0.0,0.0,0.0,0.0,0.0,5c70c20d94bf8982c90b158fe2701f99d33a54d6dc9de3641f408528f3c4822d,SOURCE,False
A_A_SHOULDER_PAIR_CC_R,A,A_SHOULDER_PAIR,CC,R,1,90,88,1.0,True,True,1,4,0,0,0,195.5769272507398,129.4318181818182,621.4280646270917,22326.55186410646,0.291924448474955,0.8812166493696485,2,0.11363636363636363,0.2121331146389889,0.33937311688889404,2.381429350651576,-26.38029270536184,1.6314935064934977,3.1076066790352463,557.3679121615837,5b1b6b43a899e089a6ea38db9eae88c1ee6aacf0df60fe02a51b7eb0ce1b8de0,FINE,False
A_A_SHOULDER_PAIR_CC_R,A,A_SHOULDER_PAIR,CC,R,2,354,352,1.0,True,True,1,24,0,0,0,75.14130174149143,38.696511663514826,384.3207005419606,6525.062476444456,0.3776175377769575,0.8644265548598097,1,0.20454545454545456,0.13997362961937984,0.19715194367864106,2.5279091905051843,-28.669345888282294,0.5716564637944899,-1.32252725283164,601.9830810831397,64b6f3f0b7df25efb7ccd4ddd641371dcb0be0fffa95a4cd9f7ebf93d572b11c,MEDIUM,False
A_A_SHOULDER_PAIR_CC_R,A,A_SHOULDER_PAIR,CC,R,3,1410,1408,1.0,True,True,1,76,0,8,0,35.540080672764034,12.352318536853838,326.01308554844417,2690.6749291937863,0.45462785700437364,0.6785359581259739,12,0.08664772727272728,0.11396673144245392,0.13578452086959292,2.971364636070817,-28.95167888123963,0.06528085907564485,-2.299512284284899,610.8954476926995,45f9d4940d6db4411d3c95f118cf3e1ccf9db332aaf46b748d61205c8ccf1024,MEDIUM,False
A_A_SHOULDER_PAIR_CC_R,A,A_SHOULDER_PAIR,CC,R,4,5634,5632,1.0,True,True,1,72,0,0,0,15.34940687772783,3.698800035309091,152.0382177744692,507.373391196765,0.4518730210424946,0.6631850188057098,37,0.14772727272727273,0.09399455110821998,0.10723295572044714,3.05303365517553,-29.028938526765614,0.017221920908361277,-2.465980465040063,612.8927052845975,2fbbc516931cfd5ef8f16183fa866cd77ef5b6614b41683a2d46ced5e85cafa0,BROAD,False
A_A_SHOULDER_PAIR_CC_S,A,A_SHOULDER_PAIR,CC,S,0,24,22,1.0,True,True,1,0,0,0,0,,,,,,,,,,,0.0,0.0,0.0,0.0,0.0,5c70c20d94bf8982c90b158fe2701f99d33a54d6dc9de3641f408528f3c4822d,SOURCE,False
A_A_SHOULDER_PAIR_CC_S,A,A_SHOULDER_PAIR,CC,S,1,90,88,1.0,True,True,1,8,0,0,0,191.0320554958226,163.87965193308276,543.3783071906137,14530.843311088134,0.25891594166712323,0.9316993182488655,2,0.11363636363636363,0.22040872166673364,0.34606608379870357,0.18956033402128813,-23.36156444405024,8.193982596654138,11.900277153814498,485.9150102968497,c22e3a3d4bb61f0682826dc5296c2a687cc24e4053d64e605b122315d23e8b0b,MEDIUM,False
A_A_SHOULDER_PAIR_CC_S,A,A_SHOULDER_PAIR,CC,S,2,354,352,1.0,True,True,1,32,0,0,0,84.51564672062172,39.275113701122145,387.4649960152125,7296.134013926558,0.35507648614035225,0.887899886578912,5,0.19318181818181818,0.14989484857414273,0.20514776442231716,1.0941650175934958,-25.574932112795935,3.791913689327542,4.94354738199787,528.3663123473856,434d6f30423cf6b16f2a3484df6512f0f2a5bbb33c8beb5d80f068b0c8492276,MEDIUM,False
A_A_SHOULDER_PAIR_CC_S,A,A_SHOULDER_PAIR,CC,S,3,1410,1408,1.0,True,True,1,72,0,12,0,38.14515958642046,13.019132719416456,329.46256996057707,2890.6795360834844,0.4426154315562961,0.7002354661922232,12,0.08522727272727272,0.12101649622382614,0.14253869116887424,1.6119280732282526,-25.860812932551113,3.413978237875881,3.8595663752281295,538.046909981636,c8e5f47675257ad4418b9788843cdcb2623510b91c99e5f22881ea5db206fd8e,MEDIUM,False
A_A_SHOULDER_PAIR_CC_S,A,A_SHOULDER_PAIR,CC,S,4,5634,5632,1.0,True,True,1,72,0,0,0,13.786124741332824,6.5059400348125624,150.38470809265465,404.88472465930533,0.45135153012823226,0.5917753439302673,39,0.1434659090909091,0.07886800130891555,0.09793923293498656,1.6982111520961185,-26.00288959341446,2.9005357450522684,3.3997212657775666,541.693747599097,b4f34f851eefc9c0f2c06afe4343ab4860a600c46824a551f99a1868c4e40196,MEDIUM,False
A_A_SHOULDER_PAIR_CC_U,A,A_SHOULDER_PAIR,CC,U,0,24,22,1.0,True,True,1,0,0,0,0,,,,,,,,,,,0.0,0.0,0.0,0.0,0.0,5c70c20d94bf8982c90b158fe2701f99d33a54d6dc9de3641f408528f3c4822d,SOURCE,True
A_A_SHOULDER_PAIR_CC_U,A,A_SHOULDER_PAIR,CC,U,1,90,88,1.0,True,True,1,8,0,0,0,193.32883373222646,135.57038594220265,417.76226518818504,18749.03826433493,0.2130826987243252,0.9807549174923119,2,0.13636363636363635,0.23396205781701127,0.3569938721989175,-1.2664238117698123,-21.35632578445257,18.272727272727284,20.88311688311688,406.3349066017486,ae5a857efb6df290804fd4fc7fb359905b37907af5ea77021ef18bbb70bf0ea5,UNIFORM,True
A_A_SHOULDER_PAIR_CC_U,A,A_SHOULDER_PAIR,CC,U,2,354,352,1.0,True,True,1,100,0,8,0,130.61190218833062,35.84860370800099,456.8378950958456,20005.377562537986,0.327739554515571,0.9700680749007417,12,0.022727272727272728,0.23190907198362487,0.26553987229737425,-0.2523161026624199,-22.74525077826599,15.980484050440369,16.254575760710587,431.50386566092885,4d905fce7b8f671d695f2dd97e5886980335b967390ca93bbf4d51e27fe1bd83,UNIFORM,True
A_A_SHOULDER_PAIR_CC_U,A,A_SHOULDER_PAIR,CC,U,3,1410,1408,1.0,True,True,1,352,0,44,0,74.74322382388196,14.424739751266284,388.4202167743601,9330.91594536205,0.41140226252883655,0.8713218409884022,12,0.07244318181818182,0.2609323102622171,0.2592656130167223,0.5683559709992236,-22.7385398530633,15.315698305123583,16.296536071428804,435.6399875303591,e12319be94fd8cd7ffc3acc6ef2d5a7286baef8153687c068e7858330c200c36,UNIFORM,True
A_A_SHOULDER_PAIR_CC_U,A,A_SHOULDER_PAIR,CC,U,4,5634,5632,1.0,True,True,1,364,0,20,0,28.990514171286662,6.243144780427015,182.52284844666764,1400.9219956960806,0.40793355455039204,0.7748604681376837,24,0.07244318181818182,0.18963338848829991,0.2152996277623145,0.7497671565730668,-22.777129071962566,13.455989113175914,14.506137859861035,437.82063072725134,0497f0e8d820d82609442beb68ea432178d0e5c200c5ba76dfc5b2b10fb70587,UNIFORM,True
A_A_SHOULDER_PAIR_DS_D,A,A_SHOULDER_PAIR,DS,D,0,24,22,1.0,True,True,1,0,0,0,0,,,,,,,,,,,0.0,0.0,0.0,0.0,0.0,5c70c20d94bf8982c90b158fe2701f99d33a54d6dc9de3641f408528f3c4822d,SOURCE,False
A_A_SHOULDER_PAIR_DS_D,A,A_SHOULDER_PAIR,DS,D,1,88,90,1.0,True,True,1,0,0,0,0,243.63378346365354,245.70546938550316,375.1197639333183,2965.142184317794,0.14358370500894962,0.9669132706777345,1,0.2111111111111111,0.21002738698530904,0.32848205882807674,-6.104511019283754,-21.06308275058275,9.136363636363631,12.181818181818183,329.0909090909091,cea4359065621f9e9eff61d865cebd384da3046029644037c654772e79d2cfc7,DISTANCE,False
A_A_SHOULDER_PAIR_DS_D,A,A_SHOULDER_PAIR,DS,D,2,352,354,1.0,True,True,1,0,0,0,0,54.31398636816359,52.204756620295754,110.85269010809769,747.4204154156738,0.1898886874908136,0.8778643365179862,1,0.2062146892655367,0.1150077715210529,0.1809815361543378,-7.418640570398338,-27.770831576197097,11.654198695790408,14.09582437024035,442.04709666602,247348044e3d2a1819b737623b4c26959e1e4d853cc375b044a3f9e021254f34,DISTANCE,False
A_A_SHOULDER_PAIR_DS_D,A,A_SHOULDER_PAIR,DS,D,3,1408,1410,1.0,True,True,1,0,0,0,0,28.753746411497858,26.693084407710863,83.7627809576058,184.4240014117026,0.19318070274790838,0.8691700678212152,11,0.08865248226950355,0.07051587307167746,0.10289059732694864,-8.046605865521705,-29.44211058790618,12.520272959789413,15.004350137482092,467.50842524991776,3be995804636ecdfd73f42d672d81bd02cfa17054be1d9ffd703805c943a9a53,DISTANCE,False
A_A_SHOULDER_PAIR_DS_D,A,A_SHOULDER_PAIR,DS,D,4,5632,5634,1.0,True,True,1,0,0,0,0,12.213375065260674,10.969100369197626,46.76513663992856,38.97257893519156,0.21146839145892166,0.8522068053806799,130,0.04188853390131345,0.043704120245438856,0.0636562762484595,-8.256440675422795,-29.8267486075393,12.632411127306664,15.090800321716525,472.84649650570225,816c7ae2b133e2dbb109f1210bae7089021576670d6b7143760d07c6f352c5bf,DISTANCE,False
A_A_SHOULDER_PAIR_DS_M,A,A_SHOULDER_PAIR,DS,M,0,24,22,1.0,True,True,1,0,0,0,0,,,,,,,,,,,0.0,0.0,0.0,0.0,0.0,5c70c20d94bf8982c90b158fe2701f99d33a54d6dc9de3641f408528f3c4822d,SOURCE,False
A_A_SHOULDER_PAIR_DS_M,A,A_SHOULDER_PAIR,DS,M,1,88,90,1.0,True,True,1,0,0,0,0,360.6529113818321,358.64403041433843,377.1496552421417,108.4312133990884,0.10688685899468217,0.9994102803279952,1,0.23333333333333334,0.20956916512690718,0.3300756919948251,-8.012174622099955,-18.035671378260677,17.304933569211876,20.236483989726995,251.88344935656698,9abb0362dfcc1d18c3e49633d567b5fb1f5fe04a89a309de99ce54f0e863b7d6,BROAD,False
A_A_SHOULDER_PAIR_DS_M,A,A_SHOULDER_PAIR,DS,M,2,352,354,1.0,True,True,1,0,0,0,0,56.195129044340796,52.450648798289876,113.22254887636839,800.2462182150706,0.19347219261158233,0.8772467461100187,1,0.2033898305084746,0.11518198500115878,0.18169316190069365,-9.506520726283096,-24.90395091109059,19.508897116606285,22.607509011168702,368.1190804111677,1774cd1245b50b38238f0ed7bc178f000b5d34cebb0d27667c18cc323e97ed95,MEDIUM,False
A_A_SHOULDER_PAIR_DS_M,A,A_SHOULDER_PAIR,DS,M,3,1408,1410,1.0,True,True,1,0,0,0,0,29.60570355751757,26.86573987120118,83.65921694108823,196.87025720438862,0.1944391048850861,0.8684697385885317,19,0.07872340425531915,0.0698568618345401,0.10255940677727886,-10.240789429229524,-26.623511349789307,20.334419904744937,23.460063330744486,394.10162161772473,4e4078ab469dea2d0351b3e38fa6fe79218eab2cb653b780de7de41374e6ac5a,MEDIUM,False
A_A_SHOULDER_PAIR_DS_M,A,A_SHOULDER_PAIR,DS,M,4,5632,5634,1.0,True,True,1,0,0,0,0,6.609557833044141,4.46201765965583,45.26295426155394,36.982617717381906,0.31204499109084827,0.5857294792691426,33,0.19169329073482427,0.03757067680081171,0.05718019531893244,-10.39267975425907,-27.059331588728487,20.261763184029412,23.417553814772685,400.7141842381417,b38422ac60239654dc69bb06c19c87fa3147ed94f5bec26d3cc34ec073ab8dd4,FINE,False
A_A_SHOULDER_PAIR_DS_P,A,A_SHOULDER_PAIR,DS,P,0,24,22,1.0,True,True,1,0,0,0,0,,,,,,,,,,,0.0,0.0,0.0,0.0,0.0,5c70c20d94bf8982c90b158fe2701f99d33a54d6dc9de3641f408528f3c4822d,SOURCE,False
A_A_SHOULDER_PAIR_DS_P,A,A_SHOULDER_PAIR,DS,P,1,88,90,1.0,True,True,1,0,0,0,0,233.2194590475695,226.60377443690084,375.1197639333183,3431.0062628569635,0.15134381718574896,0.9573723426801265,1,0.23333333333333334,0.2101492571140965,0.3285165699958484,-6.244837651326796,-20.8813694721959,8.193982596654138,11.900277153814498,325.92832981101606,a1c6e1dcc85af2d222984fe6d277a79b867e11bebc3fcb2973d47956ef36088b,MEDIUM,False
A_A_SHOULDER_PAIR_DS_P,A,A_SHOULDER_PAIR,DS,P,2,352,354,1.0,True,True,1,0,0,0,0,26.785302984551198,14.667435866380206,110.70444151180733,671.775355968677,0.3209340318848832,0.6019045960648376,2,0.1977401129943503,0.11074035665473753,0.17737669469147962,-7.118135595974529,-27.741852512721888,8.676671122002254,12.34937158640561,443.7669266285084,3890945e510ae7634316a3ea3d6ebd45b612789309f838b2e57f3758257f3e64,FINE,False
A_A_SHOULDER_PAIR_DS_P,A,A_SHOULDER_PAIR,DS,P,3,1408,1410,1.0,True,True,1,0,0,0,0,14.210515005242955,10.102255884540106,77.48846065565812,171.4716291436499,0.31223428016966065,0.5860164735372699,1,0.20070921985815604,0.05992304481252049,0.093780973884996,-7.500153418660005,-29.509592470349656,8.85524949518417,12.530818946644606,472.2081450851218,4e1cc01b9539db90ba11590eed317cfd4d7dc04876a690af9f7e35e72b059872,FINE,False
A_A_SHOULDER_PAIR_DS_P,A,A_SHOULDER_PAIR,DS,P,4,5632,5634,1.0,True,True,1,0,0,0,0,17.226583952939233,15.587454031688832,46.51501423165855,47.34132992004092,0.18360024968983643,0.9187815384475474,258,0.03035143769968051,0.0539093070572216,0.07235530800657698,-7.751952645422611,-29.87018567150721,9.417100845789307,12.968522193267695,476.7749727422576,e7fa429b876dd27caf50d6bd302b910de5311eb9d59ff77ddf42ab25f6ac45ba,BROAD,False
A_A_SHOULDER_PAIR_DS_R,A,A_SHOULDER_PAIR,DS,R,0,24,22,1.0,True,True,1,0,0,0,0,,,,,,,,,,,0.0,0.0,0.0,0.0,0.0,5c70c20d94bf8982c90b158fe2701f99d33a54d6dc9de3641f408528f3c4822d,SOURCE,False
A_A_SHOULDER_PAIR_DS_R,A,A_SHOULDER_PAIR,DS,R,1,88,90,1.0,True,True,1,0,0,0,0,121.7651813496711,125.04653352655075,375.1197639333183,7842.11378755528,0.24942292255462165,0.7290202829372701,1,0.23333333333333334,0.20876241380485974,0.32676562439177165,-3.8381481208185853,-23.75318431568433,1.6314935064934977,3.1076066790352463,395.8103354978355,77dca4e53ceee535b8274c80d51c6bbf5cf9201174526b4a339e1f2e1850811d,FINE,False
A_A_SHOULDER_PAIR_DS_R,A,A_SHOULDER_PAIR,DS,R,2,352,354,1.0,True,True,1,0,0,0,0,48.04186095852353,43.189595827450766,108.69608034378784,681.4869687664791,0.20329720712338475,0.8539882460277717,1,0.2033898305084746,0.11371172735223221,0.1794985444697681,-5.021933319850714,-30.219364867681143,3.519943007037085,4.924811829196019,504.68293675685936,8f9fde0cf5a1262e6a2ba12c98c1cd9f00a92f4071271e1f19ad8bee193730dd,MEDIUM,False
A_A_SHOULDER_PAIR_DS_R,A,A_SHOULDER_PAIR,DS,R,3,1408,1410,1.0,True,True,1,0,0,0,0,25.566113296425684,23.373052628868003,82.20298115566672,170.94246176536743,0.2035099795127908,0.8442730157269441,15,0.09148936170212765,0.06921494053365569,0.10148250791786183,-5.564969682956711,-31.81683157157079,4.209350038543835,5.681719510919581,529.4250769630556,30150563c1733e6a74d0287b752e8b4c6c359dcdfa85fb4963000b9254ea4f24,MEDIUM,False
A_A_SHOULDER_PAIR_DS_R,A,A_SHOULDER_PAIR,DS,R,4,5632,5634,1.0,True,True,1,0,0,0,0,16.501790859866166,14.899325146235277,47.14576150416812,48.82007724891866,0.18770079079020996,0.9099683633139651,236,0.03532126375576855,0.05797251386933006,0.0783740325301241,-5.794434801635795,-32.15332313892459,4.698190468958541,6.095581401927941,533.7455973268181,e08f051b50a18f00f5918c4ad146673a459956ec0646f6a4fca48807ecfea863,BROAD,False
A_A_SHOULDER_PAIR_DS_S,A,A_SHOULDER_PAIR,DS,S,0,24,22,1.0,True,True,1,0,0,0,0,,,,,,,,,,,0.0,0.0,0.0,0.0,0.0,5c70c20d94bf8982c90b158fe2701f99d33a54d6dc9de3641f408528f3c4822d,SOURCE,False
A_A_SHOULDER_PAIR_DS_S,A,A_SHOULDER_PAIR,DS,S,1,88,90,1.0,True,True,1,0,0,0,0,233.2194590475695,226.60377443690084,375.1197639333183,3431.0062628569635,0.15134381718574896,0.9573723426801265,1,0.23333333333333334,0.2101492571140965,0.3285165699958484,-6.244837651326796,-20.8813694721959,8.193982596654138,11.900277153814498,325.92832981101606,a1c6e1dcc85af2d222984fe6d277a79b867e11bebc3fcb2973d47956ef36088b,MEDIUM,False
A_A_SHOULDER_PAIR_DS_S,A,A_SHOULDER_PAIR,DS,S,2,352,354,1.0,True,True,1,0,0,0,0,51.75663979219974,46.8854828178022,110.70444151180733,738.59519860815,0.1985537092489644,0.8645503335625025,1,0.2033898305084746,0.11428904101489536,0.18039989679572146,-7.562085115797002,-27.562881606785115,10.166430170061558,13.791936136016258,438.2861877971868,5a23f361fe68b386af8c856faf0eaed928121c33370034280b2a620f8f318475,MEDIUM,False
A_A_SHOULDER_PAIR_DS_S,A,A_SHOULDER_PAIR,DS,S,3,1408,1410,1.0,True,True,1,0,0,0,0,27.394515165831443,24.946684618562735,82.85762008962173,183.01812679785354,0.19959371038597942,0.855514673796942,11,0.08439716312056737,0.06908516671784434,0.10157862468195747,-8.186557889820023,-29.22306580033386,10.931909547030493,14.631337393530885,463.6199260042007,1e9bdfc99b700a13023d01d74bdec8f24990e1bd00e66fc702ccb7d2d35f8883,MEDIUM,False
A_A_SHOULDER_PAIR_DS_S,A,A_SHOULDER_PAIR,DS,S,4,5632,5634,1.0,True,True,1,0,0,0,0,11.63637805982367,10.300955200612167,46.28570663178238,38.198089613531295,0.21689920990696757,0.8383894677240513,126,0.042598509052183174,0.042340934508588286,0.061982661267658175,-8.394735478152004,-29.603148229703358,10.995660468315283,14.71038496680026,468.9465461184665,861943609f6b14638050a168e95949fd84f0cbd443fccd83d9a1b41e52561dd6,MEDIUM,False
A_A_SHOULDER_PAIR_DS_U,A,A_SHOULDER_PAIR,DS,U,0,24,22,1.0,True,True,1,0,0,0,0,,,,,,,,,,,0.0,0.0,0.0,0.0,0.0,5c70c20d94bf8982c90b158fe2701f99d33a54d6dc9de3641f408528f3c4822d,SOURCE,True
A_A_SHOULDER_PAIR_DS_U,A,A_SHOULDER_PAIR,DS,U,1,88,90,1.0,True,True,1,0,0,0,0,373.4319744777462,375.1197639333183,379.73982842650105,27.17614013119113,0.10400027464592533,0.9998873242110221,3,0.1,0.20924569375500426,0.33012703261833926,-8.086776859504141,-17.850233100233094,18.272727272727284,20.88311688311688,246.51515151515153,4f58b66d990f3816316288d3bd453e146a831674f001cd2f3e0cc4de6e34b732,UNIFORM,True
A_A_SHOULDER_PAIR_DS_U,A,A_SHOULDER_PAIR,DS,U,2,352,354,1.0,True,True,1,0,0,0,0,91.1566708052353,104.34258772349537,132.25065245943406,1183.150373105048,0.14563083027057191,0.9408720118206257,3,0.07344632768361582,0.12311191006320685,0.1880922922244466,-10.003563269143257,-24.546384872486072,23.018596244476953,25.263919010885804,355.69394793689213,3bf1f67a93fb9a7c0df2f8c6135c8b1ee096f9a5e4502e3e0ebca3801316b364,UNIFORM,True
A_A_SHOULDER_PAIR_DS_U,A,A_SHOULDER_PAIR,DS,U,3,1408,1410,1.0,True,True,1,0,0,0,0,48.97965457733241,51.71964368733371,100.93110022734561,324.4341691201975,0.16908897600475706,0.931439309574935,41,0.010638297872340425,0.09178878189373524,0.12243929711653713,-11.038393191256157,-26.151310871879872,24.918968255159957,26.776944194183947,377.35315053807875,590f6d3a791a5ff425f612125c2aafc3f3d5b211885b0b53bb6828b098d21b3a,UNIFORM,True
A_A_SHOULDER_PAIR_DS_U,A,A_SHOULDER_PAIR,DS,U,4,5632,5634,1.0,True,True,1,0,0,0,0,21.032134843748214,18.826082491297953,56.86667494238485,79.81419992109758,0.18751215369706448,0.919080984330442,280,0.007099751508697196,0.06435600739756245,0.08889646876358442,-11.407723200255159,-26.500315103371708,25.19150287265819,27.233376395239684,380.9370783644701,cb09e4664cad409d2a968bfe0f63f5fea29ba47cdd3517b5a8f04339d683f6b2,UNIFORM,True
A_A_SHOULDER_PAIR_HYBRID_D,A,A_SHOULDER_PAIR,HYBRID,D,0,24,22,1.0,True,True,1,0,0,0,0,,,,,,,,,,,0.0,0.0,0.0,0.0,0.0,5c70c20d94bf8982c90b158fe2701f99d33a54d6dc9de3641f408528f3c4822d,SOURCE,False
A_A_SHOULDER_PAIR_HYBRID_D,A,A_SHOULDER_PAIR,HYBRID,D,1,90,88,1.0,True,True,1,8,0,0,0,193.55449445015734,182.72727272727252,552.1190047222515,15246.12883265301,0.2589024200366758,0.9293695229937821,2,0.11363636363636363,0.22206352689663428,0.34762640668823436,0.329511946789518,-23.554311312350386,9.136363636363631,12.181818181818183,492.0563421897632,a8e2c85e07afab1327dfd1992bf9ed82ff1cbe9a336bae9496f59efb13f72278,DISTANCE,False
A_A_SHOULDER_PAIR_HYBRID_D,A,A_SHOULDER_PAIR,HYBRID,D,2,354,352,1.0,True,True,1,40,0,0,0,87.77496911150102,40.88796185842082,387.75522962789466,7875.364321200304,0.3518591778296916,0.8978743928164672,3,0.19318181818181818,0.15702849842778493,0.20987788975445576,1.2137455416263876,-25.79296081805572,5.234001457606485,5.276089237819059,535.6449236474338,48ae76e8ee5f076d51fa8bacd9fe26b129d8f928a0faccceb30435e6d2bb6b2f,DISTANCE,False
A_A_SHOULDER_PAIR_HYBRID_D,A,A_SHOULDER_PAIR,HYBRID,D,3,1410,1408,1.0,True,True,1,76,0,12,0,40.220046208074315,13.539895742244326,326.16952105791034,3148.4085027166734,0.4414545759110677,0.7159498582703583,16,0.08522727272727272,0.1300033098820553,0.14996143111156088,1.7280737080355602,-26.082440211339552,4.5366819831114125,4.117289003410662,546.0093451535377,b1f959498618d93054604c78109beb1216c21070e2f5c984beb657097c672382,DISTANCE,False
A_A_SHOULDER_PAIR_HYBRID_D,A,A_SHOULDER_PAIR,HYBRID,D,4,5632,5634,1.0,True,True,1,0,0,0,0,18.679003014885268,15.519928295375816,92.40851795827659,150.59898250603626,0.2501476148977717,0.7630247804803939,54,0.17483138090166844,0.06703756685231498,0.0905352417313435,1.2524666473233026,-26.541056253837002,4.0316479528993865,3.812369204605548,549.3110086040724,71c49f7c75d73468993eca76407d8ab5f5a5bb5bdcde1369c8c501e5667b4221,DISTANCE,False
A_A_SHOULDER_PAIR_HYBRID_M,A,A_SHOULDER_PAIR,HYBRID,M,0,24,22,1.0,True,True,1,0,0,0,0,,,,,,,,,,,0.0,0.0,0.0,0.0,0.0,5c70c20d94bf8982c90b158fe2701f99d33a54d6dc9de3641f408528f3c4822d,SOURCE,False
A_A_SHOULDER_PAIR_HYBRID_M,A,A_SHOULDER_PAIR,HYBRID,M,1,90,88,1.0,True,True,1,8,0,0,0,192.2364285870362,138.97176910066204,427.4536588236431,17686.497742560616,0.21690425917345335,0.9784476170002016,2,0.11363636363636363,0.23249506896180716,0.3557981672773022,-1.227184442104956,-21.410367788452213,17.304933569211876,20.236483989726995,411.2801028291964,b28e482b9ec1fca1a08e41523373bd9d84a5432c655a26f838c513d361d7a1aa,BROAD,False
A_A_SHOULDER_PAIR_HYBRID_M,A,A_SHOULDER_PAIR,HYBRID,M,2,354,352,1.0,True,True,1,32,0,4,0,97.08252021792434,44.067644936834405,396.86514476387305,8402.012959782003,0.32782220131788387,0.915546790152306,9,0.1590909090909091,0.16393294704299394,0.21703252312274945,0.09110670191101455,-23.232395687890417,9.583755132198025,11.247175528105924,451.78994549772403,f70036ca5c0dbcbd2531ba9583066c6cfbbc590e2e3eb8276c57ace4fbc0a4b6,MEDIUM,False
A_A_SHOULDER_PAIR_HYBRID_M,A,A_SHOULDER_PAIR,HYBRID,M,3,1410,1408,1.0,True,True,1,76,0,12,0,41.44554158365549,15.110429136917817,332.9336131571709,3133.7375332505794,0.4262729411921885,0.7274538733348694,12,0.08380681818181818,0.12988701561292193,0.15211125489118024,0.7262002124611255,-23.49783254500131,8.058543022678899,9.88248247962118,462.5431787591775,080b2af3057b3df5ee43e2907886d10cc1ea0ceea05de29570a7738aa29ee717,MEDIUM,False
A_A_SHOULDER_PAIR_HYBRID_M,A,A_SHOULDER_PAIR,HYBRID,M,4,5632,5634,1.0,True,True,1,0,0,0,0,10.551573942065426,5.46045125354986,91.67392834504373,176.04758579194936,0.39781716453485666,0.4322651806586504,1,0.20056798012069577,0.06847758218717073,0.09243465901609865,0.34916176411059485,-24.01291279400852,7.730671881528761,9.30884123449125,467.1741829620271,6918046dc4392d57cb678f9a6b475cfcac40862ae57005de706fa9d3402df202,FINE,False
A_A_SHOULDER_PAIR_HYBRID_P,A,A_SHOULDER_PAIR,HYBRID,P,0,24,22,1.0,True,True,1,0,0,0,0,,,,,,,,,,,0.0,0.0,0.0,0.0,0.0,5c70c20d94bf8982c90b158fe2701f99d33a54d6dc9de3641f408528f3c4822d,SOURCE,False
A_A_SHOULDER_PAIR_HYBRID_P,A,A_SHOULDER_PAIR,HYBRID,P,1,90,88,1.0,True,True,1,8,0,0,0,191.0320554958226,163.87965193308276,543.3783071906137,14530.843311088134,0.25891594166712323,0.9316993182488655,2,0.11363636363636363,0.22040872166673364,0.34606608379870357,0.18956033402128813,-23.36156444405024,8.193982596654138,11.900277153814498,485.9150102968497,c22e3a3d4bb61f0682826dc5296c2a687cc24e4053d64e605b122315d23e8b0b,MEDIUM,False
A_A_SHOULDER_PAIR_HYBRID_P,A,A_SHOULDER_PAIR,HYBRID,P,2,354,352,1.0,True,True,1,20,0,0,0,69.38153334494528,42.250406359365066,387.4649960152125,4700.911368955994,0.34546642036576597,0.8286486357942033,13,0.13636363636363635,0.13110532763432908,0.19212410767874427,1.4764750027542073,-26.14638471262233,3.0208705286476123,3.5735573063121695,541.0394888552216,b4823106a2acd643f0656771b87bce9d94bec1cc12956943d33111133c5599cd,FINE,False
A_A_SHOULDER_PAIR_HYBRID_P,A,A_SHOULDER_PAIR,HYBRID,P,3,1410,1408,1.0,True,True,1,52,0,4,0,25.157254497038203,11.72371674339036,318.1341561887397,1801.0153152123175,0.4914385694636151,0.5327763841460316,11,0.19318181818181818,0.08531107326914704,0.11468503350926801,1.789120568093816,-26.639080224313293,1.9010467267698283,1.7003033187134253,553.9166117930578,3c69d69aea4af1b0dd0dd78309ae264f3a09d7ab8d3b01f5722d4563a42d4666,FINE,False
A_A_SHOULDER_PAIR_HYBRID_P,A,A_SHOULDER_PAIR,HYBRID,P,4,5632,5634,1.0,True,True,1,0,0,0,0,24.2579106145356,22.915573047817567,89.76157668957794,83.69711228848142,0.18087877785376608,0.9156370991059857,60,0.16719914802981894,0.04461287264227673,0.06470780243194012,1.2127193642500478,-26.971353833081224,2.384702642314407,1.983732105059599,554.3795417958115,14f45ad797f93808f70e6d1e61651dc2bac9559363f1a42ac7efd6b109fd36b2,BROAD,False
A_A_SHOULDER_PAIR_HYBRID_R,A,A_SHOULDER_PAIR,HYBRID,R,0,24,22,1.0,True,True,1,0,0,0,0,,,,,,,,,,,0.0,0.0,0.0,0.0,0.0,5c70c20d94bf8982c90b158fe2701f99d33a54d6dc9de3641f408528f3c4822d,SOURCE,False
A_A_SHOULDER_PAIR_HYBRID_R,A,A_SHOULDER_PAIR,HYBRID,R,1,90,88,1.0,True,True,1,4,0,0,0,195.5769272507398,129.4318181818182,621.4280646270917,22326.55186410646,0.291924448474955,0.8812166493696485,2,0.11363636363636363,0.2121331146389889,0.33937311688889404,2.381429350651576,-26.38029270536184,1.6314935064934977,3.1076066790352463,557.3679121615837,5b1b6b43a899e089a6ea38db9eae88c1ee6aacf0df60fe02a51b7eb0ce1b8de0,FINE,False
A_A_SHOULDER_PAIR_HYBRID_R,A,A_SHOULDER_PAIR,HYBRID,R,2,354,352,1.0,True,True,1,24,0,0,0,75.14130174149143,38.696511663514826,384.3207005419606,6525.062476444456,0.3776175377769575,0.8644265548598097,1,0.20454545454545456,0.13997362961937984,0.19715194367864106,2.5279091905051843,-28.669345888282294,0.5716564637944899,-1.32252725283164,601.9830810831397,64b6f3f0b7df25efb7ccd4ddd641371dcb0be0fffa95a4cd9f7ebf93d572b11c,MEDIUM,False
A_A_SHOULDER_PAIR_HYBRID_R,A,A_SHOULDER_PAIR,HYBRID,R,3,1410,1408,1.0,True,True,1,76,0,8,0,35.540080672764034,12.352318536853838,326.01308554844417,2690.6749291937863,0.45462785700437364,0.6785359581259739,12,0.08664772727272728,0.11396673144245392,0.13578452086959292,2.971364636070817,-28.95167888123963,0.06528085907564485,-2.299512284284899,610.8954476926995,45f9d4940d6db4411d3c95f118cf3e1ccf9db332aaf46b748d61205c8ccf1024,MEDIUM,False
A_A_SHOULDER_PAIR_HYBRID_R,A,A_SHOULDER_PAIR,HYBRID,R,4,5632,5634,1.0,True,True,1,0,0,0,0,24.836500673912962,22.04577382834446,93.97951774994618,119.99921808543877,0.20131224444670268,0.8967279662155554,83,0.15157969471068514,0.06130870417184817,0.08222639503910134,2.4408942375127696,-29.375318602484025,0.32147174252161737,-2.0549229178348116,612.7692530387931,56f64d7ac010359601320c84256b4e43ec1c95623f3a3ad52537e8544d128797,BROAD,False
A_A_SHOULDER_PAIR_HYBRID_S,A,A_SHOULDER_PAIR,HYBRID,S,0,24,22,1.0,True,True,1,0,0,0,0,,,,,,,,,,,0.0,0.0,0.0,0.0,0.0,5c70c20d94bf8982c90b158fe2701f99d33a54d6dc9de3641f408528f3c4822d,SOURCE,False
A_A_SHOULDER_PAIR_HYBRID_S,A,A_SHOULDER_PAIR,HYBRID,S,1,90,88,1.0,True,True,1,8,0,0,0,191.0320554958226,163.87965193308276,543.3783071906137,14530.843311088134,0.25891594166712323,0.9316993182488655,2,0.11363636363636363,0.22040872166673364,0.34606608379870357,0.18956033402128813,-23.36156444405024,8.193982596654138,11.900277153814498,485.9150102968497,c22e3a3d4bb61f0682826dc5296c2a687cc24e4053d64e605b122315d23e8b0b,MEDIUM,False
A_A_SHOULDER_PAIR_HYBRID_S,A,A_SHOULDER_PAIR,HYBRID,S,2,354,352,1.0,True,True,1,32,0,0,0,84.51564672062172,39.275113701122145,387.4649960152125,7296.134013926558,0.35507648614035225,0.887899886578912,5,0.19318181818181818,0.14989484857414273,0.20514776442231716,1.0941650175934958,-25.574932112795935,3.791913689327542,4.94354738199787,528.3663123473856,434d6f30423cf6b16f2a3484df6512f0f2a5bbb33c8beb5d80f068b0c8492276,MEDIUM,False
A_A_SHOULDER_PAIR_HYBRID_S,A,A_SHOULDER_PAIR,HYBRID,S,3,1410,1408,1.0,True,True,1,72,0,12,0,38.14515958642046,13.019132719416456,329.46256996057707,2890.6795360834844,0.4426154315562961,0.7002354661922232,12,0.08522727272727272,0.12101649622382614,0.14253869116887424,1.6119280732282526,-25.860812932551113,3.413978237875881,3.8595663752281295,538.046909981636,c8e5f47675257ad4418b9788843cdcb2623510b91c99e5f22881ea5db206fd8e,MEDIUM,False
A_A_SHOULDER_PAIR_HYBRID_S,A,A_SHOULDER_PAIR,HYBRID,S,4,5632,5634,1.0,True,True,1,0,0,0,0,17.691814127114974,14.390706756279698,93.30742733719991,143.7274103089957,0.25536001229956296,0.747956691559894,45,0.17855875044373448,0.06253570713769649,0.08517618529950563,1.1268424127944598,-26.331909125449915,3.163572645105339,3.7172638407110936,541.2859105374597,a4dbaa1ee2c401acd474e54e39a051c4f28bb30966be0493d7829ab41ac1a491,MEDIUM,False
A_A_SHOULDER_PAIR_HYBRID_U,A,A_SHOULDER_PAIR,HYBRID,U,0,24,22,1.0,True,True,1,0,0,0,0,,,,,,,,,,,0.0,0.0,0.0,0.0,0.0,5c70c20d94bf8982c90b158fe2701f99d33a54d6dc9de3641f408528f3c4822d,SOURCE,True
A_A_SHOULDER_PAIR_HYBRID_U,A,A_SHOULDER_PAIR,HYBRID,U,1,90,88,1.0,True,True,1,8,0,0,0,193.32883373222646,135.57038594220265,417.76226518818504,18749.03826433493,0.2130826987243252,0.9807549174923119,2,0.13636363636363635,0.23396205781701127,0.3569938721989175,-1.2664238117698123,-21.35632578445257,18.272727272727284,20.88311688311688,406.3349066017486,ae5a857efb6df290804fd4fc7fb359905b37907af5ea77021ef18bbb70bf0ea5,UNIFORM,True
A_A_SHOULDER_PAIR_HYBRID_U,A,A_SHOULDER_PAIR,HYBRID,U,2,354,352,1.0,True,True,1,100,0,8,0,130.61190218833062,35.84860370800099,456.8378950958456,20005.377562537986,0.327739554515571,0.9700680749007417,12,0.022727272727272728,0.23190907198362487,0.26553987229737425,-0.2523161026624199,-22.74525077826599,15.980484050440369,16.254575760710587,431.50386566092885,4d905fce7b8f671d695f2dd97e5886980335b967390ca93bbf4d51e27fe1bd83,UNIFORM,True
A_A_SHOULDER_PAIR_HYBRID_U,A,A_SHOULDER_PAIR,HYBRID,U,3,1410,1408,1.0,True,True,1,352,0,44,0,74.74322382388196,14.424739751266284,388.4202167743601,9330.91594536205,0.41140226252883655,0.8713218409884022,12,0.07244318181818182,0.2609323102622171,0.2592656130167223,0.5683559709992236,-22.7385398530633,15.315698305123583,16.296536071428804,435.6399875303591,e12319be94fd8cd7ffc3acc6ef2d5a7286baef8153687c068e7858330c200c36,UNIFORM,True
A_A_SHOULDER_PAIR_HYBRID_U,A,A_SHOULDER_PAIR,HYBRID,U,4,5632,5634,1.0,True,True,1,44,0,38,3,36.55968959013522,32.558992247242024,112.84298001865128,300.83369397615587,0.212762820704715,0.9007235667680838,76,0.06443024494142705,0.14149516444682017,0.17503814507099377,-0.09051010157881123,-23.261073813727318,13.254656198616189,14.271520289368024,440.47978496350356,e6d3469f741f58a40425288156f1f2fd7435880b613f1ac29936a9d92771de26,UNIFORM,True
A_B_FOUR_CORNER_FRAME_CC_M,A,B_FOUR_CORNER_FRAME,CC,M,0,24,22,1.0,True,True,1,0,0,0,0,,,,,,,,,,,0.0,0.0,0.0,0.0,0.0,5c70c20d94bf8982c90b158fe2701f99d33a54d6dc9de3641f408528f3c4822d,SOURCE,False
A_B_FOUR_CORNER_FRAME_CC_M,A,B_FOUR_CORNER_FRAME,CC,M,1,90,88,1.0,True,True,1,8,0,0,0,186.30877988808513,142.57868742376192,419.704436597459,16189.898443789456,0.22146654124886664,0.9740958437593863,2,0.11363636363636363,0.2289009507978485,0.3532206849908306,-1.2011353419388415,-21.31777754921138,17.36455691837946,18.95797889245383,407.1872336979151,215b3dcea41d4464559097762763020050888bbf9d6ab12472c7497fd3b7aeb7,BROAD,False
A_B_FOUR_CORNER_FRAME_CC_M,A,B_FOUR_CORNER_FRAME,CC,M,2,354,352,1.0,True,True,1,64,0,0,0,103.45144900105677,38.223332741983015,398.0787810988736,12124.41189122632,0.3558876551045988,0.9172230189092738,6,0.08522727272727272,0.1730794096397632,0.2230293109934963,-0.27313640573478626,-22.821571630329363,12.731024252924094,11.670088928626976,433.31305329044756,a51bb516bac180b46d203563182a65d2b4560fcf920a0ce8715e81cc4d4a182c,MEDIUM,False
A_B_FOUR_CORNER_FRAME_CC_M,A,B_FOUR_CORNER_FRAME,CC,M,3,1410,1408,1.0,True,True,1,144,0,12,0,50.20176042607358,12.598112733115412,326.19775896863956,4966.375184675614,0.45307951618021347,0.7554796884462236,12,0.052556818181818184,0.15960621909901654,0.1743005853833337,0.43171611283130407,-22.89785248097902,12.380088623078755,11.313691467798549,437.3102185393417,50e33a49c0a1e49309224713174e15c7af19bd68f74f43a55d295ba12a4e858f,MEDIUM,False
A_B_FOUR_CORNER_FRAME_CC_M,A,B_FOUR_CORNER_FRAME,CC,M,4,5634,5632,1.0,True,True,1,80,0,0,0,17.338683737188124,8.076295713148498,144.61291512388792,536.6397095474138,0.43306719241052505,0.6312913859497534,34,0.041193181818181816,0.09400472505824355,0.11700696010883022,0.5464182136639018,-23.134162108064448,10.90451594676205,10.223957963651031,441.68934542589307,ee13e002383577b5a4d85eb877ccf9710a88a39b4da46c82ad853db128710c32,FINE,False
A_B_FOUR_CORNER_FRAME_CC_P,A,B_FOUR_CORNER_FRAME,CC,P,0,24,22,1.0,True,True,1,0,0,0,0,,,,,,,,,,,0.0,0.0,0.0,0.0,0.0,5c70c20d94bf8982c90b158fe2701f99d33a54d6dc9de3641f408528f3c4822d,SOURCE,False
A_B_FOUR_CORNER_FRAME_CC_P,A,B_FOUR_CORNER_FRAME,CC,P,1,90,88,1.0,True,True,1,8,0,0,0,180.6472041407315,156.31986320155693,425.669478740365,13343.90233359594,0.2295326336841723,0.9636673965581986,2,0.11363636363636363,0.2212672793683105,0.34716070841377905,-1.1987618934835687,-21.316376195348674,15.482278978028274,15.33109808103732,409.7984144246869,496db333d6268da535b1a43d20c11600f536bf4f17cb74595cb94077538deb61,MEDIUM,False
A_B_FOUR_CORNER_FRAME_CC_P,A,B_FOUR_CORNER_FRAME,CC,P,2,354,352,1.0,True,True,1,32,0,0,0,82.96947939712598,41.767105797352215,379.35414535613967,7295.17600166546,0.35959638054088794,0.8537136093166505,15,0.07954545454545454,0.14342479307822548,0.20064815233733202,0.23460709413891667,-23.510024886728853,10.175430019758291,8.192140201436683,444.9619036592999,9f9126d61767a74ea06bb3dd5ec83ab88bd15553fecc05974cc8638c4f2096ae,FINE,False
A_B_FOUR_CORNER_FRAME_CC_P,A,B_FOUR_CORNER_FRAME,CC,P,3,1410,1408,1.0,True,True,1,68,0,20,0,35.374755141441604,12.231704132565893,314.4344299110009,2826.8663979130497,0.47458097170153574,0.6431338648926029,12,0.05823863636363636,0.10794936421777798,0.13222053045847507,0.711423126177757,-23.829359859760103,9.648373599279303,7.188716516930205,452.7772443472602,725421cbd02c2081829fa987db93d7de4b653978546582bcbabf45e08a4873df,FINE,False
A_B_FOUR_CORNER_FRAME_CC_P,A,B_FOUR_CORNER_FRAME,CC,P,4,5634,5632,1.0,True,True,1,60,0,0,0,15.277018259318504,3.9808670551984813,137.6867842424546,492.81917907687483,0.4565764805529697,0.6566986808152376,55,0.04616477272727273,0.08036926418912169,0.09619355703199156,0.7749412229494101,-23.906219738714885,8.702861311655363,6.905849399513553,454.83352836070515,47e2ce7587aa70d05cfcbcfd05f0bc207eb4d76df46a5e5712d4a2feb04defee,BROAD,False
A_B_FOUR_CORNER_FRAME_CC_R,A,B_FOUR_CORNER_FRAME,CC,R,0,24,22,1.0,True,True,1,0,0,0,0,,,,,,,,,,,0.0,0.0,0.0,0.0,0.0,5c70c20d94bf8982c90b158fe2701f99d33a54d6dc9de3641f408528f3c4822d,SOURCE,False
A_B_FOUR_CORNER_FRAME_CC_R,A,B_FOUR_CORNER_FRAME,CC,R,1,90,88,1.0,True,True,1,8,0,0,0,183.72037190738848,140.3084415584416,522.7609603602123,13582.052068418288,0.2518828290222989,0.9350677341120736,2,0.11363636363636363,0.2153083730141211,0.34218657665976,1.2414752373948845,-24.810303042577697,11.964285714285715,9.32282003710576,455.3185840806141,acc835f066420ba79294ac967d3e118c517c94d81c77db432fa6ed0016554b9c,FINE,False
A_B_FOUR_CORNER_FRAME_CC_R,A,B_FOUR_CORNER_FRAME,CC,R,2,354,352,1.0,True,True,1,60,0,0,0,89.07766643552314,31.31890382086272,388.96246334561107,10597.801960361214,0.38645512975820123,0.8773577863924782,3,0.19318181818181818,0.15672745104875016,0.20909533667240943,1.378139392147859,-26.018127801255453,9.258115188056749,5.239279998428703,483.95819602935023,ca40c7e5e14ea4a7e74c6308b2612043f0564540b6ba21365505a37ec529ed1e,MEDIUM,False
A_B_FOUR_CORNER_FRAME_CC_R,A,B_FOUR_CORNER_FRAME,CC,R,3,1410,1408,1.0,True,True,1,132,0,16,0,45.95603280849509,10.865507984296197,314.19256590567824,4416.824098315102,0.46686960346575823,0.7337781425054148,12,0.048295454545454544,0.14927771089744146,0.16348326425206353,2.0255601145956703,-26.118451257433716,8.946327227256834,5.392703473597771,487.3556593946547,5710c9ffc57966317a422415b7b8452a4a3bbe645d613f3d390896065d46a5b4,MEDIUM,False
A_B_FOUR_CORNER_FRAME_CC_R,A,B_FOUR_CORNER_FRAME,CC,R,4,5634,5632,1.0,True,True,1,92,0,4,0,18.37309600827471,5.548730463878868,141.11191835127104,669.1478521182114,0.449665094762282,0.6796428961397224,42,0.04971590909090909,0.11179343949950186,0.1280396932018697,2.1353726245414206,-26.20064769692415,7.654347511819992,4.619496930869738,489.2513841672534,181d907407505320a9a27c4254da1697d44a4a79756faa149219c9fb54ad892d,BROAD,False
A_B_FOUR_CORNER_FRAME_CC_S,A,B_FOUR_CORNER_FRAME,CC,S,0,24,22,1.0,True,True,1,0,0,0,0,,,,,,,,,,,0.0,0.0,0.0,0.0,0.0,5c70c20d94bf8982c90b158fe2701f99d33a54d6dc9de3641f408528f3c4822d,SOURCE,False
A_B_FOUR_CORNER_FRAME_CC_S,A,B_FOUR_CORNER_FRAME,CC,S,1,90,88,1.0,True,True,1,8,0,0,0,180.6472041407315,156.31986320155693,425.669478740365,13343.90233359594,0.2295326336841723,0.9636673965581986,2,0.11363636363636363,0.2212672793683105,0.34716070841377905,-1.1987618934835687,-21.316376195348674,15.482278978028274,15.33109808103732,409.7984144246869,496db333d6268da535b1a43d20c11600f536bf4f17cb74595cb94077538deb61,MEDIUM,False
A_B_FOUR_CORNER_FRAME_CC_S,A,B_FOUR_CORNER_FRAME,CC,S,2,354,352,1.0,True,True,1,64,0,0,0,97.27088523758964,33.973816490643635,396.2319523308902,11670.473014529762,0.372616495702229,0.8946310808959916,3,0.18181818181818182,0.164925364034255,0.2158026120664991,-0.2778617182312204,-22.870287766755425,11.467559567472208,9.469392859839608,436.36687134663623,7c46b72febb54cf05d86971c769ffe8b7b017f7522a5805496e1f779a382bf8c,MEDIUM,False
A_B_FOUR_CORNER_FRAME_CC_S,A,B_FOUR_CORNER_FRAME,CC,S,3,1410,1408,1.0,True,True,1,140,0,12,0,48.591757553179654,11.77618465239043,325.50710308932634,4837.239839935772,0.46231558711496457,0.7419830451841901,9,0.052556818181818184,0.15422383061395287,0.16844039169464298,0.3628745215928264,-22.959328006695713,11.141560976178289,9.429790309950237,440.0262877795833,3229a7697b3e6d3c15d90189c778b6499bd07b1ac0f94591686ed33e9d435b8b,MEDIUM,False
A_B_FOUR_CORNER_FRAME_CC_S,A,B_FOUR_CORNER_FRAME,CC,S,4,5634,5632,1.0,True,True,1,88,0,4,0,18.200580713678125,7.012396834027313,156.73720805908502,667.330351115783,0.45772587204587706,0.6467800418349167,32,0.045454545454545456,0.1040115614707641,0.12364970565533039,0.47301913255841654,-23.045091743684676,9.757860296550591,8.523911853766952,442.108180972441,d8b30b6890ffe517c0dfd9259ba4f5a4ed607a826870e3163dc494bc045d96c2,MEDIUM,False
A_B_FOUR_CORNER_FRAME_CC_U,A,B_FOUR_CORNER_FRAME,CC,U,0,24,22,1.0,True,True,1,0,0,0,0,,,,,,,,,,,0.0,0.0,0.0,0.0,0.0,5c70c20d94bf8982c90b158fe2701f99d33a54d6dc9de3641f408528f3c4822d,SOURCE,True
A_B_FOUR_CORNER_FRAME_CC_U,A,B_FOUR_CORNER_FRAME,CC,U,1,90,88,1.0,True,True,1,8,0,0,0,193.32883373222646,135.57038594220265,417.76226518818504,18749.03826433493,0.2130826987243252,0.9807549174923119,2,0.13636363636363635,0.23396205781701127,0.3569938721989175,-1.2664238117698123,-21.35632578445257,18.272727272727284,20.88311688311688,406.3349066017486,ae5a857efb6df290804fd4fc7fb359905b37907af5ea77021ef18bbb70bf0ea5,UNIFORM,True
A_B_FOUR_CORNER_FRAME_CC_U,A,B_FOUR_CORNER_FRAME,CC,U,2,354,352,1.0,True,True,1,100,0,8,0,130.61190218833062,35.84860370800099,456.8378950958456,20005.377562537986,0.327739554515571,0.9700680749007417,12,0.022727272727272728,0.23190907198362487,0.26553987229737425,-0.2523161026624199,-22.74525077826599,15.980484050440369,16.254575760710587,431.50386566092885,4d905fce7b8f671d695f2dd97e5886980335b967390ca93bbf4d51e27fe1bd83,UNIFORM,True
A_B_FOUR_CORNER_FRAME_CC_U,A,B_FOUR_CORNER_FRAME,CC,U,3,1410,1408,1.0,True,True,1,352,0,44,0,74.74322382388196,14.424739751266284,388.4202167743601,9330.91594536205,0.41140226252883655,0.8713218409884022,12,0.07244318181818182,0.2609323102622171,0.2592656130167223,0.5683559709992236,-22.7385398530633,15.315698305123583,16.296536071428804,435.6399875303591,e12319be94fd8cd7ffc3acc6ef2d5a7286baef8153687c068e7858330c200c36,UNIFORM,True
A_B_FOUR_CORNER_FRAME_CC_U,A,B_FOUR_CORNER_FRAME,CC,U,4,5634,5632,1.0,True,True,1,364,0,20,0,28.990514171286662,6.243144780427015,182.52284844666764,1400.9219956960806,0.40793355455039204,0.7748604681376837,24,0.07244318181818182,0.18963338848829991,0.2152996277623145,0.7497671565730668,-22.777129071962566,13.455989113175914,14.506137859861035,437.82063072725134,0497f0e8d820d82609442beb68ea432178d0e5c200c5ba76dfc5b2b10fb70587,UNIFORM,True
A_B_FOUR_CORNER_FRAME_DS_M,A,B_FOUR_CORNER_FRAME,DS,M,0,24,22,1.0,True,True,1,0,0,0,0,,,,,,,,,,,0.0,0.0,0.0,0.0,0.0,5c70c20d94bf8982c90b158fe2701f99d33a54d6dc9de3641f408528f3c4822d,SOURCE,False
A_B_FOUR_CORNER_FRAME_DS_M,A,B_FOUR_CORNER_FRAME,DS,M,1,88,90,1.0,True,True,1,0,0,0,0,339.084606040895,336.8583586524038,365.6613332136583,555.8927525554765,0.11023376413443375,0.9958786957138334,2,0.12222222222222222,0.20998883090814988,0.3304020430703257,-7.819160864894714,-17.753995390328715,17.36455691837946,18.95797889245383,249.99569051805793,d84b6fcd17a12ac5c34ea69d3774fb58b52b68f7d032cfc151feee8a0378d7a6,BROAD,False
A_B_FOUR_CORNER_FRAME_DS_M,A,B_FOUR_CORNER_FRAME,DS,M,2,352,354,1.0,True,True,1,0,0,0,0,67.89180657482946,64.50492093547743,122.1084718811735,1180.0351298144417,0.1792320550813969,0.8618119110453845,3,0.09322033898305085,0.11639867593817206,0.18269400689636467,-9.564352402743237,-24.379702234359268,20.36822134010745,21.81719015084278,359.4162720172776,75db30103f6f97b4c653f18c166e74989bf97928f1a4a0de95eff8bf91c3076e,MEDIUM,False
A_B_FOUR_CORNER_FRAME_DS_M,A,B_FOUR_CORNER_FRAME,DS,M,3,1408,1410,1.0,True,True,1,0,0,0,0,36.11931921620084,32.69010636488953,93.69503593636894,327.93166002431843,0.20083868609584624,0.8467128821263804,6,0.08226950354609928,0.07579728542641821,0.10750624647506378,-10.500919237446704,-25.945915734926693,21.95333079947357,22.71302803786137,381.8463872990747,3d08b3f31daa0d536b9bf5b7ad4d552236c43b37ab6f5559a3960a4ff2c50293,MEDIUM,False
A_B_FOUR_CORNER_FRAME_DS_M,A,B_FOUR_CORNER_FRAME,DS,M,4,5632,5634,1.0,True,True,1,0,0,0,0,10.910354764432926,9.95016693282263,43.006542059166314,59.81058510854671,0.2461236152961497,0.7202052771815216,110,0.025559105431309903,0.043376028144489716,0.06410215406893129,-10.744205562657394,-26.32076514882079,21.949431631078188,22.787597074259303,386.60832881328906,794dfde7c4be2cd7519a83ec56ffcc05532c2a16c6433408be2634a16ea60e43,FINE,False
A_B_FOUR_CORNER_FRAME_DS_P,A,B_FOUR_CORNER_FRAME,DS,P,0,24,22,1.0,True,True,1,0,0,0,0,,,,,,,,,,,0.0,0.0,0.0,0.0,0.0,5c70c20d94bf8982c90b158fe2701f99d33a54d6dc9de3641f408528f3c4822d,SOURCE,False
A_B_FOUR_CORNER_FRAME_DS_P,A,B_FOUR_CORNER_FRAME,DS,P,1,88,90,1.0,True,True,1,0,0,0,0,280.1689405270634,292.85950472518584,363.4901269870915,5079.926300530425,0.13254929773114862,0.9481061020348363,2,0.1111111111111111,0.212466489034908,0.33070935112830485,-7.8095966073107315,-17.818738090412023,15.482278978028274,15.33109808103732,255.24468136718065,f283bfe7a35ae78ac1f253a99ea7807cf155d7f31c58999ed50358488f3fee9f,MEDIUM,False
A_B_FOUR_CORNER_FRAME_DS_P,A,B_FOUR_CORNER_FRAME,DS,P,2,352,354,1.0,True,True,1,0,0,0,0,46.047427314958234,39.02895694808035,110.96783035723166,1046.5038343687231,0.21272704158717293,0.7397289553131232,1,0.2033898305084746,0.11280259601497261,0.1794776887963806,-8.994436219758573,-24.615458358751717,17.288815158632097,16.73878861137792,368.6736595964888,80b8378701dbc5a072212a8ff5c979ce5bd49b7de67ab0409f35fa60870a395a,FINE,False
A_B_FOUR_CORNER_FRAME_DS_P,A,B_FOUR_CORNER_FRAME,DS,P,3,1408,1410,1.0,True,True,1,0,0,0,0,24.422421538750914,21.660294385331717,76.00775854948942,278.51399930265984,0.22757121103809572,0.7267546601010565,11,0.08297872340425531,0.06545892201390831,0.09841680289248944,-9.618691704141957,-26.277274556144203,18.08664901894761,17.212383928652674,393.64895623962235,b2b949b429c3e12fe3c849ba2aec31e7e05c8c76fe6632776a57338c73d2d5e9,FINE,False
A_B_FOUR_CORNER_FRAME_DS_P,A,B_FOUR_CORNER_FRAME,DS,P,4,5632,5634,1.0,True,True,1,0,0,0,0,17.280215343631923,15.56429345214453,47.13275114941865,56.85758672834618,0.19157081615986438,0.9000071077413963,176,0.0635427760028399,0.05261524819459717,0.07171575428958023,-9.923661922381443,-26.616485965340853,18.627243924302018,17.661590533400684,397.9517672457706,dd0f226388106a91777f5ba68916f4d9c531c104be0941e5c718b6769419ad34,BROAD,False
A_B_FOUR_CORNER_FRAME_DS_R,A,B_FOUR_CORNER_FRAME,DS,R,0,24,22,1.0,True,True,1,0,0,0,0,,,,,,,,,,,0.0,0.0,0.0,0.0,0.0,5c70c20d94bf8982c90b158fe2701f99d33a54d6dc9de3641f408528f3c4822d,SOURCE,False
A_B_FOUR_CORNER_FRAME_DS_R,A,B_FOUR_CORNER_FRAME,DS,R,1,88,90,1.0,True,True,1,0,0,0,0,194.82269319893678,234.81486631404994,375.1197639333183,8913.393413346594,0.16903878153635332,0.8428218445418839,1,0.23333333333333334,0.21373392201482735,0.33023329721797023,-5.490963818378569,-20.05327745171496,11.964285714285715,9.32282003710576,301.0524891774892,8635d66397dea1899bd5254dcd57661b2abca17652bfb1857f6d3997ad9ee902,FINE,False
A_B_FOUR_CORNER_FRAME_DS_R,A,B_FOUR_CORNER_FRAME,DS,R,2,352,354,1.0,True,True,1,0,0,0,0,62.29099862659904,58.633831554701246,116.9624070923904,1071.6973724598802,0.18466313394942552,0.8503015693754158,3,0.09322033898305085,0.11599082346494902,0.1819428783917963,-7.031928936483345,-26.541832255737642,14.160585892126498,11.701278498288016,409.0997048701756,d636301b7a432934877a88dd14d42d302d5f6a34ed6d938e322b861eb35021cf,MEDIUM,False
A_B_FOUR_CORNER_FRAME_DS_R,A,B_FOUR_CORNER_FRAME,DS,R,3,1408,1410,1.0,True,True,1,0,0,0,0,33.2771289095033,30.138686283839185,88.82188674380689,297.4832949963736,0.203334408117132,0.8359757047202875,7,0.08156028368794327,0.07586818842455417,0.10738296312354823,-7.846531308601579,-28.056663527570926,15.484191481726196,12.568136634191319,431.7347395404207,5b1f3c47a66bc5f213de076c10067a913d750e6e5dc3f4d60148fe61e6537840,MEDIUM,False
A_B_FOUR_CORNER_FRAME_DS_R,A,B_FOUR_CORNER_FRAME,DS,R,4,5632,5634,1.0,True,True,1,0,0,0,0,16.818882835545306,15.12683276046247,49.44684322886818,59.788675659872276,0.19657312444054784,0.8916472489449095,166,0.06620518281860135,0.05663727296516463,0.07813007106030334,-8.13772644262304,-28.37895481570475,15.955630585925151,12.98507893362062,435.86964448480467,c8c420610df8898a2ed59b7fa4a4d3dac005f35cddf5c277cfecb2e932c543c8,BROAD,False
A_B_FOUR_CORNER_FRAME_DS_S,A,B_FOUR_CORNER_FRAME,DS,S,0,24,22,1.0,True,True,1,0,0,0,0,,,,,,,,,,,0.0,0.0,0.0,0.0,0.0,5c70c20d94bf8982c90b158fe2701f99d33a54d6dc9de3641f408528f3c4822d,SOURCE,False
A_B_FOUR_CORNER_FRAME_DS_S,A,B_FOUR_CORNER_FRAME,DS,S,1,88,90,1.0,True,True,1,0,0,0,0,280.1689405270634,292.85950472518584,363.4901269870915,5079.926300530425,0.13254929773114862,0.9481061020348363,2,0.1111111111111111,0.212466489034908,0.33070935112830485,-7.8095966073107315,-17.818738090412023,15.482278978028274,15.33109808103732,255.24468136718065,f283bfe7a35ae78ac1f253a99ea7807cf155d7f31c58999ed50358488f3fee9f,MEDIUM,False
A_B_FOUR_CORNER_FRAME_DS_S,A,B_FOUR_CORNER_FRAME,DS,S,2,352,354,1.0,True,True,1,0,0,0,0,65.85831678590839,63.75861908747973,121.20412771698214,1156.6327106747653,0.18210247504001423,0.8548239706483697,3,0.09322033898305085,0.11620938762259456,0.18232542107181596,-9.447825111153051,-24.420938374136625,17.820011275629067,17.94432222978053,364.9434385186571,1d23a4b3d2acbdacd4187f8c9dc7f1f219b807bf70635b87cfeea933c2c22191,MEDIUM,False
A_B_FOUR_CORNER_FRAME_DS_S,A,B_FOUR_CORNER_FRAME,DS,S,3,1408,1410,1.0,True,True,1,0,0,0,0,35.100607527717884,31.73467454167726,93.46639689886618,325.6511888717957,0.2037009381645967,0.8383757962090618,6,0.08226950354609928,0.07560682792578177,0.10726219297273984,-10.326142839984643,-25.969266907316,19.398272945795725,18.845872457917224,387.65600744896904,ac2f874b23773f3dd947729c16e55564212367462e119a77c3f2fba60a90ccac,MEDIUM,False
A_B_FOUR_CORNER_FRAME_DS_S,A,B_FOUR_CORNER_FRAME,DS,S,4,5632,5634,1.0,True,True,1,0,0,0,0,14.993997923409058,13.221469273158743,51.59015043496118,70.65575777186412,0.21940505951605296,0.8223418200961571,112,0.07294994675186368,0.04886252468164238,0.06983421930678482,-10.638416535820605,-26.297384108810075,19.701487198402702,19.08262635091711,391.77309867263193,c72e2adbe79187ac4f06f41e4f06841a9635cb1d21634e01e2f65367aac4e9f9,MEDIUM,False
A_B_FOUR_CORNER_FRAME_DS_U,A,B_FOUR_CORNER_FRAME,DS,U,0,24,22,1.0,True,True,1,0,0,0,0,,,,,,,,,,,0.0,0.0,0.0,0.0,0.0,5c70c20d94bf8982c90b158fe2701f99d33a54d6dc9de3641f408528f3c4822d,SOURCE,True
A_B_FOUR_CORNER_FRAME_DS_U,A,B_FOUR_CORNER_FRAME,DS,U,1,88,90,1.0,True,True,1,0,0,0,0,373.4319744777462,375.1197639333183,379.73982842650105,27.17614013119113,0.10400027464592533,0.9998873242110221,3,0.1,0.20924569375500426,0.33012703261833926,-8.086776859504141,-17.850233100233094,18.272727272727284,20.88311688311688,246.51515151515153,4f58b66d990f3816316288d3bd453e146a831674f001cd2f3e0cc4de6e34b732,UNIFORM,True
A_B_FOUR_CORNER_FRAME_DS_U,A,B_FOUR_CORNER_FRAME,DS,U,2,352,354,1.0,True,True,1,0,0,0,0,91.1566708052353,104.34258772349537,132.25065245943406,1183.150373105048,0.14563083027057191,0.9408720118206257,3,0.07344632768361582,0.12311191006320685,0.1880922922244466,-10.003563269143257,-24.546384872486072,23.018596244476953,25.263919010885804,355.69394793689213,3bf1f67a93fb9a7c0df2f8c6135c8b1ee096f9a5e4502e3e0ebca3801316b364,UNIFORM,True
A_B_FOUR_CORNER_FRAME_DS_U,A,B_FOUR_CORNER_FRAME,DS,U,3,1408,1410,1.0,True,True,1,0,0,0,0,48.97965457733241,51.71964368733371,100.93110022734561,324.4341691201975,0.16908897600475706,0.931439309574935,41,0.010638297872340425,0.09178878189373524,0.12243929711653713,-11.038393191256157,-26.151310871879872,24.918968255159957,26.776944194183947,377.35315053807875,590f6d3a791a5ff425f612125c2aafc3f3d5b211885b0b53bb6828b098d21b3a,UNIFORM,True
A_B_FOUR_CORNER_FRAME_DS_U,A,B_FOUR_CORNER_FRAME,DS,U,4,5632,5634,1.0,True,True,1,0,0,0,0,21.032134843748214,18.826082491297953,56.86667494238485,79.81419992109758,0.18751215369706448,0.919080984330442,280,0.007099751508697196,0.06435600739756245,0.08889646876358442,-11.407723200255159,-26.500315103371708,25.19150287265819,27.233376395239684,380.9370783644701,cb09e4664cad409d2a968bfe0f63f5fea29ba47cdd3517b5a8f04339d683f6b2,UNIFORM,True
A_B_FOUR_CORNER_FRAME_HYBRID_M,A,B_FOUR_CORNER_FRAME,HYBRID,M,0,24,22,1.0,True,True,1,0,0,0,0,,,,,,,,,,,0.0,0.0,0.0,0.0,0.0,5c70c20d94bf8982c90b158fe2701f99d33a54d6dc9de3641f408528f3c4822d,SOURCE,False
A_B_FOUR_CORNER_FRAME_HYBRID_M,A,B_FOUR_CORNER_FRAME,HYBRID,M,1,90,88,1.0,True,True,1,8,0,0,0,186.30877988808513,142.57868742376192,419.704436597459,16189.898443789456,0.22146654124886664,0.9740958437593863,2,0.11363636363636363,0.2289009507978485,0.3532206849908306,-1.2011353419388415,-21.31777754921138,17.36455691837946,18.95797889245383,407.1872336979151,215b3dcea41d4464559097762763020050888bbf9d6ab12472c7497fd3b7aeb7,BROAD,False
A_B_FOUR_CORNER_FRAME_HYBRID_M,A,B_FOUR_CORNER_FRAME,HYBRID,M,2,354,352,1.0,True,True,1,64,0,0,0,103.45144900105677,38.223332741983015,398.0787810988736,12124.41189122632,0.3558876551045988,0.9172230189092738,6,0.08522727272727272,0.1730794096397632,0.2230293109934963,-0.27313640573478626,-22.821571630329363,12.731024252924094,11.670088928626976,433.31305329044756,a51bb516bac180b46d203563182a65d2b4560fcf920a0ce8715e81cc4d4a182c,MEDIUM,False
A_B_FOUR_CORNER_FRAME_HYBRID_M,A,B_FOUR_CORNER_FRAME,HYBRID,M,3,1410,1408,1.0,True,True,1,144,0,12,0,50.20176042607358,12.598112733115412,326.19775896863956,4966.375184675614,0.45307951618021347,0.7554796884462236,12,0.052556818181818184,0.15960621909901654,0.1743005853833337,0.43171611283130407,-22.89785248097902,12.380088623078755,11.313691467798549,437.3102185393417,50e33a49c0a1e49309224713174e15c7af19bd68f74f43a55d295ba12a4e858f,MEDIUM,False
A_B_FOUR_CORNER_FRAME_HYBRID_M,A,B_FOUR_CORNER_FRAME,HYBRID,M,4,5632,5634,1.0,True,True,1,0,0,0,0,17.262855268750165,14.792106686797222,90.21255024267921,209.09281510053944,0.2845921737249101,0.6502652559410116,37,0.12318068867589635,0.08262449407292795,0.10826363527229342,-0.01269706748697752,-23.4862721519668,10.840563998712827,10.299929053258694,442.6030542236407,9b7607343043b5a990b5a679bf0edaa7c65c0d1cc05b43ec5d167cf306ccee08,FINE,False
A_B_FOUR_CORNER_FRAME_HYBRID_P,A,B_FOUR_CORNER_FRAME,HYBRID,P,0,24,22,1.0,True,True,1,0,0,0,0,,,,,,,,,,,0.0,0.0,0.0,0.0,0.0,5c70c20d94bf8982c90b158fe2701f99d33a54d6dc9de3641f408528f3c4822d,SOURCE,False
A_B_FOUR_CORNER_FRAME_HYBRID_P,A,B_FOUR_CORNER_FRAME,HYBRID,P,1,90,88,1.0,True,True,1,8,0,0,0,180.6472041407315,156.31986320155693,425.669478740365,13343.90233359594,0.2295326336841723,0.9636673965581986,2,0.11363636363636363,0.2212672793683105,0.34716070841377905,-1.1987618934835687,-21.316376195348674,15.482278978028274,15.33109808103732,409.7984144246869,496db333d6268da535b1a43d20c11600f536bf4f17cb74595cb94077538deb61,MEDIUM,False
A_B_FOUR_CORNER_FRAME_HYBRID_P,A,B_FOUR_CORNER_FRAME,HYBRID,P,2,354,352,1.0,True,True,1,32,0,0,0,82.96947939712598,41.767105797352215,379.35414535613967,7295.17600166546,0.35959638054088794,0.8537136093166505,15,0.07954545454545454,0.14342479307822548,0.20064815233733202,0.23460709413891667,-23.510024886728853,10.175430019758291,8.192140201436683,444.9619036592999,9f9126d61767a74ea06bb3dd5ec83ab88bd15553fecc05974cc8638c4f2096ae,FINE,False
A_B_FOUR_CORNER_FRAME_HYBRID_P,A,B_FOUR_CORNER_FRAME,HYBRID,P,3,1410,1408,1.0,True,True,1,68,0,20,0,35.374755141441604,12.231704132565893,314.4344299110009,2826.8663979130497,0.47458097170153574,0.6431338648926029,12,0.05823863636363636,0.10794936421777798,0.13222053045847507,0.711423126177757,-23.829359859760103,9.648373599279303,7.188716516930205,452.7772443472602,725421cbd02c2081829fa987db93d7de4b653978546582bcbabf45e08a4873df,FINE,False
A_B_FOUR_CORNER_FRAME_HYBRID_P,A,B_FOUR_CORNER_FRAME,HYBRID,P,4,5632,5634,1.0,True,True,1,0,0,0,0,25.061702896543526,22.50605890291559,83.60596462498759,113.6479897403842,0.1990721348449949,0.9023779768422943,62,0.04082357117500887,0.05627049926841739,0.07815888896944663,0.11897984515190085,-24.20177764292092,8.686941768976464,7.250782196907446,455.5380173017368,654f53b2a48b822f50e6e53f05fd49190c992bb3dd29af6b6b8c0e2c57f2eef8,BROAD,False
A_B_FOUR_CORNER_FRAME_HYBRID_R,A,B_FOUR_CORNER_FRAME,HYBRID,R,0,24,22,1.0,True,True,1,0,0,0,0,,,,,,,,,,,0.0,0.0,0.0,0.0,0.0,5c70c20d94bf8982c90b158fe2701f99d33a54d6dc9de3641f408528f3c4822d,SOURCE,False
A_B_FOUR_CORNER_FRAME_HYBRID_R,A,B_FOUR_CORNER_FRAME,HYBRID,R,1,90,88,1.0,True,True,1,8,0,0,0,183.72037190738848,140.3084415584416,522.7609603602123,13582.052068418288,0.2518828290222989,0.9350677341120736,2,0.11363636363636363,0.2153083730141211,0.34218657665976,1.2414752373948845,-24.810303042577697,11.964285714285715,9.32282003710576,455.3185840806141,acc835f066420ba79294ac967d3e118c517c94d81c77db432fa6ed0016554b9c,FINE,False
A_B_FOUR_CORNER_FRAME_HYBRID_R,A,B_FOUR_CORNER_FRAME,HYBRID,R,2,354,352,1.0,True,True,1,60,0,0,0,89.07766643552314,31.31890382086272,388.96246334561107,10597.801960361214,0.38645512975820123,0.8773577863924782,3,0.19318181818181818,0.15672745104875016,0.20909533667240943,1.378139392147859,-26.018127801255453,9.258115188056749,5.239279998428703,483.95819602935023,ca40c7e5e14ea4a7e74c6308b2612043f0564540b6ba21365505a37ec529ed1e,MEDIUM,False
A_B_FOUR_CORNER_FRAME_HYBRID_R,A,B_FOUR_CORNER_FRAME,HYBRID,R,3,1410,1408,1.0,True,True,1,132,0,16,0,45.95603280849509,10.865507984296197,314.19256590567824,4416.824098315102,0.46686960346575823,0.7337781425054148,12,0.048295454545454544,0.14927771089744146,0.16348326425206353,2.0255601145956703,-26.118451257433716,8.946327227256834,5.392703473597771,487.3556593946547,5710c9ffc57966317a422415b7b8452a4a3bbe645d613f3d390896065d46a5b4,MEDIUM,False
A_B_FOUR_CORNER_FRAME_HYBRID_R,A,B_FOUR_CORNER_FRAME,HYBRID,R,4,5632,5634,1.0,True,True,1,0,0,0,0,26.36495803363421,22.916020879616376,88.39130601136503,163.04852133489592,0.21855904463156975,0.8826779255627066,56,0.04384096556620518,0.07838593659965197,0.10180755448595583,1.4585899671381908,-26.602176851976733,7.595611277953207,4.886752397726224,491.6374215494076,6e8ceb23f130dbc56f89b7a5a3db0cca00d1f177f4d099bf84cc2b1e5ae85fa2,BROAD,False
A_B_FOUR_CORNER_FRAME_HYBRID_S,A,B_FOUR_CORNER_FRAME,HYBRID,S,0,24,22,1.0,True,True,1,0,0,0,0,,,,,,,,,,,0.0,0.0,0.0,0.0,0.0,5c70c20d94bf8982c90b158fe2701f99d33a54d6dc9de3641f408528f3c4822d,SOURCE,False
A_B_FOUR_CORNER_FRAME_HYBRID_S,A,B_FOUR_CORNER_FRAME,HYBRID,S,1,90,88,1.0,True,True,1,8,0,0,0,180.6472041407315,156.31986320155693,425.669478740365,13343.90233359594,0.2295326336841723,0.9636673965581986,2,0.11363636363636363,0.2212672793683105,0.34716070841377905,-1.1987618934835687,-21.316376195348674,15.482278978028274,15.33109808103732,409.7984144246869,496db333d6268da535b1a43d20c11600f536bf4f17cb74595cb94077538deb61,MEDIUM,False
A_B_FOUR_CORNER_FRAME_HYBRID_S,A,B_FOUR_CORNER_FRAME,HYBRID,S,2,354,352,1.0,True,True,1,64,0,0,0,97.27088523758964,33.973816490643635,396.2319523308902,11670.473014529762,0.372616495702229,0.8946310808959916,3,0.18181818181818182,0.164925364034255,0.2158026120664991,-0.2778617182312204,-22.870287766755425,11.467559567472208,9.469392859839608,436.36687134663623,7c46b72febb54cf05d86971c769ffe8b7b017f7522a5805496e1f779a382bf8c,MEDIUM,False
A_B_FOUR_CORNER_FRAME_HYBRID_S,A,B_FOUR_CORNER_FRAME,HYBRID,S,3,1410,1408,1.0,True,True,1,140,0,12,0,48.591757553179654,11.77618465239043,325.50710308932634,4837.239839935772,0.46231558711496457,0.7419830451841901,9,0.052556818181818184,0.15422383061395287,0.16844039169464298,0.3628745215928264,-22.959328006695713,11.141560976178289,9.429790309950237,440.0262877795833,3229a7697b3e6d3c15d90189c778b6499bd07b1ac0f94591686ed33e9d435b8b,MEDIUM,False
A_B_FOUR_CORNER_FRAME_HYBRID_S,A,B_FOUR_CORNER_FRAME,HYBRID,S,4,5632,5634,1.0,True,True,1,0,0,0,0,23.434114469708152,20.3554846288242,98.9446403961551,212.28520931202166,0.24509810202127094,0.7931545938254205,56,0.04650337238196663,0.08011144737302406,0.10473235546562538,-0.21521220706941513,-23.49104868739773,9.666769178713942,8.557920917070483,444.55930167599826,f6ca687d5e507791598f66d13a714f4e130ac285054dcfe7bb09781397396bfb,MEDIUM,False
A_B_FOUR_CORNER_FRAME_HYBRID_U,A,B_FOUR_CORNER_FRAME,HYBRID,U,0,24,22,1.0,True,True,1,0,0,0,0,,,,,,,,,,,0.0,0.0,0.0,0.0,0.0,5c70c20d94bf8982c90b158fe2701f99d33a54d6dc9de3641f408528f3c4822d,SOURCE,True
A_B_FOUR_CORNER_FRAME_HYBRID_U,A,B_FOUR_CORNER_FRAME,HYBRID,U,1,90,88,1.0,True,True,1,8,0,0,0,193.32883373222646,135.57038594220265,417.76226518818504,18749.03826433493,0.2130826987243252,0.9807549174923119,2,0.13636363636363635,0.23396205781701127,0.3569938721989175,-1.2664238117698123,-21.35632578445257,18.272727272727284,20.88311688311688,406.3349066017486,ae5a857efb6df290804fd4fc7fb359905b37907af5ea77021ef18bbb70bf0ea5,UNIFORM,True
A_B_FOUR_CORNER_FRAME_HYBRID_U,A,B_FOUR_CORNER_FRAME,HYBRID,U,2,354,352,1.0,True,True,1,100,0,8,0,130.61190218833062,35.84860370800099,456.8378950958456,20005.377562537986,0.327739554515571,0.9700680749007417,12,0.022727272727272728,0.23190907198362487,0.26553987229737425,-0.2523161026624199,-22.74525077826599,15.980484050440369,16.254575760710587,431.50386566092885,4d905fce7b8f671d695f2dd97e5886980335b967390ca93bbf4d51e27fe1bd83,UNIFORM,True
A_B_FOUR_CORNER_FRAME_HYBRID_U,A,B_FOUR_CORNER_FRAME,HYBRID,U,3,1410,1408,1.0,True,True,1,352,0,44,0,74.74322382388196,14.424739751266284,388.4202167743601,9330.91594536205,0.41140226252883655,0.8713218409884022,12,0.07244318181818182,0.2609323102622171,0.2592656130167223,0.5683559709992236,-22.7385398530633,15.315698305123583,16.296536071428804,435.6399875303591,e12319be94fd8cd7ffc3acc6ef2d5a7286baef8153687c068e7858330c200c36,UNIFORM,True
A_B_FOUR_CORNER_FRAME_HYBRID_U,A,B_FOUR_CORNER_FRAME,HYBRID,U,4,5632,5634,1.0,True,True,1,44,0,38,3,36.55968959013522,32.558992247242024,112.84298001865128,300.83369397615587,0.212762820704715,0.9007235667680838,76,0.06443024494142705,0.14149516444682017,0.17503814507099377,-0.09051010157881123,-23.261073813727318,13.254656198616189,14.271520289368024,440.47978496350356,e6d3469f741f58a40425288156f1f2fd7435880b613f1ac29936a9d92771de26,UNIFORM,True
A_C_UPPER_BIAS_CC_M,A,C_UPPER_BIAS,CC,M,0,24,22,1.0,True,True,1,0,0,0,0,,,,,,,,,,,0.0,0.0,0.0,0.0,0.0,5c70c20d94bf8982c90b158fe2701f99d33a54d6dc9de3641f408528f3c4822d,SOURCE,False
A_C_UPPER_BIAS_CC_M,A,C_UPPER_BIAS,CC,M,1,90,88,1.0,True,True,1,0,0,0,0,191.93498922329894,169.84043052102317,501.3280565241684,16363.385866612029,0.2521439446902739,0.9461086470051341,2,0.11363636363636363,0.2274719936941698,0.3522911232174016,0.7966728958283209,-23.844991927517924,15.37844441444085,16.64288103491498,475.9565260513791,f7f72d80bb6bffb0151230e2794f617d2ea46b716467c18027bc38f8179acffb,BROAD,False
A_C_UPPER_BIAS_CC_M,A,C_UPPER_BIAS,CC,M,2,354,352,1.0,True,True,1,20,0,0,0,78.52642479064404,51.66111566842979,389.5101421359778,4607.880039314308,0.30288743539325025,0.9095602183152992,7,0.17045454545454544,0.14271968161021192,0.20293847171981963,1.8636204260227274,-26.749265272502566,8.3733989522496,9.951387450837013,532.0822770937366,9fc5011fb0f66ce2e22996e7d3a6c94ba5c2efccfbba6a51fd6b9570c6138fd5,MEDIUM,False
A_C_UPPER_BIAS_CC_M,A,C_UPPER_BIAS,CC,M,3,1410,1408,1.0,True,True,1,44,0,0,0,28.45420050306384,13.754945005390434,322.1709421176539,1589.9446534966526,0.43076677879654685,0.67513572268426,11,0.17258522727272727,0.10151617151053832,0.12890333296371187,1.8893887600542447,-27.457860473956618,6.990340889277569,8.281020357985014,544.2049563490398,2f6bd90da317ae4af74b32e78033ad5d6973228063214d92ae09db246b0148e4,MEDIUM,False
A_C_UPPER_BIAS_CC_M,A,C_UPPER_BIAS,CC,M,4,5634,5632,1.0,True,True,1,24,0,4,0,8.62248871121896,4.717834128730033,149.11985109075428,210.79301097990827,0.48386288079265705,0.47919159642998627,27,0.18039772727272727,0.05705830824736162,0.0784793933285415,1.8175128630766757,-27.67922040295243,6.614143699596986,6.959244602515424,546.9752248202149,80be752f27853e60d8c07881a87b5fe1cfad90c821fd7f917dc69ed8eb1c06c0,FINE,False
A_C_UPPER_BIAS_CC_P,A,C_UPPER_BIAS,CC,P,0,24,22,1.0,True,True,1,0,0,0,0,,,,,,,,,,,0.0,0.0,0.0,0.0,0.0,5c70c20d94bf8982c90b158fe2701f99d33a54d6dc9de3641f408528f3c4822d,SOURCE,False
A_C_UPPER_BIAS_CC_P,A,C_UPPER_BIAS,CC,P,1,90,88,1.0,True,True,1,0,0,0,0,198.0604246995928,147.4235399572278,610.1697451806986,21979.893608372673,0.2910633526100037,0.89811293442715,2,0.11363636363636363,0.2185430536996445,0.34372893135903904,3.420985120997888,-26.842295273426732,7.879836565085263,11.369464116916461,562.5422347260105,2b272543b4941a7be9c5e1e450b287285e6526a4aa67d6ff76462eb2fe46b452,MEDIUM,False
A_C_UPPER_BIAS_CC_P,A,C_UPPER_BIAS,CC,P,2,354,352,1.0,True,True,1,12,0,0,0,58.82349186228622,40.12230794978797,385.76832908966503,3374.337840613234,0.33790287389416057,0.8342821145106764,5,0.14772727272727273,0.12383086166535172,0.18694895503369494,3.5150194420008773,-30.50731643011083,3.0741142234859797,4.943780004823539,622.5288846015901,43daec87b67613cc35a1ac257ffe03f731c7eba9b18bf417ccd24801715d518a,FINE,False
A_C_UPPER_BIAS_CC_P,A,C_UPPER_BIAS,CC,P,3,1410,1408,1.0,True,True,1,28,0,4,0,19.46058997814695,10.316079546827519,320.191582163363,1175.6679241914073,0.48272721588721296,0.5119027482651181,5,0.1981534090909091,0.07808873329311117,0.10823117422040883,3.3376546185860168,-31.356019694794192,2.017572498897624,3.385748214857087,632.9769356246591,e793867a3fba8a633853cd5e0e924c1a65119c73b3502610015be267a3b50ce1,FINE,False
A_C_UPPER_BIAS_CC_P,A,C_UPPER_BIAS,CC,P,4,5634,5632,1.0,True,True,1,20,0,4,0,9.795678596790308,2.8553089729020567,148.62426545600516,227.70131873910168,0.4377571881670918,0.6361941688484782,13,0.19673295454545456,0.05249401299981579,0.06948188979539387,3.2418487787407857,-31.540512116664242,1.8447565229214868,2.1959035504947266,634.3269076593369,f0f7359c40bb31d6f1cddf3782435d70d2a5da0a9c2671a6e9f6840c52a51596,BROAD,False
A_C_UPPER_BIAS_CC_R,A,C_UPPER_BIAS,CC,R,0,24,22,1.0,True,True,1,0,0,0,0,,,,,,,,,,,0.0,0.0,0.0,0.0,0.0,5c70c20d94bf8982c90b158fe2701f99d33a54d6dc9de3641f408528f3c4822d,SOURCE,False
A_C_UPPER_BIAS_CC_R,A,C_UPPER_BIAS,CC,R,1,90,88,1.0,True,True,1,0,0,0,0,199.42070642227964,138.61022279038727,621.4280646270917,26614.125849855514,0.29735455918060033,0.8917761523159262,2,0.11363636363636363,0.212865884056315,0.337996080934366,4.2513359770059544,-27.519296908345403,2.0303030303030267,10.441558441558453,577.7777777777777,fa25aefdb2c1bf86ac247d3d0f3cf93cc170e7476cdea459213e996e4b5cc00e,FINE,False
A_C_UPPER_BIAS_CC_R,A,C_UPPER_BIAS,CC,R,2,354,352,1.0,True,True,1,12,0,0,0,61.38403513967661,38.82784402282484,384.46859928037475,3484.4420687969987,0.33765442188172884,0.8670582411966429,3,0.17045454545454544,0.1277952675477158,0.18886955899590185,3.8191368994128894,-31.301170088909846,6.152220288768717e-05,4.198601555117087,635.5771927234662,0dc6d9b29858bc037aab0d462643f4080c3a68b3b27df0b2626d2daf2983ae18,MEDIUM,False
A_C_UPPER_BIAS_CC_R,A,C_UPPER_BIAS,CC,R,3,1410,1408,1.0,True,True,1,32,0,4,0,24.894605073820987,12.167219271248108,319.5721011701533,1387.772509336363,0.444273083676089,0.6364785323080233,9,0.18181818181818182,0.09140291838030186,0.11779088953793934,3.7213432895658594,-32.117992906878065,-0.2909565301974171,2.7479370207604603,646.4141491683416,faf5cacae7062207ed325f671f10a99cadb93aa2c2d9d317a62ca2b8d49be133,MEDIUM,False
A_C_UPPER_BIAS_CC_R,A,C_UPPER_BIAS,CC,R,4,5634,5632,1.0,True,True,1,28,0,4,0,10.958007233776554,3.3771611863596647,148.69045606521018,253.04115479508536,0.4301783808757704,0.6595359264567091,37,0.1747159090909091,0.06478407026756773,0.0809304221545964,3.648501025534845,-32.30729557614636,-0.19227186210978298,1.5867669915250016,648.237874366753,7a6bb6bdf991be7700d9c42a5b2e639e3b860a01ca4b5098c7261568e53aeccc,BROAD,False
A_C_UPPER_BIAS_CC_S,A,C_UPPER_BIAS,CC,S,0,24,22,1.0,True,True,1,0,0,0,0,,,,,,,,,,,0.0,0.0,0.0,0.0,0.0,5c70c20d94bf8982c90b158fe2701f99d33a54d6dc9de3641f408528f3c4822d,SOURCE,False
A_C_UPPER_BIAS_CC_S,A,C_UPPER_BIAS,CC,S,1,90,88,1.0,True,True,1,0,0,0,0,198.0604246995928,147.4235399572278,610.1697451806986,21979.893608372673,0.2910633526100037,0.89811293442715,2,0.11363636363636363,0.2185430536996445,0.34372893135903904,3.420985120997888,-26.842295273426732,7.879836565085263,11.369464116916461,562.5422347260105,2b272543b4941a7be9c5e1e450b287285e6526a4aa67d6ff76462eb2fe46b452,MEDIUM,False
A_C_UPPER_BIAS_CC_S,A,C_UPPER_BIAS,CC,S,2,354,352,1.0,True,True,1,16,0,0,0,66.74412085228788,44.431126767453605,385.76832908966503,3813.1972305948784,0.3252517109489095,0.8820547320829447,3,0.18181818181818182,0.13234470702793474,0.19345122170365792,3.4082979841007166,-30.34816675160115,3.730001802992744,5.094918402088311,620.0475125540383,8165d277c1515f44b2d4440c5dc07cc0395a9c3f4d3bb31b4d29324c7592adf7,MEDIUM,False
A_C_UPPER_BIAS_CC_S,A,C_UPPER_BIAS,CC,S,3,1410,1408,1.0,True,True,1,32,0,4,0,26.046376304013794,12.870193805515468,320.2951413620926,1467.6384136684408,0.44349194790609014,0.6463541080379328,13,0.17542613636363635,0.0941163702184003,0.12101731621440791,3.3606998163871804,-31.1148179802472,2.80508017775678,3.6086142880979555,631.0946554134875,4621b0c62e6124d98e0295cdc26c1d00bc54c1d8b5fac7d34f266663d9772c36,MEDIUM,False
A_C_UPPER_BIAS_CC_S,A,C_UPPER_BIAS,CC,S,4,5634,5632,1.0,True,True,1,24,0,4,0,8.926617768527295,4.436490573640363,148.67908473244464,207.5076946968761,0.46819576323047335,0.517007476515871,25,0.18323863636363635,0.05760582292460953,0.07667428391628586,3.2915832509518017,-31.329566592396286,2.589647941968809,2.3802098535284033,633.5145624956901,8c28f12bef4d68041d4357ed771b88e7c2d4de9560b4711788c86700fb6f7397,MEDIUM,False
A_C_UPPER_BIAS_CC_U,A,C_UPPER_BIAS,CC,U,0,24,22,1.0,True,True,1,0,0,0,0,,,,,,,,,,,0.0,0.0,0.0,0.0,0.0,5c70c20d94bf8982c90b158fe2701f99d33a54d6dc9de3641f408528f3c4822d,SOURCE,True
A_C_UPPER_BIAS_CC_U,A,C_UPPER_BIAS,CC,U,1,90,88,1.0,True,True,1,8,0,0,0,193.32883373222646,135.57038594220265,417.76226518818504,18749.03826433493,0.2130826987243252,0.9807549174923119,2,0.13636363636363635,0.23396205781701127,0.3569938721989175,-1.2664238117698123,-21.35632578445257,18.272727272727284,20.88311688311688,406.3349066017486,ae5a857efb6df290804fd4fc7fb359905b37907af5ea77021ef18bbb70bf0ea5,UNIFORM,True
A_C_UPPER_BIAS_CC_U,A,C_UPPER_BIAS,CC,U,2,354,352,1.0,True,True,1,100,0,8,0,130.61190218833062,35.84860370800099,456.8378950958456,20005.377562537986,0.327739554515571,0.9700680749007417,12,0.022727272727272728,0.23190907198362487,0.26553987229737425,-0.2523161026624199,-22.74525077826599,15.980484050440369,16.254575760710587,431.50386566092885,4d905fce7b8f671d695f2dd97e5886980335b967390ca93bbf4d51e27fe1bd83,UNIFORM,True
A_C_UPPER_BIAS_CC_U,A,C_UPPER_BIAS,CC,U,3,1410,1408,1.0,True,True,1,352,0,44,0,74.74322382388196,14.424739751266284,388.4202167743601,9330.91594536205,0.41140226252883655,0.8713218409884022,12,0.07244318181818182,0.2609323102622171,0.2592656130167223,0.5683559709992236,-22.7385398530633,15.315698305123583,16.296536071428804,435.6399875303591,e12319be94fd8cd7ffc3acc6ef2d5a7286baef8153687c068e7858330c200c36,UNIFORM,True
A_C_UPPER_BIAS_CC_U,A,C_UPPER_BIAS,CC,U,4,5634,5632,1.0,True,True,1,364,0,20,0,28.990514171286662,6.243144780427015,182.52284844666764,1400.9219956960806,0.40793355455039204,0.7748604681376837,24,0.07244318181818182,0.18963338848829991,0.2152996277623145,0.7497671565730668,-22.777129071962566,13.455989113175914,14.506137859861035,437.82063072725134,0497f0e8d820d82609442beb68ea432178d0e5c200c5ba76dfc5b2b10fb70587,UNIFORM,True
A_C_UPPER_BIAS_DS_M,A,C_UPPER_BIAS,DS,M,0,24,22,1.0,True,True,1,0,0,0,0,,,,,,,,,,,0.0,0.0,0.0,0.0,0.0,5c70c20d94bf8982c90b158fe2701f99d33a54d6dc9de3641f408528f3c4822d,SOURCE,False
A_C_UPPER_BIAS_DS_M,A,C_UPPER_BIAS,DS,M,1,88,90,1.0,True,True,1,0,0,0,0,293.2931774599165,302.2824407244327,375.1197639333183,1951.3747762252287,0.12708850130454885,0.9808394496690139,1,0.2111111111111111,0.21134110656157673,0.33095782175081634,-5.130601724144357,-20.338347244432498,15.37844441444085,16.64288103491498,316.7665878460683,3b9d3fb337bc9f097fb74f655c596023500094976e1ca65fe4369519fc0d2032,BROAD,False
A_C_UPPER_BIAS_DS_M,A,C_UPPER_BIAS,DS,M,2,352,354,1.0,True,True,1,0,0,0,0,36.17520814245804,30.195205243404402,111.89315430066745,719.8731126991452,0.2586789378646815,0.6956429430211761,1,0.2033898305084746,0.11338358819123605,0.18038199695770152,-5.474113520572288,-26.915770486334967,16.569985940030165,19.164421728455583,435.22257917595846,2d0d68b8a357b3f09ad2cb8ef01e0e28873d89df20dddb43536764653743ad28,MEDIUM,False
A_C_UPPER_BIAS_DS_M,A,C_UPPER_BIAS,DS,M,3,1408,1410,1.0,True,True,1,0,0,0,0,18.831488154717274,15.498499963216432,80.8251991760849,187.01265335010774,0.2515307751958441,0.6901608814649609,7,0.1921985815602837,0.06496913791318219,0.09880641359535879,-5.657214610520156,-28.613112802302354,17.074012901004654,20.201222870834567,464.2063279317691,d415a6b7a82b8e8c0d886cf38fb88990932d2965d3d402f3cccbe3151f2d7dd0,MEDIUM,False
A_C_UPPER_BIAS_DS_M,A,C_UPPER_BIAS,DS,M,4,5632,5634,1.0,True,True,1,0,0,0,0,4.4849424084584495,1.9937444067233896,44.87724708350467,36.121772036726995,0.42498398728869946,0.3852230463816149,28,0.1869009584664537,0.034845256458455084,0.05427048110749542,-5.6581204352003756,-29.024890128221326,17.054954752923823,20.26565069355022,471.459687838882,a9d9e2f2bd02ec5cbaad216b1324cd6625de87205f7b5e1ff7c9d207bf175daa,FINE,False
A_C_UPPER_BIAS_DS_P,A,C_UPPER_BIAS,DS,P,0,24,22,1.0,True,True,1,0,0,0,0,,,,,,,,,,,0.0,0.0,0.0,0.0,0.0,5c70c20d94bf8982c90b158fe2701f99d33a54d6dc9de3641f408528f3c4822d,SOURCE,False
A_C_UPPER_BIAS_DS_P,A,C_UPPER_BIAS,DS,P,1,88,90,1.0,True,True,1,0,0,0,0,159.46214248421288,157.05059682122098,375.1197639333183,9392.411029050425,0.21384228709041417,0.7591721456999139,1,0.23333333333333334,0.21384825198329116,0.33231018380377003,-1.024094818578225,-23.336719337144363,7.879836565085263,11.369464116916461,409.14951175618614,9a62974c920701dfd67040eafb098c222472dc38c7a6e26aa0dc6b6f071008b6,MEDIUM,False
A_C_UPPER_BIAS_DS_P,A,C_UPPER_BIAS,DS,P,2,352,354,1.0,True,True,1,0,0,0,0,19.123491594132307,7.660110515968372,109.53545259434877,623.7518479308442,0.40867788906023084,0.400054739747394,1,0.2033898305084746,0.11201548148076804,0.17903698971614349,-1.0488065959663229,-29.381129982810748,8.159375887602316,13.075359004327481,520.9187103325695,bb9177f31e08b3149129623a5aeb1e951a7b10744500c40aa5ce476d1387182c,FINE,False
A_C_UPPER_BIAS_DS_P,A,C_UPPER_BIAS,DS,P,3,1408,1410,1.0,True,True,1,0,0,0,0,9.948582095566783,4.3226312800602855,76.59994686048368,170.31256670662458,0.41207288983584184,0.3878349547061219,1,0.20070921985815604,0.060170072084013364,0.09472630407744619,-1.0610267319619782,-30.926622149034866,8.227963283637042,14.056989383502994,548.8124243273478,ccec4e3826b18cf2035e3769e167afeb5455677bc93877ed01a0e09c8e5a0474,FINE,False
A_C_UPPER_BIAS_DS_P,A,C_UPPER_BIAS,DS,P,4,5632,5634,1.0,True,True,1,0,0,0,0,13.430711026681594,11.65163376319618,45.69725405888098,30.779217814968828,0.18560855907048807,0.9105598515212626,255,0.0837770678026269,0.04585731292522424,0.06470857392738813,-1.23513510214589,-31.33997261936362,8.664932018542636,14.144772703998099,554.560220384602,d41570b4284270fcb16fec0461a1e7fb5ecbaecc64b04d64fe7cdaf6e159bb36,BROAD,False
A_C_UPPER_BIAS_DS_R,A,C_UPPER_BIAS,DS,R,0,24,22,1.0,True,True,1,0,0,0,0,,,,,,,,,,,0.0,0.0,0.0,0.0,0.0,5c70c20d94bf8982c90b158fe2701f99d33a54d6dc9de3641f408528f3c4822d,SOURCE,False
A_C_UPPER_BIAS_DS_R,A,C_UPPER_BIAS,DS,R,1,88,90,1.0,True,True,1,0,0,0,0,90.1364768367601,40.83203320581571,375.1197639333183,10175.953328329748,0.3307307960506521,0.4933584774448774,1,0.23333333333333334,0.2147418472535552,0.3332531709095848,0.7122073002755025,-23.615049533799535,2.0303030303030267,10.441558441558453,431.16666666666663,53585ee35814633556110bae4246481817e122643aad55f5f179dc1ef2080599,FINE,False
A_C_UPPER_BIAS_DS_R,A,C_UPPER_BIAS,DS,R,2,352,354,1.0,True,True,1,0,0,0,0,32.11760078788677,26.450439950276298,108.52594540188508,602.0917762721122,0.26527758220286024,0.680348895625163,1,0.2033898305084746,0.11357399767910809,0.18051277331407697,0.4265791684670672,-29.636010170164763,3.0669887516076466,11.937345950796562,539.8804393374788,ecab34c836540ea1580dd312edadfc87e953d8aee6c0ccc753784570ca554dd3,MEDIUM,False
A_C_UPPER_BIAS_DS_R,A,C_UPPER_BIAS,DS,R,3,1408,1410,1.0,True,True,1,0,0,0,0,16.9056823481382,14.216988482949931,79.75894597357811,160.15234117759323,0.2592433353989082,0.6754653454616395,3,0.19929078014184398,0.06515732578587809,0.09890041732551624,0.2820979778902055,-31.192568573897418,3.670774089387474,12.957485903121446,566.6064933280259,1e5bd5e8b1e132dbea2b2eeec728b6f9bf269c6fd2e4810a0cc76538e9778b0a,MEDIUM,False
A_C_UPPER_BIAS_DS_R,A,C_UPPER_BIAS,DS,R,4,5632,5634,1.0,True,True,1,0,0,0,0,13.135723803733116,11.534541188461656,45.930204818847514,30.860850035949337,0.18798575634322262,0.9060738837255692,245,0.09123180688675896,0.04864210908893438,0.06844172452497883,0.12130802280774233,-31.58972941483573,4.154408138498766,13.15915134744776,572.1951978305012,4fbdb6e1ebc836266086c8c0c782dc088905f9baa338440b567f67e6bc9304c3,BROAD,False
A_C_UPPER_BIAS_DS_S,A,C_UPPER_BIAS,DS,S,0,24,22,1.0,True,True,1,0,0,0,0,,,,,,,,,,,0.0,0.0,0.0,0.0,0.0,5c70c20d94bf8982c90b158fe2701f99d33a54d6dc9de3641f408528f3c4822d,SOURCE,False
A_C_UPPER_BIAS_DS_S,A,C_UPPER_BIAS,DS,S,1,88,90,1.0,True,True,1,0,0,0,0,159.46214248421288,157.05059682122098,375.1197639333183,9392.411029050425,0.21384228709041417,0.7591721456999139,1,0.23333333333333334,0.21384825198329116,0.33231018380377003,-1.024094818578225,-23.336719337144363,7.879836565085263,11.369464116916461,409.14951175618614,9a62974c920701dfd67040eafb098c222472dc38c7a6e26aa0dc6b6f071008b6,MEDIUM,False
A_C_UPPER_BIAS_DS_S,A,C_UPPER_BIAS,DS,S,2,352,354,1.0,True,True,1,0,0,0,0,33.4537396751059,27.683823280065454,109.53545259434877,639.9531174916615,0.26295415925297755,0.685097375594319,1,0.2062146892655367,0.11341295498528013,0.1803227136275536,-1.3609926920965965,-29.51326750565383,8.96476041244827,13.327393748901217,520.3682873406991,0ba80660658c8a826db2bdd03347bd5f0337ba9d10b5f265442f3590fc5db81f,MEDIUM,False
A_C_UPPER_BIAS_DS_S,A,C_UPPER_BIAS,DS,S,3,1408,1410,1.0,True,True,1,0,0,0,0,17.55902813629191,14.665223209226571,80.1224502127875,169.7337517230573,0.25610601716539594,0.6794535411112745,5,0.19645390070921986,0.06468750667085918,0.09848113915056292,-1.5247095366099028,-31.111189419344186,9.317275710541239,14.341014784335071,547.6589332461217,0cfc9dc330888927c46f92882494e44277b41800624584de1b1d0974a5193315,MEDIUM,False
A_C_UPPER_BIAS_DS_S,A,C_UPPER_BIAS,DS,S,4,5632,5634,1.0,True,True,1,0,0,0,0,7.414018603590379,5.846551961777539,45.100610197948214,33.648645208408944,0.2796066000227236,0.6656889616626118,85,0.16826411075612355,0.03694953932479006,0.056460698740184063,-1.5770533067530734,-31.514164301764367,9.49353840861833,14.360744410817073,554.2353297202792,f853dac0a8c0028380771de3c9ed5faaf21510d9e6869ae2111a14a816f7e6d4,MEDIUM,False
A_C_UPPER_BIAS_DS_U,A,C_UPPER_BIAS,DS,U,0,24,22,1.0,True,True,1,0,0,0,0,,,,,,,,,,,0.0,0.0,0.0,0.0,0.0,5c70c20d94bf8982c90b158fe2701f99d33a54d6dc9de3641f408528f3c4822d,SOURCE,True
A_C_UPPER_BIAS_DS_U,A,C_UPPER_BIAS,DS,U,1,88,90,1.0,True,True,1,0,0,0,0,373.4319744777462,375.1197639333183,379.73982842650105,27.17614013119113,0.10400027464592533,0.9998873242110221,3,0.1,0.20924569375500426,0.33012703261833926,-8.086776859504141,-17.850233100233094,18.272727272727284,20.88311688311688,246.51515151515153,4f58b66d990f3816316288d3bd453e146a831674f001cd2f3e0cc4de6e34b732,UNIFORM,True
A_C_UPPER_BIAS_DS_U,A,C_UPPER_BIAS,DS,U,2,352,354,1.0,True,True,1,0,0,0,0,91.1566708052353,104.34258772349537,132.25065245943406,1183.150373105048,0.14563083027057191,0.9408720118206257,3,0.07344632768361582,0.12311191006320685,0.1880922922244466,-10.003563269143257,-24.546384872486072,23.018596244476953,25.263919010885804,355.69394793689213,3bf1f67a93fb9a7c0df2f8c6135c8b1ee096f9a5e4502e3e0ebca3801316b364,UNIFORM,True
A_C_UPPER_BIAS_DS_U,A,C_UPPER_BIAS,DS,U,3,1408,1410,1.0,True,True,1,0,0,0,0,48.97965457733241,51.71964368733371,100.93110022734561,324.4341691201975,0.16908897600475706,0.931439309574935,41,0.010638297872340425,0.09178878189373524,0.12243929711653713,-11.038393191256157,-26.151310871879872,24.918968255159957,26.776944194183947,377.35315053807875,590f6d3a791a5ff425f612125c2aafc3f3d5b211885b0b53bb6828b098d21b3a,UNIFORM,True
A_C_UPPER_BIAS_DS_U,A,C_UPPER_BIAS,DS,U,4,5632,5634,1.0,True,True,1,0,0,0,0,21.032134843748214,18.826082491297953,56.86667494238485,79.81419992109758,0.18751215369706448,0.919080984330442,280,0.007099751508697196,0.06435600739756245,0.08889646876358442,-11.407723200255159,-26.500315103371708,25.19150287265819,27.233376395239684,380.9370783644701,cb09e4664cad409d2a968bfe0f63f5fea29ba47cdd3517b5a8f04339d683f6b2,UNIFORM,True
A_C_UPPER_BIAS_HYBRID_M,A,C_UPPER_BIAS,HYBRID,M,0,24,22,1.0,True,True,1,0,0,0,0,,,,,,,,,,,0.0,0.0,0.0,0.0,0.0,5c70c20d94bf8982c90b158fe2701f99d33a54d6dc9de3641f408528f3c4822d,SOURCE,False
A_C_UPPER_BIAS_HYBRID_M,A,C_UPPER_BIAS,HYBRID,M,1,90,88,1.0,True,True,1,0,0,0,0,191.93498922329894,169.84043052102317,501.3280565241684,16363.385866612029,0.2521439446902739,0.9461086470051341,2,0.11363636363636363,0.2274719936941698,0.3522911232174016,0.7966728958283209,-23.844991927517924,15.37844441444085,16.64288103491498,475.9565260513791,f7f72d80bb6bffb0151230e2794f617d2ea46b716467c18027bc38f8179acffb,BROAD,False
A_C_UPPER_BIAS_HYBRID_M,A,C_UPPER_BIAS,HYBRID,M,2,354,352,1.0,True,True,1,20,0,0,0,78.52642479064404,51.66111566842979,389.5101421359778,4607.880039314308,0.30288743539325025,0.9095602183152992,7,0.17045454545454544,0.14271968161021192,0.20293847171981963,1.8636204260227274,-26.749265272502566,8.3733989522496,9.951387450837013,532.0822770937366,9fc5011fb0f66ce2e22996e7d3a6c94ba5c2efccfbba6a51fd6b9570c6138fd5,MEDIUM,False
A_C_UPPER_BIAS_HYBRID_M,A,C_UPPER_BIAS,HYBRID,M,3,1410,1408,1.0,True,True,1,44,0,0,0,28.45420050306384,13.754945005390434,322.1709421176539,1589.9446534966526,0.43076677879654685,0.67513572268426,11,0.17258522727272727,0.10151617151053832,0.12890333296371187,1.8893887600542447,-27.457860473956618,6.990340889277569,8.281020357985014,544.2049563490398,2f6bd90da317ae4af74b32e78033ad5d6973228063214d92ae09db246b0148e4,MEDIUM,False
A_C_UPPER_BIAS_HYBRID_M,A,C_UPPER_BIAS,HYBRID,M,4,5632,5634,1.0,True,True,1,0,0,0,0,6.802765438744234,2.5764013258295773,93.0489729404654,121.58085587107551,0.495694038819033,0.3052524330988265,2,0.20003549875754348,0.05293001141463985,0.07470056103710071,1.7483160225408412,-27.685860215353408,6.748554798201223,6.838286583304365,546.2922181459943,abd007bd9d67bb74f21956fcd9d263c382d91b97c5a406e697abfcfd9b5c9a7f,FINE,False
A_C_UPPER_BIAS_HYBRID_P,A,C_UPPER_BIAS,HYBRID,P,0,24,22,1.0,True,True,1,0,0,0,0,,,,,,,,,,,0.0,0.0,0.0,0.0,0.0,5c70c20d94bf8982c90b158fe2701f99d33a54d6dc9de3641f408528f3c4822d,SOURCE,False
A_C_UPPER_BIAS_HYBRID_P,A,C_UPPER_BIAS,HYBRID,P,1,90,88,1.0,True,True,1,0,0,0,0,198.0604246995928,147.4235399572278,610.1697451806986,21979.893608372673,0.2910633526100037,0.89811293442715,2,0.11363636363636363,0.2185430536996445,0.34372893135903904,3.420985120997888,-26.842295273426732,7.879836565085263,11.369464116916461,562.5422347260105,2b272543b4941a7be9c5e1e450b287285e6526a4aa67d6ff76462eb2fe46b452,MEDIUM,False
A_C_UPPER_BIAS_HYBRID_P,A,C_UPPER_BIAS,HYBRID,P,2,354,352,1.0,True,True,1,12,0,0,0,58.82349186228622,40.12230794978797,385.76832908966503,3374.337840613234,0.33790287389416057,0.8342821145106764,5,0.14772727272727273,0.12383086166535172,0.18694895503369494,3.5150194420008773,-30.50731643011083,3.0741142234859797,4.943780004823539,622.5288846015901,43daec87b67613cc35a1ac257ffe03f731c7eba9b18bf417ccd24801715d518a,FINE,False
A_C_UPPER_BIAS_HYBRID_P,A,C_UPPER_BIAS,HYBRID,P,3,1410,1408,1.0,True,True,1,28,0,4,0,19.46058997814695,10.316079546827519,320.191582163363,1175.6679241914073,0.48272721588721296,0.5119027482651181,5,0.1981534090909091,0.07808873329311117,0.10823117422040883,3.3376546185860168,-31.356019694794192,2.017572498897624,3.385748214857087,632.9769356246591,e793867a3fba8a633853cd5e0e924c1a65119c73b3502610015be267a3b50ce1,FINE,False
A_C_UPPER_BIAS_HYBRID_P,A,C_UPPER_BIAS,HYBRID,P,4,5632,5634,1.0,True,True,1,0,0,0,0,18.766928550280973,17.866519819825577,92.76144650151201,57.44535143687698,0.18601803853559035,0.8951939265294538,15,0.19080582179623712,0.04026882398588665,0.05955477051959526,2.883423283470532,-31.669811683268843,2.315641052883377,2.2026313474716286,633.0790936578255,4a3f749961569ba3afb6f15bbfc032c741b2dd2110d92073d7c7b2ffea0263fe,BROAD,False
A_C_UPPER_BIAS_HYBRID_R,A,C_UPPER_BIAS,HYBRID,R,0,24,22,1.0,True,True,1,0,0,0,0,,,,,,,,,,,0.0,0.0,0.0,0.0,0.0,5c70c20d94bf8982c90b158fe2701f99d33a54d6dc9de3641f408528f3c4822d,SOURCE,False
A_C_UPPER_BIAS_HYBRID_R,A,C_UPPER_BIAS,HYBRID,R,1,90,88,1.0,True,True,1,0,0,0,0,199.42070642227964,138.61022279038727,621.4280646270917,26614.125849855514,0.29735455918060033,0.8917761523159262,2,0.11363636363636363,0.212865884056315,0.337996080934366,4.2513359770059544,-27.519296908345403,2.0303030303030267,10.441558441558453,577.7777777777777,fa25aefdb2c1bf86ac247d3d0f3cf93cc170e7476cdea459213e996e4b5cc00e,FINE,False
A_C_UPPER_BIAS_HYBRID_R,A,C_UPPER_BIAS,HYBRID,R,2,354,352,1.0,True,True,1,12,0,0,0,61.38403513967661,38.82784402282484,384.46859928037475,3484.4420687969987,0.33765442188172884,0.8670582411966429,3,0.17045454545454544,0.1277952675477158,0.18886955899590185,3.8191368994128894,-31.301170088909846,6.152220288768717e-05,4.198601555117087,635.5771927234662,0dc6d9b29858bc037aab0d462643f4080c3a68b3b27df0b2626d2daf2983ae18,MEDIUM,False
A_C_UPPER_BIAS_HYBRID_R,A,C_UPPER_BIAS,HYBRID,R,3,1410,1408,1.0,True,True,1,32,0,4,0,24.894605073820987,12.167219271248108,319.5721011701533,1387.772509336363,0.444273083676089,0.6364785323080233,9,0.18181818181818182,0.09140291838030186,0.11779088953793934,3.7213432895658594,-32.117992906878065,-0.2909565301974171,2.7479370207604603,646.4141491683416,faf5cacae7062207ed325f671f10a99cadb93aa2c2d9d317a62ca2b8d49be133,MEDIUM,False
A_C_UPPER_BIAS_HYBRID_R,A,C_UPPER_BIAS,HYBRID,R,4,5632,5634,1.0,True,True,1,0,0,0,0,18.933759037017985,17.65013088999016,92.86999524846489,66.17619395217888,0.19347585175524953,0.8869368632335064,43,0.17660631877884275,0.04726736645549841,0.06712572993298382,3.276286870992373,-32.44325351241848,0.11565475241488432,1.5995293886916784,647.1510363962758,9dbac251dab0ecff28599ad94a726d593ba8ac7647cbfa0f5208125a8a543460,BROAD,False
A_C_UPPER_BIAS_HYBRID_S,A,C_UPPER_BIAS,HYBRID,S,0,24,22,1.0,True,True,1,0,0,0,0,,,,,,,,,,,0.0,0.0,0.0,0.0,0.0,5c70c20d94bf8982c90b158fe2701f99d33a54d6dc9de3641f408528f3c4822d,SOURCE,False
A_C_UPPER_BIAS_HYBRID_S,A,C_UPPER_BIAS,HYBRID,S,1,90,88,1.0,True,True,1,0,0,0,0,198.0604246995928,147.4235399572278,610.1697451806986,21979.893608372673,0.2910633526100037,0.89811293442715,2,0.11363636363636363,0.2185430536996445,0.34372893135903904,3.420985120997888,-26.842295273426732,7.879836565085263,11.369464116916461,562.5422347260105,2b272543b4941a7be9c5e1e450b287285e6526a4aa67d6ff76462eb2fe46b452,MEDIUM,False
A_C_UPPER_BIAS_HYBRID_S,A,C_UPPER_BIAS,HYBRID,S,2,354,352,1.0,True,True,1,16,0,0,0,66.74412085228788,44.431126767453605,385.76832908966503,3813.1972305948784,0.3252517109489095,0.8820547320829447,3,0.18181818181818182,0.13234470702793474,0.19345122170365792,3.4082979841007166,-30.34816675160115,3.730001802992744,5.094918402088311,620.0475125540383,8165d277c1515f44b2d4440c5dc07cc0395a9c3f4d3bb31b4d29324c7592adf7,MEDIUM,False
A_C_UPPER_BIAS_HYBRID_S,A,C_UPPER_BIAS,HYBRID,S,3,1410,1408,1.0,True,True,1,32,0,4,0,26.046376304013794,12.870193805515468,320.2951413620926,1467.6384136684408,0.44349194790609014,0.6463541080379328,13,0.17542613636363635,0.0941163702184003,0.12101731621440791,3.3606998163871804,-31.1148179802472,2.80508017775678,3.6086142880979555,631.0946554134875,4621b0c62e6124d98e0295cdc26c1d00bc54c1d8b5fac7d34f266663d9772c36,MEDIUM,False
A_C_UPPER_BIAS_HYBRID_S,A,C_UPPER_BIAS,HYBRID,S,4,5632,5634,1.0,True,True,1,0,0,0,0,10.936773505326865,8.503389163664254,92.79581487120318,103.81584326187304,0.3141543947013547,0.5808513138103257,23,0.19630812921547747,0.048529939819565035,0.06899747884142056,3.1221852359595292,-31.39482679386737,2.7571421945198793,2.3077958625931982,632.8274520488113,04d93623f6c0b96f144f30306b4a8a01624c53016e0a3b4eff414a0ef3bcd5f9,MEDIUM,False
A_C_UPPER_BIAS_HYBRID_U,A,C_UPPER_BIAS,HYBRID,U,0,24,22,1.0,True,True,1,0,0,0,0,,,,,,,,,,,0.0,0.0,0.0,0.0,0.0,5c70c20d94bf8982c90b158fe2701f99d33a54d6dc9de3641f408528f3c4822d,SOURCE,True
A_C_UPPER_BIAS_HYBRID_U,A,C_UPPER_BIAS,HYBRID,U,1,90,88,1.0,True,True,1,8,0,0,0,193.32883373222646,135.57038594220265,417.76226518818504,18749.03826433493,0.2130826987243252,0.9807549174923119,2,0.13636363636363635,0.23396205781701127,0.3569938721989175,-1.2664238117698123,-21.35632578445257,18.272727272727284,20.88311688311688,406.3349066017486,ae5a857efb6df290804fd4fc7fb359905b37907af5ea77021ef18bbb70bf0ea5,UNIFORM,True
A_C_UPPER_BIAS_HYBRID_U,A,C_UPPER_BIAS,HYBRID,U,2,354,352,1.0,True,True,1,100,0,8,0,130.61190218833062,35.84860370800099,456.8378950958456,20005.377562537986,0.327739554515571,0.9700680749007417,12,0.022727272727272728,0.23190907198362487,0.26553987229737425,-0.2523161026624199,-22.74525077826599,15.980484050440369,16.254575760710587,431.50386566092885,4d905fce7b8f671d695f2dd97e5886980335b967390ca93bbf4d51e27fe1bd83,UNIFORM,True
A_C_UPPER_BIAS_HYBRID_U,A,C_UPPER_BIAS,HYBRID,U,3,1410,1408,1.0,True,True,1,352,0,44,0,74.74322382388196,14.424739751266284,388.4202167743601,9330.91594536205,0.41140226252883655,0.8713218409884022,12,0.07244318181818182,0.2609323102622171,0.2592656130167223,0.5683559709992236,-22.7385398530633,15.315698305123583,16.296536071428804,435.6399875303591,e12319be94fd8cd7ffc3acc6ef2d5a7286baef8153687c068e7858330c200c36,UNIFORM,True
A_C_UPPER_BIAS_HYBRID_U,A,C_UPPER_BIAS,HYBRID,U,4,5632,5634,1.0,True,True,1,44,0,38,3,36.55968959013522,32.558992247242024,112.84298001865128,300.83369397615587,0.212762820704715,0.9007235667680838,76,0.06443024494142705,0.14149516444682017,0.17503814507099377,-0.09051010157881123,-23.261073813727318,13.254656198616189,14.271520289368024,440.47978496350356,e6d3469f741f58a40425288156f1f2fd7435880b613f1ac29936a9d92771de26,UNIFORM,True
B_A_SHOULDER_PAIR_DS_D,B,A_SHOULDER_PAIR,DS,D,0,24,22,1.0,True,True,1,0,0,0,0,,,,,,,,,,,0.0,0.0,0.0,0.0,0.0,5c70c20d94bf8982c90b158fe2701f99d33a54d6dc9de3641f408528f3c4822d,SOURCE,False
B_A_SHOULDER_PAIR_DS_D,B,A_SHOULDER_PAIR,DS,D,1,88,90,1.0,True,True,1,0,0,0,0,243.63378346365354,245.70546938550316,375.1197639333183,2965.142184317794,0.14358370500894962,0.9669132706777345,1,0.2111111111111111,0.21002738698530904,0.32848205882807674,-6.104511019283754,-21.06308275058275,9.136363636363631,12.181818181818183,329.0909090909091,cea4359065621f9e9eff61d865cebd384da3046029644037c654772e79d2cfc7,DISTANCE,False
B_A_SHOULDER_PAIR_DS_D,B,A_SHOULDER_PAIR,DS,D,2,352,354,1.0,True,True,1,0,0,0,0,54.31398636816359,52.204756620295754,110.85269010809769,747.4204154156738,0.1898886874908136,0.8778643365179862,1,0.2062146892655367,0.1150077715210529,0.1809815361543378,-7.418640570398338,-27.770831576197097,11.654198695790408,14.09582437024035,442.04709666602,247348044e3d2a1819b737623b4c26959e1e4d853cc375b044a3f9e021254f34,DISTANCE,False
B_A_SHOULDER_PAIR_DS_D,B,A_SHOULDER_PAIR,DS,D,3,1408,1410,1.0,True,True,1,0,0,0,0,28.753746411497858,26.693084407710863,83.7627809576058,184.4240014117026,0.19318070274790838,0.8691700678212152,11,0.08865248226950355,0.07051587307167746,0.10289059732694864,-8.046605865521705,-29.44211058790618,12.520272959789413,15.004350137482092,467.50842524991776,3be995804636ecdfd73f42d672d81bd02cfa17054be1d9ffd703805c943a9a53,DISTANCE,False
B_A_SHOULDER_PAIR_DS_D,B,A_SHOULDER_PAIR,DS,D,4,5632,5634,1.0,True,True,1,0,0,0,0,12.213375065260674,10.969100369197626,46.76513663992856,38.97257893519156,0.21146839145892166,0.8522068053806799,130,0.04188853390131345,0.043704120245438856,0.0636562762484595,-8.256440675422795,-29.8267486075393,12.632411127306664,15.090800321716525,472.84649650570225,816c7ae2b133e2dbb109f1210bae7089021576670d6b7143760d07c6f352c5bf,DISTANCE,False
B_A_SHOULDER_PAIR_DS_D,B,A_SHOULDER_PAIR,DS,D,5,22528,22530,1.0,True,True,1,0,0,0,0,4.160332623308037,3.745613114919453,17.286949175522714,4.311544343892644,0.20777505069857993,0.8520926812378853,494,0.02924988903683977,0.029967432790239442,0.04240936179704758,-8.322782410040208,-29.920031817181993,12.718716826900799,15.196403706753125,474.01875823801174,bb663d8b4f4ee625d6a0c38bd6538ef3fb733671b5a5d50811a5b352e9fc2131,DISTANCE,False
B_A_SHOULDER_PAIR_DS_D,B,A_SHOULDER_PAIR,DS,D,6,90112,90114,1.0,True,True,1,0,0,0,0,1.1358730088156155,1.0055193253155332,5.276772357501114,0.40543598409039433,0.21832430684493,0.8212454881677315,1882,0.02737643429433828,0.018435079610085992,0.0260216389590177,-8.339286689137593,-29.94291077282798,12.726860240839688,15.212158473467507,474.3050384299552,b710e157f94a9f39604f190fe84369a56dbd3e1479a2358f4839d7659ceb70bc,DISTANCE,False
B_A_SHOULDER_PAIR_DS_M,B,A_SHOULDER_PAIR,DS,M,0,24,22,1.0,True,True,1,0,0,0,0,,,,,,,,,,,0.0,0.0,0.0,0.0,0.0,5c70c20d94bf8982c90b158fe2701f99d33a54d6dc9de3641f408528f3c4822d,SOURCE,False
B_A_SHOULDER_PAIR_DS_M,B,A_SHOULDER_PAIR,DS,M,1,88,90,1.0,True,True,1,0,0,0,0,360.6529113818321,358.64403041433843,377.1496552421417,108.4312133990884,0.10688685899468217,0.9994102803279952,1,0.23333333333333334,0.20956916512690718,0.3300756919948251,-8.012174622099955,-18.035671378260677,17.304933569211876,20.236483989726995,251.88344935656698,9abb0362dfcc1d18c3e49633d567b5fb1f5fe04a89a309de99ce54f0e863b7d6,BROAD,False
B_A_SHOULDER_PAIR_DS_M,B,A_SHOULDER_PAIR,DS,M,2,352,354,1.0,True,True,1,0,0,0,0,56.195129044340796,52.450648798289876,113.22254887636839,800.2462182150706,0.19347219261158233,0.8772467461100187,1,0.2033898305084746,0.11518198500115878,0.18169316190069365,-9.506520726283096,-24.90395091109059,19.508897116606285,22.607509011168702,368.1190804111677,1774cd1245b50b38238f0ed7bc178f000b5d34cebb0d27667c18cc323e97ed95,MEDIUM,False
B_A_SHOULDER_PAIR_DS_M,B,A_SHOULDER_PAIR,DS,M,3,1408,1410,1.0,True,True,1,0,0,0,0,29.60570355751757,26.86573987120118,83.65921694108823,196.87025720438862,0.1944391048850861,0.8684697385885317,19,0.07872340425531915,0.0698568618345401,0.10255940677727886,-10.240789429229524,-26.623511349789307,20.334419904744937,23.460063330744486,394.10162161772473,4e4078ab469dea2d0351b3e38fa6fe79218eab2cb653b780de7de41374e6ac5a,MEDIUM,False
B_A_SHOULDER_PAIR_DS_M,B,A_SHOULDER_PAIR,DS,M,4,5632,5634,1.0,True,True,1,0,0,0,0,6.609557833044141,4.46201765965583,45.26295426155394,36.982617717381906,0.31204499109084827,0.5857294792691426,33,0.19169329073482427,0.03757067680081171,0.05718019531893244,-10.39267975425907,-27.059331588728487,20.261763184029412,23.417553814772685,400.7141842381417,b38422ac60239654dc69bb06c19c87fa3147ed94f5bec26d3cc34ec073ab8dd4,FINE,False
B_A_SHOULDER_PAIR_DS_M,B,A_SHOULDER_PAIR,DS,M,5,22528,22530,1.0,True,True,1,0,0,0,0,2.2428184767135586,1.536583790391402,17.036066372513652,4.1128970032294125,0.30690364419646843,0.5859496506244081,169,0.17887261429205503,0.021955701814065327,0.033110023552756114,-10.440632788810822,-27.169100447985027,20.270269727129488,23.43090163591228,402.2971826233321,33fee913b510a93637124a7305b06c1182552a55e2b808af33aefba2a46cf294,FINE,False
B_A_SHOULDER_PAIR_DS_M,B,A_SHOULDER_PAIR,DS,M,6,90112,90114,1.0,True,True,1,0,0,0,0,0.6140390306240001,0.40594412131945334,5.011841078537188,0.34069174681930287,0.3207238023812957,0.5673997041951503,679,0.17846283596333534,0.012269373744013672,0.018376793054722895,-10.452498013830237,-27.19621109334077,20.26713568595202,23.431256539116973,402.6891599515623,897d99244d1764f5f8abc129a2e4ce0e0b3fe23dcf0b7c494b70cc2f846cdf15,FINE,False
B_A_SHOULDER_PAIR_DS_P,B,A_SHOULDER_PAIR,DS,P,0,24,22,1.0,True,True,1,0,0,0,0,,,,,,,,,,,0.0,0.0,0.0,0.0,0.0,5c70c20d94bf8982c90b158fe2701f99d33a54d6dc9de3641f408528f3c4822d,SOURCE,False
B_A_SHOULDER_PAIR_DS_P,B,A_SHOULDER_PAIR,DS,P,1,88,90,1.0,True,True,1,0,0,0,0,233.2194590475695,226.60377443690084,375.1197639333183,3431.0062628569635,0.15134381718574896,0.9573723426801265,1,0.23333333333333334,0.2101492571140965,0.3285165699958484,-6.244837651326796,-20.8813694721959,8.193982596654138,11.900277153814498,325.92832981101606,a1c6e1dcc85af2d222984fe6d277a79b867e11bebc3fcb2973d47956ef36088b,MEDIUM,False
B_A_SHOULDER_PAIR_DS_P,B,A_SHOULDER_PAIR,DS,P,2,352,354,1.0,True,True,1,0,0,0,0,26.785302984551198,14.667435866380206,110.70444151180733,671.775355968677,0.3209340318848832,0.6019045960648376,2,0.1977401129943503,0.11074035665473753,0.17737669469147962,-7.118135595974529,-27.741852512721888,8.676671122002254,12.34937158640561,443.7669266285084,3890945e510ae7634316a3ea3d6ebd45b612789309f838b2e57f3758257f3e64,FINE,False
B_A_SHOULDER_PAIR_DS_P,B,A_SHOULDER_PAIR,DS,P,3,1408,1410,1.0,True,True,1,0,0,0,0,14.210515005242955,10.102255884540106,77.48846065565812,171.4716291436499,0.31223428016966065,0.5860164735372699,1,0.20070921985815604,0.05992304481252049,0.093780973884996,-7.500153418660005,-29.509592470349656,8.85524949518417,12.530818946644606,472.2081450851218,4e1cc01b9539db90ba11590eed317cfd4d7dc04876a690af9f7e35e72b059872,FINE,False
B_A_SHOULDER_PAIR_DS_P,B,A_SHOULDER_PAIR,DS,P,4,5632,5634,1.0,True,True,1,0,0,0,0,17.226583952939233,15.587454031688832,46.51501423165855,47.34132992004092,0.18360024968983643,0.9187815384475474,258,0.03035143769968051,0.0539093070572216,0.07235530800657698,-7.751952645422611,-29.87018567150721,9.417100845789307,12.968522193267695,476.7749727422576,e7fa429b876dd27caf50d6bd302b910de5311eb9d59ff77ddf42ab25f6ac45ba,BROAD,False
B_A_SHOULDER_PAIR_DS_P,B,A_SHOULDER_PAIR,DS,P,5,22528,22530,1.0,True,True,1,0,0,0,0,5.957442810329689,5.471543832133521,17.631605587988705,5.712266922755508,0.18533245802994835,0.9184022412299456,916,0.02796271637816245,0.04043050337854858,0.055235333432308756,-7.833018143524384,-29.954109022305076,9.558797698098132,13.164719585883278,477.65720463282076,afb9748feff829b9e5d081819f71c8dd03fb4d2fb5f6a7cdef726d306b55d67b,BROAD,False
B_A_SHOULDER_PAIR_DS_P,B,A_SHOULDER_PAIR,DS,P,6,90112,90114,1.0,True,True,1,0,0,0,0,1.624042169908045,1.5168828170621143,5.348688336797672,0.5870317777428731,0.1956799048645873,0.8843697441993594,2704,0.007668064895576714,0.02648186874025146,0.035987828857752875,-7.8533524876848615,-29.974489182585074,9.534744054146493,13.161533794098034,477.86664483498475,234a2f5084a5b5debd67d49968cb1aa1b0b3f03d55938f8737dfb0503ff1ced6,BROAD,False
B_A_SHOULDER_PAIR_DS_R,B,A_SHOULDER_PAIR,DS,R,0,24,22,1.0,True,True,1,0,0,0,0,,,,,,,,,,,0.0,0.0,0.0,0.0,0.0,5c70c20d94bf8982c90b158fe2701f99d33a54d6dc9de3641f408528f3c4822d,SOURCE,False
B_A_SHOULDER_PAIR_DS_R,B,A_SHOULDER_PAIR,DS,R,1,88,90,1.0,True,True,1,0,0,0,0,121.7651813496711,125.04653352655075,375.1197639333183,7842.11378755528,0.24942292255462165,0.7290202829372701,1,0.23333333333333334,0.20876241380485974,0.32676562439177165,-3.8381481208185853,-23.75318431568433,1.6314935064934977,3.1076066790352463,395.8103354978355,77dca4e53ceee535b8274c80d51c6bbf5cf9201174526b4a339e1f2e1850811d,FINE,False
B_A_SHOULDER_PAIR_DS_R,B,A_SHOULDER_PAIR,DS,R,2,352,354,1.0,True,True,1,0,0,0,0,48.04186095852353,43.189595827450766,108.69608034378784,681.4869687664791,0.20329720712338475,0.8539882460277717,1,0.2033898305084746,0.11371172735223221,0.1794985444697681,-5.021933319850714,-30.219364867681143,3.519943007037085,4.924811829196019,504.68293675685936,8f9fde0cf5a1262e6a2ba12c98c1cd9f00a92f4071271e1f19ad8bee193730dd,MEDIUM,False
B_A_SHOULDER_PAIR_DS_R,B,A_SHOULDER_PAIR,DS,R,3,1408,1410,1.0,True,True,1,0,0,0,0,25.566113296425684,23.373052628868003,82.20298115566672,170.94246176536743,0.2035099795127908,0.8442730157269441,15,0.09148936170212765,0.06921494053365569,0.10148250791786183,-5.564969682956711,-31.81683157157079,4.209350038543835,5.681719510919581,529.4250769630556,30150563c1733e6a74d0287b752e8b4c6c359dcdfa85fb4963000b9254ea4f24,MEDIUM,False
B_A_SHOULDER_PAIR_DS_R,B,A_SHOULDER_PAIR,DS,R,4,5632,5634,1.0,True,True,1,0,0,0,0,16.501790859866166,14.899325146235277,47.14576150416812,48.82007724891866,0.18770079079020996,0.9099683633139651,236,0.03532126375576855,0.05797251386933006,0.0783740325301241,-5.794434801635795,-32.15332313892459,4.698190468958541,6.095581401927941,533.7455973268181,e08f051b50a18f00f5918c4ad146673a459956ec0646f6a4fca48807ecfea863,BROAD,False
B_A_SHOULDER_PAIR_DS_R,B,A_SHOULDER_PAIR,DS,R,5,22528,22530,1.0,True,True,1,0,0,0,0,5.679862897771766,5.241686648770328,17.86234819240813,5.729695477008484,0.18976505376157254,0.9100545971331468,904,0.008788282290279626,0.04395044343257594,0.0595816496522242,-5.8672960534106755,-32.23162124938713,4.818644279519546,6.29624223491807,534.5931864269683,1dd4223171abcc4441d1e26b72ed1861d5b16d013f5ce46e2ba4b4996d94e7b8,BROAD,False
B_A_SHOULDER_PAIR_DS_R,B,A_SHOULDER_PAIR,DS,R,6,90112,90114,1.0,True,True,1,0,0,0,0,1.5461353119429686,1.442593062115831,5.395580288843546,0.5689562137473656,0.19947332026912545,0.8763418718429212,2512,0.007390638524535588,0.028323726548354928,0.03837975421454189,-5.885500715960424,-32.250655561448674,4.790341804206988,6.2457941032181274,534.7953291270458,eeb1d0a7560aa273bff31e85662fa941ad27a316b485ba36063d0966b2282e94,BROAD,False
B_A_SHOULDER_PAIR_DS_S,B,A_SHOULDER_PAIR,DS,S,0,24,22,1.0,True,True,1,0,0,0,0,,,,,,,,,,,0.0,0.0,0.0,0.0,0.0,5c70c20d94bf8982c90b158fe2701f99d33a54d6dc9de3641f408528f3c4822d,SOURCE,False
B_A_SHOULDER_PAIR_DS_S,B,A_SHOULDER_PAIR,DS,S,1,88,90,1.0,True,True,1,0,0,0,0,233.2194590475695,226.60377443690084,375.1197639333183,3431.0062628569635,0.15134381718574896,0.9573723426801265,1,0.23333333333333334,0.2101492571140965,0.3285165699958484,-6.244837651326796,-20.8813694721959,8.193982596654138,11.900277153814498,325.92832981101606,a1c6e1dcc85af2d222984fe6d277a79b867e11bebc3fcb2973d47956ef36088b,MEDIUM,False
B_A_SHOULDER_PAIR_DS_S,B,A_SHOULDER_PAIR,DS,S,2,352,354,1.0,True,True,1,0,0,0,0,51.75663979219974,46.8854828178022,110.70444151180733,738.59519860815,0.1985537092489644,0.8645503335625025,1,0.2033898305084746,0.11428904101489536,0.18039989679572146,-7.562085115797002,-27.562881606785115,10.166430170061558,13.791936136016258,438.2861877971868,5a23f361fe68b386af8c856faf0eaed928121c33370034280b2a620f8f318475,MEDIUM,False
B_A_SHOULDER_PAIR_DS_S,B,A_SHOULDER_PAIR,DS,S,3,1408,1410,1.0,True,True,1,0,0,0,0,27.394515165831443,24.946684618562735,82.85762008962173,183.01812679785354,0.19959371038597942,0.855514673796942,11,0.08439716312056737,0.06908516671784434,0.10157862468195747,-8.186557889820023,-29.22306580033386,10.931909547030493,14.631337393530885,463.6199260042007,1e9bdfc99b700a13023d01d74bdec8f24990e1bd00e66fc702ccb7d2d35f8883,MEDIUM,False
B_A_SHOULDER_PAIR_DS_S,B,A_SHOULDER_PAIR,DS,S,4,5632,5634,1.0,True,True,1,0,0,0,0,11.63637805982367,10.300955200612167,46.28570663178238,38.198089613531295,0.21689920990696757,0.8383894677240513,126,0.042598509052183174,0.042340934508588286,0.061982661267658175,-8.394735478152004,-29.603148229703358,10.995660468315283,14.71038496680026,468.9465461184665,861943609f6b14638050a168e95949fd84f0cbd443fccd83d9a1b41e52561dd6,MEDIUM,False
B_A_SHOULDER_PAIR_DS_S,B,A_SHOULDER_PAIR,DS,S,5,22528,22530,1.0,True,True,1,0,0,0,0,3.9646291192828453,3.5566373716792032,17.14780859373681,4.240045749258347,0.21330113595232372,0.8380702694816888,466,0.04110075454948957,0.028760629758165623,0.04092931351919421,-8.460544087217169,-29.694964873952014,11.071404188145607,14.817672136856764,470.1171776564754,4370866b86e5432cb49e056c68482f77e773a9379f7dc8be892219cd617f4b3e,MEDIUM,False
B_A_SHOULDER_PAIR_DS_S,B,A_SHOULDER_PAIR,DS,S,6,90112,90114,1.0,True,True,1,0,0,0,0,1.0832218392424258,0.9504687320504841,5.211002365441834,0.3945086282391081,0.22407814725337014,0.8075894975354716,1694,0.03575471069978028,0.017682014211866843,0.025024273133541906,-8.476917376809967,-29.717472245933273,11.073417260785767,14.831538871972306,470.4032425338937,b06bbc4b75dbdb1bfd61eb4107ad4d42ce64768f68d64f0d0a524a49b8b2f2e5,MEDIUM,False
B_A_SHOULDER_PAIR_DS_U,B,A_SHOULDER_PAIR,DS,U,0,24,22,1.0,True,True,1,0,0,0,0,,,,,,,,,,,0.0,0.0,0.0,0.0,0.0,5c70c20d94bf8982c90b158fe2701f99d33a54d6dc9de3641f408528f3c4822d,SOURCE,True
B_A_SHOULDER_PAIR_DS_U,B,A_SHOULDER_PAIR,DS,U,1,88,90,1.0,True,True,1,0,0,0,0,373.4319744777462,375.1197639333183,379.73982842650105,27.17614013119113,0.10400027464592533,0.9998873242110221,3,0.1,0.20924569375500426,0.33012703261833926,-8.086776859504141,-17.850233100233094,18.272727272727284,20.88311688311688,246.51515151515153,4f58b66d990f3816316288d3bd453e146a831674f001cd2f3e0cc4de6e34b732,UNIFORM,True
B_A_SHOULDER_PAIR_DS_U,B,A_SHOULDER_PAIR,DS,U,2,352,354,1.0,True,True,1,0,0,0,0,91.1566708052353,104.34258772349537,132.25065245943406,1183.150373105048,0.14563083027057191,0.9408720118206257,3,0.07344632768361582,0.12311191006320685,0.1880922922244466,-10.003563269143257,-24.546384872486072,23.018596244476953,25.263919010885804,355.69394793689213,3bf1f67a93fb9a7c0df2f8c6135c8b1ee096f9a5e4502e3e0ebca3801316b364,UNIFORM,True
B_A_SHOULDER_PAIR_DS_U,B,A_SHOULDER_PAIR,DS,U,3,1408,1410,1.0,True,True,1,0,0,0,0,48.97965457733241,51.71964368733371,100.93110022734561,324.4341691201975,0.16908897600475706,0.931439309574935,41,0.010638297872340425,0.09178878189373524,0.12243929711653713,-11.038393191256157,-26.151310871879872,24.918968255159957,26.776944194183947,377.35315053807875,590f6d3a791a5ff425f612125c2aafc3f3d5b211885b0b53bb6828b098d21b3a,UNIFORM,True
B_A_SHOULDER_PAIR_DS_U,B,A_SHOULDER_PAIR,DS,U,4,5632,5634,1.0,True,True,1,0,0,0,0,21.032134843748214,18.826082491297953,56.86667494238485,79.81419992109758,0.18751215369706448,0.919080984330442,280,0.007099751508697196,0.06435600739756245,0.08889646876358442,-11.407723200255159,-26.500315103371708,25.19150287265819,27.233376395239684,380.9370783644701,cb09e4664cad409d2a968bfe0f63f5fea29ba47cdd3517b5a8f04339d683f6b2,UNIFORM,True
B_A_SHOULDER_PAIR_DS_U,B,A_SHOULDER_PAIR,DS,U,5,22528,22530,1.0,True,True,1,0,0,0,0,7.164698369712067,6.528844305068245,21.505334383740998,8.511620337624981,0.18672229718949931,0.9229305043143654,1084,0.006702174877940524,0.04866137065794009,0.06546096147611517,-11.523676306194474,-26.58132090141504,25.378723216471144,27.48563705022249,381.5317272023519,f46aa2c269372fac90c552eaca8ad95db765be6eca3b4a8cc383def4b87cb812,UNIFORM,True
B_A_SHOULDER_PAIR_DS_U,B,A_SHOULDER_PAIR,DS,U,6,90112,90114,1.0,True,True,1,0,0,0,0,1.9388342879216873,1.8015766317559956,6.57361702929554,0.8353753999130942,0.19498705344413977,0.8905214516714756,3400,0.006347515369420955,0.03036394882902114,0.041559258849791385,-11.5525910943437,-26.60101702484955,25.363025901466795,27.452356344613893,381.67138482411093,59d812cf7ca8b1bc03f9cb5f3de41e4f8cb087ae42f8ecbbe249b1ccb0ae6690,UNIFORM,True
B_C_UPPER_BIAS_CC_M,B,C_UPPER_BIAS,CC,M,0,24,22,1.0,True,True,1,0,0,0,0,,,,,,,,,,,0.0,0.0,0.0,0.0,0.0,5c70c20d94bf8982c90b158fe2701f99d33a54d6dc9de3641f408528f3c4822d,SOURCE,False
B_C_UPPER_BIAS_CC_M,B,C_UPPER_BIAS,CC,M,1,90,88,1.0,True,True,1,0,0,0,0,191.93498922329894,169.84043052102317,501.3280565241684,16363.385866612029,0.2521439446902739,0.9461086470051341,2,0.11363636363636363,0.2274719936941698,0.3522911232174016,0.7966728958283209,-23.844991927517924,15.37844441444085,16.64288103491498,475.9565260513791,f7f72d80bb6bffb0151230e2794f617d2ea46b716467c18027bc38f8179acffb,BROAD,False
B_C_UPPER_BIAS_CC_M,B,C_UPPER_BIAS,CC,M,2,354,352,1.0,True,True,1,20,0,0,0,78.52642479064404,51.66111566842979,389.5101421359778,4607.880039314308,0.30288743539325025,0.9095602183152992,7,0.17045454545454544,0.14271968161021192,0.20293847171981963,1.8636204260227274,-26.749265272502566,8.3733989522496,9.951387450837013,532.0822770937366,9fc5011fb0f66ce2e22996e7d3a6c94ba5c2efccfbba6a51fd6b9570c6138fd5,MEDIUM,False
B_C_UPPER_BIAS_CC_M,B,C_UPPER_BIAS,CC,M,3,1410,1408,1.0,True,True,1,44,0,0,0,28.45420050306384,13.754945005390434,322.1709421176539,1589.9446534966526,0.43076677879654685,0.67513572268426,11,0.17258522727272727,0.10151617151053832,0.12890333296371187,1.8893887600542447,-27.457860473956618,6.990340889277569,8.281020357985014,544.2049563490398,2f6bd90da317ae4af74b32e78033ad5d6973228063214d92ae09db246b0148e4,MEDIUM,False
B_C_UPPER_BIAS_CC_M,B,C_UPPER_BIAS,CC,M,4,5634,5632,1.0,True,True,1,24,0,4,0,8.62248871121896,4.717834128730033,149.11985109075428,210.79301097990827,0.48386288079265705,0.47919159642998627,27,0.18039772727272727,0.05705830824736162,0.0784793933285415,1.8175128630766757,-27.67922040295243,6.614143699596986,6.959244602515424,546.9752248202149,80be752f27853e60d8c07881a87b5fe1cfad90c821fd7f917dc69ed8eb1c06c0,FINE,False
B_C_UPPER_BIAS_CC_M,B,C_UPPER_BIAS,CC,M,5,22530,22528,1.0,True,True,1,0,0,0,0,2.426302660831385,1.2765056637110683,60.115370815974316,19.561470665439725,0.4870235987499888,0.37290032599167033,74,0.1875,0.03183471422156382,0.0448960773476966,1.7643733645771764,-27.749010126730578,6.555856857204945,6.831829939189071,547.5125556794457,81ea13c99e55f5704d4436f06be28ec6efae393d985aa5f8a72f57fbf7ccc8f6,FINE,False
B_C_UPPER_BIAS_CC_U,B,C_UPPER_BIAS,CC,U,0,24,22,1.0,True,True,1,0,0,0,0,,,,,,,,,,,0.0,0.0,0.0,0.0,0.0,5c70c20d94bf8982c90b158fe2701f99d33a54d6dc9de3641f408528f3c4822d,SOURCE,True
B_C_UPPER_BIAS_CC_U,B,C_UPPER_BIAS,CC,U,1,90,88,1.0,True,True,1,8,0,0,0,193.32883373222646,135.57038594220265,417.76226518818504,18749.03826433493,0.2130826987243252,0.9807549174923119,2,0.13636363636363635,0.23396205781701127,0.3569938721989175,-1.2664238117698123,-21.35632578445257,18.272727272727284,20.88311688311688,406.3349066017486,ae5a857efb6df290804fd4fc7fb359905b37907af5ea77021ef18bbb70bf0ea5,UNIFORM,True
B_C_UPPER_BIAS_CC_U,B,C_UPPER_BIAS,CC,U,2,354,352,1.0,True,True,1,100,0,8,0,130.61190218833062,35.84860370800099,456.8378950958456,20005.377562537986,0.327739554515571,0.9700680749007417,12,0.022727272727272728,0.23190907198362487,0.26553987229737425,-0.2523161026624199,-22.74525077826599,15.980484050440369,16.254575760710587,431.50386566092885,4d905fce7b8f671d695f2dd97e5886980335b967390ca93bbf4d51e27fe1bd83,UNIFORM,True
B_C_UPPER_BIAS_CC_U,B,C_UPPER_BIAS,CC,U,3,1410,1408,1.0,True,True,1,352,0,44,0,74.74322382388196,14.424739751266284,388.4202167743601,9330.91594536205,0.41140226252883655,0.8713218409884022,12,0.07244318181818182,0.2609323102622171,0.2592656130167223,0.5683559709992236,-22.7385398530633,15.315698305123583,16.296536071428804,435.6399875303591,e12319be94fd8cd7ffc3acc6ef2d5a7286baef8153687c068e7858330c200c36,UNIFORM,True
B_C_UPPER_BIAS_CC_U,B,C_UPPER_BIAS,CC,U,4,5634,5632,1.0,True,True,1,364,0,20,0,28.990514171286662,6.243144780427015,182.52284844666764,1400.9219956960806,0.40793355455039204,0.7748604681376837,24,0.07244318181818182,0.18963338848829991,0.2152996277623145,0.7497671565730668,-22.777129071962566,13.455989113175914,14.506137859861035,437.82063072725134,0497f0e8d820d82609442beb68ea432178d0e5c200c5ba76dfc5b2b10fb70587,UNIFORM,True
B_C_UPPER_BIAS_CC_U,B,C_UPPER_BIAS,CC,U,5,22530,22528,1.0,True,True,1,80,0,0,0,9.795031274674695,5.281421266800883,85.19533564966962,131.99785897376182,0.38732694029519776,0.7276257597962381,216,0.046075994318181816,0.12695259590223484,0.14965124172764044,0.7319990264474052,-22.911460108945082,13.323413488316337,14.29975506432739,440.33279475595384,295f24d6366158d2f2d0bcd6c275e7d53c119e5da76a94fdd82a1f499dd7843a,UNIFORM,True
B_C_UPPER_BIAS_HYBRID_M,B,C_UPPER_BIAS,HYBRID,M,0,24,22,1.0,True,True,1,0,0,0,0,,,,,,,,,,,0.0,0.0,0.0,0.0,0.0,5c70c20d94bf8982c90b158fe2701f99d33a54d6dc9de3641f408528f3c4822d,SOURCE,False
B_C_UPPER_BIAS_HYBRID_M,B,C_UPPER_BIAS,HYBRID,M,1,90,88,1.0,True,True,1,0,0,0,0,191.93498922329894,169.84043052102317,501.3280565241684,16363.385866612029,0.2521439446902739,0.9461086470051341,2,0.11363636363636363,0.2274719936941698,0.3522911232174016,0.7966728958283209,-23.844991927517924,15.37844441444085,16.64288103491498,475.9565260513791,f7f72d80bb6bffb0151230e2794f617d2ea46b716467c18027bc38f8179acffb,BROAD,False
B_C_UPPER_BIAS_HYBRID_M,B,C_UPPER_BIAS,HYBRID,M,2,354,352,1.0,True,True,1,20,0,0,0,78.52642479064404,51.66111566842979,389.5101421359778,4607.880039314308,0.30288743539325025,0.9095602183152992,7,0.17045454545454544,0.14271968161021192,0.20293847171981963,1.8636204260227274,-26.749265272502566,8.3733989522496,9.951387450837013,532.0822770937366,9fc5011fb0f66ce2e22996e7d3a6c94ba5c2efccfbba6a51fd6b9570c6138fd5,MEDIUM,False
B_C_UPPER_BIAS_HYBRID_M,B,C_UPPER_BIAS,HYBRID,M,3,1410,1408,1.0,True,True,1,44,0,0,0,28.45420050306384,13.754945005390434,322.1709421176539,1589.9446534966526,0.43076677879654685,0.67513572268426,11,0.17258522727272727,0.10151617151053832,0.12890333296371187,1.8893887600542447,-27.457860473956618,6.990340889277569,8.281020357985014,544.2049563490398,2f6bd90da317ae4af74b32e78033ad5d6973228063214d92ae09db246b0148e4,MEDIUM,False
B_C_UPPER_BIAS_HYBRID_M,B,C_UPPER_BIAS,HYBRID,M,4,5632,5634,1.0,True,True,1,0,0,0,0,6.802765438744234,2.5764013258295773,93.0489729404654,121.58085587107551,0.495694038819033,0.3052524330988265,2,0.20003549875754348,0.05293001141463985,0.07470056103710071,1.7483160225408412,-27.685860215353408,6.748554798201223,6.838286583304365,546.2922181459943,abd007bd9d67bb74f21956fcd9d263c382d91b97c5a406e697abfcfd9b5c9a7f,FINE,False
B_C_UPPER_BIAS_HYBRID_M,B,C_UPPER_BIAS,HYBRID,M,5,22528,22530,1.0,True,True,1,0,0,0,0,1.2180387739346332,0.41627199068155873,15.566785189170265,4.0182494763002286,0.509936579297656,0.3129306193770313,171,0.19143364403018198,0.028648155683948733,0.04174029350036416,1.6839736886800294,-27.77177437572632,6.699462200162398,6.78116459582796,546.9883679040868,e0666428229ea3c7aceb67128a2aa94120b8a55974f8853c47d044145f8832ba,FINE,False
B_C_UPPER_BIAS_HYBRID_M,B,C_UPPER_BIAS,HYBRID,M,6,90112,90114,1.0,True,True,1,0,0,0,0,0.29574424813951955,0.10304631072989826,4.539498629021093,0.23677142651973251,0.5084821122814677,0.3091914630442766,691,0.1908027609472446,0.015269089224740573,0.0230790037254521,1.666265084157681,-27.79494439779,6.6913780057498595,6.768478236369924,547.1732322115249,6d19347a07f1f94bef4b81bf0d10b9023d92602f729f0ad2104530a32528f8f8,FINE,False
B_C_UPPER_BIAS_HYBRID_R,B,C_UPPER_BIAS,HYBRID,R,0,24,22,1.0,True,True,1,0,0,0,0,,,,,,,,,,,0.0,0.0,0.0,0.0,0.0,5c70c20d94bf8982c90b158fe2701f99d33a54d6dc9de3641f408528f3c4822d,SOURCE,False
B_C_UPPER_BIAS_HYBRID_R,B,C_UPPER_BIAS,HYBRID,R,1,90,88,1.0,True,True,1,0,0,0,0,199.42070642227964,138.61022279038727,621.4280646270917,26614.125849855514,0.29735455918060033,0.8917761523159262,2,0.11363636363636363,0.212865884056315,0.337996080934366,4.2513359770059544,-27.519296908345403,2.0303030303030267,10.441558441558453,577.7777777777777,fa25aefdb2c1bf86ac247d3d0f3cf93cc170e7476cdea459213e996e4b5cc00e,FINE,False
B_C_UPPER_BIAS_HYBRID_R,B,C_UPPER_BIAS,HYBRID,R,2,354,352,1.0,True,True,1,12,0,0,0,61.38403513967661,38.82784402282484,384.46859928037475,3484.4420687969987,0.33765442188172884,0.8670582411966429,3,0.17045454545454544,0.1277952675477158,0.18886955899590185,3.8191368994128894,-31.301170088909846,6.152220288768717e-05,4.198601555117087,635.5771927234662,0dc6d9b29858bc037aab0d462643f4080c3a68b3b27df0b2626d2daf2983ae18,MEDIUM,False
B_C_UPPER_BIAS_HYBRID_R,B,C_UPPER_BIAS,HYBRID,R,3,1410,1408,1.0,True,True,1,32,0,4,0,24.894605073820987,12.167219271248108,319.5721011701533,1387.772509336363,0.444273083676089,0.6364785323080233,9,0.18181818181818182,0.09140291838030186,0.11779088953793934,3.7213432895658594,-32.117992906878065,-0.2909565301974171,2.7479370207604603,646.4141491683416,faf5cacae7062207ed325f671f10a99cadb93aa2c2d9d317a62ca2b8d49be133,MEDIUM,False
B_C_UPPER_BIAS_HYBRID_R,B,C_UPPER_BIAS,HYBRID,R,4,5632,5634,1.0,True,True,1,0,0,0,0,18.933759037017985,17.65013088999016,92.86999524846489,66.17619395217888,0.19347585175524953,0.8869368632335064,43,0.17660631877884275,0.04726736645549841,0.06712572993298382,3.276286870992373,-32.44325351241848,0.11565475241488432,1.5995293886916784,647.1510363962758,9dbac251dab0ecff28599ad94a726d593ba8ac7647cbfa0f5208125a8a543460,BROAD,False
B_C_UPPER_BIAS_HYBRID_R,B,C_UPPER_BIAS,HYBRID,R,5,22528,22530,1.0,True,True,1,0,0,0,0,3.604538503912157,3.2361634524749316,15.394525813738344,4.4174189708558345,0.22099416881236583,0.8589615259761594,1227,0.08402130492676431,0.043860145257097444,0.05167955755541555,3.1671851386735117,-32.5219794554777,0.24694711002397618,1.6105419947347377,647.599102608209,d997ed530fbc0952f7117406c3e8b92d104771fe3cce6007dd18e66e44308a91,BROAD,False
B_C_UPPER_BIAS_HYBRID_R,B,C_UPPER_BIAS,HYBRID,R,6,90112,90114,1.0,True,True,1,0,0,0,0,0.8812461397915626,0.7994856077537054,4.501436057547281,0.2651552432243387,0.22145490912940505,0.8502223714531915,4343,0.10613223250549304,0.028520426915856465,0.038837776482015196,3.141226791226237,-32.54157298107706,0.27123615518165334,1.612064872390051,647.7101160321893,65aaa460b80cef63480391f46aef80c2932095adadde9cb56df8d8f874e88172,BROAD,False
B_C_UPPER_BIAS_HYBRID_S,B,C_UPPER_BIAS,HYBRID,S,0,24,22,1.0,True,True,1,0,0,0,0,,,,,,,,,,,0.0,0.0,0.0,0.0,0.0,5c70c20d94bf8982c90b158fe2701f99d33a54d6dc9de3641f408528f3c4822d,SOURCE,False
B_C_UPPER_BIAS_HYBRID_S,B,C_UPPER_BIAS,HYBRID,S,1,90,88,1.0,True,True,1,0,0,0,0,198.0604246995928,147.4235399572278,610.1697451806986,21979.893608372673,0.2910633526100037,0.89811293442715,2,0.11363636363636363,0.2185430536996445,0.34372893135903904,3.420985120997888,-26.842295273426732,7.879836565085263,11.369464116916461,562.5422347260105,2b272543b4941a7be9c5e1e450b287285e6526a4aa67d6ff76462eb2fe46b452,MEDIUM,False
B_C_UPPER_BIAS_HYBRID_S,B,C_UPPER_BIAS,HYBRID,S,2,354,352,1.0,True,True,1,16,0,0,0,66.74412085228788,44.431126767453605,385.76832908966503,3813.1972305948784,0.3252517109489095,0.8820547320829447,3,0.18181818181818182,0.13234470702793474,0.19345122170365792,3.4082979841007166,-30.34816675160115,3.730001802992744,5.094918402088311,620.0475125540383,8165d277c1515f44b2d4440c5dc07cc0395a9c3f4d3bb31b4d29324c7592adf7,MEDIUM,False
B_C_UPPER_BIAS_HYBRID_S,B,C_UPPER_BIAS,HYBRID,S,3,1410,1408,1.0,True,True,1,32,0,4,0,26.046376304013794,12.870193805515468,320.2951413620926,1467.6384136684408,0.44349194790609014,0.6463541080379328,13,0.17542613636363635,0.0941163702184003,0.12101731621440791,3.3606998163871804,-31.1148179802472,2.80508017775678,3.6086142880979555,631.0946554134875,4621b0c62e6124d98e0295cdc26c1d00bc54c1d8b5fac7d34f266663d9772c36,MEDIUM,False
B_C_UPPER_BIAS_HYBRID_S,B,C_UPPER_BIAS,HYBRID,S,4,5632,5634,1.0,True,True,1,0,0,0,0,10.936773505326865,8.503389163664254,92.79581487120318,103.81584326187304,0.3141543947013547,0.5808513138103257,23,0.19630812921547747,0.048529939819565035,0.06899747884142056,3.1221852359595292,-31.39482679386737,2.7571421945198793,2.3077958625931982,632.8274520488113,04d93623f6c0b96f144f30306b4a8a01624c53016e0a3b4eff414a0ef3bcd5f9,MEDIUM,False
B_C_UPPER_BIAS_HYBRID_S,B,C_UPPER_BIAS,HYBRID,S,5,22528,22530,1.0,True,True,1,0,0,0,0,2.0242539608340224,1.3701372318842537,15.438053273343746,3.9027548464403257,0.32671592323158777,0.5917404762472386,570,0.16582334664891257,0.030371935474430952,0.04135217089743684,3.0459659250514415,-31.480604721173066,2.8208146036550197,2.257168493639039,633.4301454857512,f001f1c8888e580b8056f7be953c00c0900e606408bf96f06bacccfbca64802f,MEDIUM,False
B_C_UPPER_BIAS_HYBRID_S,B,C_UPPER_BIAS,HYBRID,S,6,90112,90114,1.0,True,True,1,0,0,0,0,0.4933672662547247,0.33721935758242044,4.503605896909314,0.23037939297921303,0.32506750049388655,0.5870819121021449,2190,0.16775417804114787,0.017739461458958515,0.025537899126479597,3.0264147910309624,-31.503049444136277,2.833520793439348,2.2431790470310187,633.5888060651847,1acbb263a0d693a54b139115739715c735c4534e6c4eaa2deaddaec735574bf9,MEDIUM,False
B_C_UPPER_BIAS_HYBRID_U,B,C_UPPER_BIAS,HYBRID,U,0,24,22,1.0,True,True,1,0,0,0,0,,,,,,,,,,,0.0,0.0,0.0,0.0,0.0,5c70c20d94bf8982c90b158fe2701f99d33a54d6dc9de3641f408528f3c4822d,SOURCE,True
B_C_UPPER_BIAS_HYBRID_U,B,C_UPPER_BIAS,HYBRID,U,1,90,88,1.0,True,True,1,8,0,0,0,193.32883373222646,135.57038594220265,417.76226518818504,18749.03826433493,0.2130826987243252,0.9807549174923119,2,0.13636363636363635,0.23396205781701127,0.3569938721989175,-1.2664238117698123,-21.35632578445257,18.272727272727284,20.88311688311688,406.3349066017486,ae5a857efb6df290804fd4fc7fb359905b37907af5ea77021ef18bbb70bf0ea5,UNIFORM,True
B_C_UPPER_BIAS_HYBRID_U,B,C_UPPER_BIAS,HYBRID,U,2,354,352,1.0,True,True,1,100,0,8,0,130.61190218833062,35.84860370800099,456.8378950958456,20005.377562537986,0.327739554515571,0.9700680749007417,12,0.022727272727272728,0.23190907198362487,0.26553987229737425,-0.2523161026624199,-22.74525077826599,15.980484050440369,16.254575760710587,431.50386566092885,4d905fce7b8f671d695f2dd97e5886980335b967390ca93bbf4d51e27fe1bd83,UNIFORM,True
B_C_UPPER_BIAS_HYBRID_U,B,C_UPPER_BIAS,HYBRID,U,3,1410,1408,1.0,True,True,1,352,0,44,0,74.74322382388196,14.424739751266284,388.4202167743601,9330.91594536205,0.41140226252883655,0.8713218409884022,12,0.07244318181818182,0.2609323102622171,0.2592656130167223,0.5683559709992236,-22.7385398530633,15.315698305123583,16.296536071428804,435.6399875303591,e12319be94fd8cd7ffc3acc6ef2d5a7286baef8153687c068e7858330c200c36,UNIFORM,True
B_C_UPPER_BIAS_HYBRID_U,B,C_UPPER_BIAS,HYBRID,U,4,5632,5634,1.0,True,True,1,44,0,38,3,36.55968959013522,32.558992247242024,112.84298001865128,300.83369397615587,0.212762820704715,0.9007235667680838,76,0.06443024494142705,0.14149516444682017,0.17503814507099377,-0.09051010157881123,-23.261073813727318,13.254656198616189,14.271520289368024,440.47978496350356,e6d3469f741f58a40425288156f1f2fd7435880b613f1ac29936a9d92771de26,UNIFORM,True
B_C_UPPER_BIAS_HYBRID_U,B,C_UPPER_BIAS,HYBRID,U,5,22528,22530,1.0,True,True,1,68,0,26,0,5.8868471993195035,5.456704888708888,20.41673282841061,12.137596972783768,0.2234339183955354,0.8706989178385527,960,0.026098535286284953,0.0969998326608902,0.121213747484718,-0.5560022545686993,-23.846830145376764,13.1398925560698,14.29436323658624,447.0445175649809,5b388b061d50eed5f2f13991f3397a2c90280691a9b92a16a9bc54c7b2bee84c,UNIFORM,True
B_C_UPPER_BIAS_HYBRID_U,B,C_UPPER_BIAS,HYBRID,U,6,90112,90114,1.0,True,True,1,82,0,46,0,1.4189138807146207,1.2843171627563614,5.976393888318263,0.7148384340350937,0.22644781006910308,0.8553860860749977,3794,0.037530239474443484,0.05825690495198095,0.08269026951290467,-0.659405105470523,-23.974988937999655,13.127245546920951,14.273125775097405,448.4615447889065,5cfa14ab7e44bd335488e0baa3b86b17e01d0220da34b9727192c3b60e0ebe3d,UNIFORM,True
