root_id,root_absolute,relative,absolute,role,status,bytes,sha256_rechecked,expected_sha256
DATA,E:/CHESHIRE_DATA,research_archive/CHESHIRE_TASK01_31_MASTER_LEDGER.md,E:/CHESHIRE_DATA/research_archive/CHESHIRE_TASK01_31_MASTER_LEDGER.md,Original existing archive index/evidence; do not rewrite,FILE,233501,105e8ed042475d30971348160e5ac720e9eb8e16f7b3ca09ab8b0762d154aa61,
DATA,E:/CHESHIRE_DATA,research_archive/TECHNICAL_EVOLUTION.md,E:/CHESHIRE_DATA/research_archive/TECHNICAL_EVOLUTION.md,Original existing archive index/evidence; do not rewrite,FILE,38467,020ed52eac67682c2bc09954c42b35b0dba2753909ec5fdbcada766f2d9b3b96,
DATA,E:/CHESHIRE_DATA,research_archive/TURNING_POINTS.md,E:/CHESHIRE_DATA/research_archive/TURNING_POINTS.md,Original existing archive index/evidence; do not rewrite,FILE,19262,e490113c984b803e785c3e3a40ab5223c201adeba7f318b6e817d59ef6fa8591,
DATA,E:/CHESHIRE_DATA,research_archive/REFERENCE_TRACE.md,E:/CHESHIRE_DATA/research_archive/REFERENCE_TRACE.md,Original existing archive index/evidence; do not rewrite,FILE,45874,43e5f85f22f53ef989c6169584536a2a04d76a368a83a58d69fa2fa4e62bd9f0,
DATA,E:/CHESHIRE_DATA,research_archive/MISSING_MATERIAL.md,E:/CHESHIRE_DATA/research_archive/MISSING_MATERIAL.md,Original existing archive index/evidence; do not rewrite,FILE,11827,46685c7719ac05e7ca2320f89c53321b8efc967d4b5040fb48f15323ed1ef2a2,
DATA,E:/CHESHIRE_DATA,research_archive/IMAGE_CATALOG.md,E:/CHESHIRE_DATA/research_archive/IMAGE_CATALOG.md,Original existing archive index/evidence; do not rewrite,FILE,111889,a1e4e9a189b2744a3ce8a8a1a85a1697a9c4dfa868704448172c630b43fd6c12,
DATA,E:/CHESHIRE_DATA,research_archive/IMAGE_CATALOG.csv,E:/CHESHIRE_DATA/research_archive/IMAGE_CATALOG.csv,Original existing archive index/evidence; do not rewrite,FILE,62447,c75d909e79df2c506a0014ae86b13a0ccf994108203c0aed66799003e3f05bff,
DATA,E:/CHESHIRE_DATA,research_archive/source_inventory.json,E:/CHESHIRE_DATA/research_archive/source_inventory.json,Original existing archive index/evidence; do not rewrite,FILE,784404,94c1e6a4732c5dd3c67feecf0fe862c1b4ff12b0932754680801e68472145376,
DATA,E:/CHESHIRE_DATA,research_archive/selected_originals.json,E:/CHESHIRE_DATA/research_archive/selected_originals.json,Original existing archive index/evidence; do not rewrite,FILE,147340,3bcecea112af0a2e4c18615d2becd6a574910b9dccbdcad972cb8a00f3206b39,
DATA,E:/CHESHIRE_DATA,research_archive/ARCHIVE_MANIFEST.json,E:/CHESHIRE_DATA/research_archive/ARCHIVE_MANIFEST.json,Original existing archive index/evidence; do not rewrite,FILE,2058,9ba17b7131f5e308385d6e2d5770fb8c5f7255614af203071ad76eb7c48f9165,
DATA,E:/CHESHIRE_DATA,research_archive/VALIDATION.json,E:/CHESHIRE_DATA/research_archive/VALIDATION.json,Original existing archive index/evidence; do not rewrite,FILE,240786,218ddb45d9bd59b61ac144a013673d0e8b4b057aad95b5a3999d089e01eeb562,
DATA,E:/CHESHIRE_DATA,research_archive/references/cached_text/R1.txt,E:/CHESHIRE_DATA/research_archive/references/cached_text/R1.txt,Original reference text/PDF; local only,FILE,19688,a0315cb66fbbce07ec9a8959cc633e14b8488917e597203fa6d0e3d45353f613,
DATA,E:/CHESHIRE_DATA,research_archive/references/cached_text/R2.txt,E:/CHESHIRE_DATA/research_archive/references/cached_text/R2.txt,Original reference text/PDF; local only,FILE,49404,3c76a1912c62094f3be8821034c662d427f179c54e6899eb52011110be4431cd,
DATA,E:/CHESHIRE_DATA,research_archive/references/cached_text/R3.txt,E:/CHESHIRE_DATA/research_archive/references/cached_text/R3.txt,Original reference text/PDF; local only,FILE,33561,a1953a6b3c16d5d89645808aa070fc21eba74ceaf5e346d4af6a08cb73330266,
DATA,E:/CHESHIRE_DATA,research_archive/references/pdfs/075-081 (1).pdf,E:/CHESHIRE_DATA/research_archive/references/pdfs/075-081 (1).pdf,Original reference text/PDF; local only,FILE,767210,88f764cb87b1223ed24d99251f8e528cdfbb2335b64448c42368c0f642e4910c,
DATA,E:/CHESHIRE_DATA,research_archive/references/pdfs/design_by_subdivision.pdf,E:/CHESHIRE_DATA/research_archive/references/pdfs/design_by_subdivision.pdf,Original reference text/PDF; local only,FILE,8561449,687a55b302e5a876514454c46482efb211772c1a0c7326fc89f732c62af59e89,
DATA,E:/CHESHIRE_DATA,research_archive/references/pdfs/Michael_Hansmeyers_Algorithmic_Architecture_The_T.pdf,E:/CHESHIRE_DATA/research_archive/references/pdfs/Michael_Hansmeyers_Algorithmic_Architecture_The_T.pdf,Original reference text/PDF; local only,FILE,1353985,7d313bf7560ac29505bcecef6a4a62dad3a3c0ea1f9814925a7fbb02f6185bc7,
DATA,E:/CHESHIRE_DATA,research_archive/references/pdfs/mirror.pdf,E:/CHESHIRE_DATA/research_archive/references/pdfs/mirror.pdf,Original reference text/PDF; local only,FILE,3886264,9c4e5aaae89271778cc4cc0a7db74bc7cabcb795fa20279dc6721019fb3939b8,
DATA,E:/CHESHIRE_DATA,research_archive/images/task11/T11_01_actual_gate_surface_projection.png,E:/CHESHIRE_DATA/research_archive/images/task11/T11_01_actual_gate_surface_projection.png,Representative original image; tracked byte-exact copy,FILE,877458,0176848a718714f5c85fe4d865592fd780b209495be6f30147977705099edf4a,
DATA,E:/CHESHIRE_DATA,research_archive/images/task17/T17_01_selected_terminal_comparison.png,E:/CHESHIRE_DATA/research_archive/images/task17/T17_01_selected_terminal_comparison.png,Representative original image; tracked byte-exact copy,FILE,563869,2b9cb854c4a98bd2a71dbc8b3583c2a1948d8001d86912f3132d9d4e0d68820f,
DATA,E:/CHESHIRE_DATA,research_archive/images/task22/T22_07_CONTROL_C43_cube_sequence.png,E:/CHESHIRE_DATA/research_archive/images/task22/T22_07_CONTROL_C43_cube_sequence.png,Representative original image; tracked byte-exact copy,FILE,15859,936b9e2c2defa128f55016f89295ed1e21ae017020361035d4bea2767b52b520,
DATA,E:/CHESHIRE_DATA,research_archive/images/task23/T23_01_whole_gate.png,E:/CHESHIRE_DATA/research_archive/images/task23/T23_01_whole_gate.png,Representative original image; tracked byte-exact copy,FILE,629146,fa51fb650d161dadf28549ade38b77bcbc9b9e6ae86f5d62c0657554fff198e3,
DATA,E:/CHESHIRE_DATA,research_archive/images/task25/T25_01_backbone_detail.png,E:/CHESHIRE_DATA/research_archive/images/task25/T25_01_backbone_detail.png,Representative original image; tracked byte-exact copy,FILE,217379,4985470434df6e9f7be353bd050f2b0e0040e393a040f208cb2d2210cebcdb91,
DATA,E:/CHESHIRE_DATA,research_archive/images/task28/T28_01_lead_progression.png,E:/CHESHIRE_DATA/research_archive/images/task28/T28_01_lead_progression.png,Representative original image; tracked byte-exact copy,FILE,270895,11794ab6170324e906d595eddebe676a909c1997142484c6d0f9b29ba8e1c742,
DATA,E:/CHESHIRE_DATA,research_archive/images/task29/T29_02_mechanism_matrix.png,E:/CHESHIRE_DATA/research_archive/images/task29/T29_02_mechanism_matrix.png,Representative original image; tracked byte-exact copy,FILE,888655,33fe234f920fdfb22fb6657dd8d3c211cf7a1ffd88f4d565ef6cf735a9d967bb,
DATA,E:/CHESHIRE_DATA,research_archive/images/task29/T29_01_FINAL_LEAD_PROGRESSION.png,E:/CHESHIRE_DATA/research_archive/images/task29/T29_01_FINAL_LEAD_PROGRESSION.png,Representative original image; tracked byte-exact copy,FILE,1294877,046a4391bf698d13a39b85cc24568b2dc239991d29b089310e2a94e3979d2826,
DATA,E:/CHESHIRE_DATA,research_archive/images/task30/T30_02_TASK30_FINAL_LEAD_PROGRESSION.png,E:/CHESHIRE_DATA/research_archive/images/task30/T30_02_TASK30_FINAL_LEAD_PROGRESSION.png,Representative original image; tracked byte-exact copy,FILE,1354248,6c5c6ec6eed5a470cc951fac133aa95f25b2f9df9af80eb4e25407d4e734fd88,
DATA,E:/CHESHIRE_DATA,research_archive/images/task31/T31_11_TASK31_gate_progression.png,E:/CHESHIRE_DATA/research_archive/images/task31/T31_11_TASK31_gate_progression.png,Representative original image; tracked byte-exact copy,FILE,1864044,309d43ab5fc10446048142438786ae0309954a18cb4ab9457dce9e8d66be1520,
DATA,E:/CHESHIRE_DATA,research_archive/images/task31/T31_10_TASK31_gate_sections.png,E:/CHESHIRE_DATA/research_archive/images/task31/T31_10_TASK31_gate_sections.png,Representative original image; tracked byte-exact copy,FILE,40421,69a55f9ef6e22a08f5edc175c24f85404e81200c3f79fdcf4257239b0a21efcd,
DATA,E:/CHESHIRE_DATA,task32/renders/FINAL_TASK31_G8_COMPARISON.png,E:/CHESHIRE_DATA/task32/renders/FINAL_TASK31_G8_COMPARISON.png,Representative original image; tracked byte-exact copy,FILE,1165666,f8eaf2a634889889c18a85ea53c6ab9e2f5b548d1a7aca300368957a5c9a92b8,
DATA,E:/CHESHIRE_DATA,task32/renders/FINAL_SECTIONS.png,E:/CHESHIRE_DATA/task32/renders/FINAL_SECTIONS.png,Representative original image; tracked byte-exact copy,FILE,411602,3ab1a8957138ca27da9ed3d411c9d1a143f4be39521502def76c8ebaddd7b312,
DATA,E:/CHESHIRE_DATA,task33/renders/V01_NATIVE_PROGRESS.png,E:/CHESHIRE_DATA/task33/renders/V01_NATIVE_PROGRESS.png,Representative original image; tracked byte-exact copy,FILE,1227273,4508ccd4af4e05505e18d39389ec959005c1e49e81b0d3599e37d86557f68bbd,
DATA,E:/CHESHIRE_DATA,task33/renders/V01_FINAL_RAKING.png,E:/CHESHIRE_DATA/task33/renders/V01_FINAL_RAKING.png,Representative original image; tracked byte-exact copy,FILE,881029,a4e47c689b0d2a6adf0a645430cca5a7e4c480f1ce8878702f3e528aa9456a05,
DATA,E:/CHESHIRE_DATA,task33/renders/V01_SECTIONS.png,E:/CHESHIRE_DATA/task33/renders/V01_SECTIONS.png,Representative original image; tracked byte-exact copy,FILE,783146,2233c1fd35a1c21919451625981c0f081f37839f9475f2307a752b4ce3a8a804,
DATA,E:/CHESHIRE_DATA,task34/renders/N04_NATIVE_PROGRESSION.png,E:/CHESHIRE_DATA/task34/renders/N04_NATIVE_PROGRESSION.png,Representative original image; tracked byte-exact copy,FILE,1965546,141d1a8d4fd6a5b02a841e52a952136d458172eeec2404dd25b3708f9fc6adbc,
DATA,E:/CHESHIRE_DATA,task34/renders/TRUE_SIDE_90.png,E:/CHESHIRE_DATA/task34/renders/TRUE_SIDE_90.png,Representative original image; tracked byte-exact copy,FILE,158910,42bc7c63f124a148c6fb0e7686553a400596335b20094d16ec5b0ef30b87a2c1,
DATA,E:/CHESHIRE_DATA,task35/renders/START_FOUR_GROUPS.png,E:/CHESHIRE_DATA/task35/renders/START_FOUR_GROUPS.png,Representative original image; tracked byte-exact copy,FILE,546371,9c3f96967a2bb3c71154390905d349688634dd6e7efd8f3cc326e9b44d1e297c,
DATA,E:/CHESHIRE_DATA,task35/renders/H01_SHOULDER_GROWTH_KEY_STAGES.png,E:/CHESHIRE_DATA/task35/renders/H01_SHOULDER_GROWTH_KEY_STAGES.png,Representative original image; tracked byte-exact copy,FILE,489950,3607b433a08b68bd6ad346e56f607732dc3fe2e5db8128f6bf0453634cacd552,
DATA,E:/CHESHIRE_DATA,task35/plots/H01_FINAL_V2/TRANSVERSE_TRIANGLE_CUTS.png,E:/CHESHIRE_DATA/task35/plots/H01_FINAL_V2/TRANSVERSE_TRIANGLE_CUTS.png,Representative original image; tracked byte-exact copy,FILE,450319,fe2f8dc1abca0e98df5d4fb5dce364e195d7e33574ff52484bf6ed6a1bba6aac,
DATA,E:/CHESHIRE_DATA,task35/plots/H01_FINAL_V2/LONGITUDINAL_TRIANGLE_CUTS.png,E:/CHESHIRE_DATA/task35/plots/H01_FINAL_V2/LONGITUDINAL_TRIANGLE_CUTS.png,Representative original image; tracked byte-exact copy,FILE,214804,6142236116c119e98f6c2370570a62edebe4bad89ccbceb6f8a65e07dd95d544,
DATA,E:/CHESHIRE_DATA,task36/renders/U01_ALL_GENERATIONS.png,E:/CHESHIRE_DATA/task36/renders/U01_ALL_GENERATIONS.png,Representative original image; tracked byte-exact copy,FILE,1553779,84206615dfacf4f52290d7f844c325e5edb4b9fdebd4441653d8897195375fe3,
DATA,E:/CHESHIRE_DATA,task36/renders/U01_HIERARCHY_DETAIL.png,E:/CHESHIRE_DATA/task36/renders/U01_HIERARCHY_DETAIL.png,Representative original image; tracked byte-exact copy,FILE,2880007,8c2ba21ed9ddcd8a20782cd1914110173ab2429ce23e703e05290660a25ef879,
DATA,E:/CHESHIRE_DATA,task36/renders/W03_ALL_GENERATIONS.png,E:/CHESHIRE_DATA/task36/renders/W03_ALL_GENERATIONS.png,Representative original image; tracked byte-exact copy,FILE,1252237,598c5f4599078578bbacbb2d8441ce6a70ae19a67472967881adc55bd91dae92,
DATA,E:/CHESHIRE_DATA,task36/renders/W03_VS_U01_G8.png,E:/CHESHIRE_DATA/task36/renders/W03_VS_U01_G8.png,Representative original image; tracked byte-exact copy,FILE,572955,a6f47ab11c51b8bcb949ed8ab80ab32e7e782f97fcfc1db35c3c88affaaa5d7b,
DATA,E:/CHESHIRE_DATA,task36/plots/U01_ACTUAL_SECTIONS/ACTUAL_SECTIONS.png,E:/CHESHIRE_DATA/task36/plots/U01_ACTUAL_SECTIONS/ACTUAL_SECTIONS.png,Representative original image; tracked byte-exact copy,FILE,579784,142eef279e058672f6b79f4c616812dee43a231a7931bae28b0c192be0ef6c3e,
DATA,E:/CHESHIRE_DATA,task36/plots/W03_ACTUAL_SECTIONS/ACTUAL_SECTIONS.png,E:/CHESHIRE_DATA/task36/plots/W03_ACTUAL_SECTIONS/ACTUAL_SECTIONS.png,Representative original image; tracked byte-exact copy,FILE,415993,f8ff21206eb5da333d53e04b36ba293a67fd60dc4508c6e547518eebc3c91ec2,
DATA,E:/CHESHIRE_DATA,task1,E:/CHESHIRE_DATA/task1,Historical task root; early data may instead be in ignored output/reviews,MISSING,,,
DATA,E:/CHESHIRE_DATA,task2,E:/CHESHIRE_DATA/task2,Historical task root; early data may instead be in ignored output/reviews,MISSING,,,
DATA,E:/CHESHIRE_DATA,task3,E:/CHESHIRE_DATA/task3,Historical task root; early data may instead be in ignored output/reviews,MISSING,,,
DATA,E:/CHESHIRE_DATA,task4,E:/CHESHIRE_DATA/task4,Historical task root; early data may instead be in ignored output/reviews,MISSING,,,
DATA,E:/CHESHIRE_DATA,task5,E:/CHESHIRE_DATA/task5,Historical task root; early data may instead be in ignored output/reviews,MISSING,,,
DATA,E:/CHESHIRE_DATA,task6,E:/CHESHIRE_DATA/task6,Historical task root; early data may instead be in ignored output/reviews,MISSING,,,
DATA,E:/CHESHIRE_DATA,task7,E:/CHESHIRE_DATA/task7,Historical task root; early data may instead be in ignored output/reviews,MISSING,,,
DATA,E:/CHESHIRE_DATA,task8,E:/CHESHIRE_DATA/task8,Historical task root; early data may instead be in ignored output/reviews,MISSING,,,
DATA,E:/CHESHIRE_DATA,task9,E:/CHESHIRE_DATA/task9,Historical task root; early data may instead be in ignored output/reviews,MISSING,,,
DATA,E:/CHESHIRE_DATA,task10,E:/CHESHIRE_DATA/task10,Historical task root; early data may instead be in ignored output/reviews,MISSING,,,
DATA,E:/CHESHIRE_DATA,task11,E:/CHESHIRE_DATA/task11,Historical task root; early data may instead be in ignored output/reviews,MISSING,,,
DATA,E:/CHESHIRE_DATA,task12,E:/CHESHIRE_DATA/task12,Historical task root; early data may instead be in ignored output/reviews,MISSING,,,
DATA,E:/CHESHIRE_DATA,task13,E:/CHESHIRE_DATA/task13,Historical task root; early data may instead be in ignored output/reviews,MISSING,,,
DATA,E:/CHESHIRE_DATA,task14,E:/CHESHIRE_DATA/task14,Historical task root; early data may instead be in ignored output/reviews,MISSING,,,
DATA,E:/CHESHIRE_DATA,task15,E:/CHESHIRE_DATA/task15,Historical task root; early data may instead be in ignored output/reviews,MISSING,,,
DATA,E:/CHESHIRE_DATA,task16,E:/CHESHIRE_DATA/task16,Historical task root; early data may instead be in ignored output/reviews,MISSING,,,
DATA,E:/CHESHIRE_DATA,task17,E:/CHESHIRE_DATA/task17,Historical task root; early data may instead be in ignored output/reviews,MISSING,,,
DATA,E:/CHESHIRE_DATA,task18,E:/CHESHIRE_DATA/task18,Historical task root; early data may instead be in ignored output/reviews,MISSING,,,
DATA,E:/CHESHIRE_DATA,task19,E:/CHESHIRE_DATA/task19,Historical task root; early data may instead be in ignored output/reviews,MISSING,,,
DATA,E:/CHESHIRE_DATA,task20,E:/CHESHIRE_DATA/task20,Historical task root; early data may instead be in ignored output/reviews,MISSING,,,
DATA,E:/CHESHIRE_DATA,task21,E:/CHESHIRE_DATA/task21,Historical task root; early data may instead be in ignored output/reviews,MISSING,,,
DATA,E:/CHESHIRE_DATA,task22,E:/CHESHIRE_DATA/task22,Historical task root; early data may instead be in ignored output/reviews,DIRECTORY,,,
DATA,E:/CHESHIRE_DATA,task23,E:/CHESHIRE_DATA/task23,Historical task root; early data may instead be in ignored output/reviews,DIRECTORY,,,
DATA,E:/CHESHIRE_DATA,task24,E:/CHESHIRE_DATA/task24,Historical task root; early data may instead be in ignored output/reviews,DIRECTORY,,,
DATA,E:/CHESHIRE_DATA,task25,E:/CHESHIRE_DATA/task25,Historical task root; early data may instead be in ignored output/reviews,DIRECTORY,,,
DATA,E:/CHESHIRE_DATA,task26,E:/CHESHIRE_DATA/task26,Historical task root; early data may instead be in ignored output/reviews,DIRECTORY,,,
DATA,E:/CHESHIRE_DATA,task27,E:/CHESHIRE_DATA/task27,Historical task root; early data may instead be in ignored output/reviews,DIRECTORY,,,
DATA,E:/CHESHIRE_DATA,task28,E:/CHESHIRE_DATA/task28,Historical task root; early data may instead be in ignored output/reviews,DIRECTORY,,,
DATA,E:/CHESHIRE_DATA,task29,E:/CHESHIRE_DATA/task29,Historical task root; early data may instead be in ignored output/reviews,DIRECTORY,,,
DATA,E:/CHESHIRE_DATA,task30,E:/CHESHIRE_DATA/task30,Historical task root; early data may instead be in ignored output/reviews,DIRECTORY,,,
DATA,E:/CHESHIRE_DATA,task31,E:/CHESHIRE_DATA/task31,Historical task root; early data may instead be in ignored output/reviews,DIRECTORY,,,
DATA,E:/CHESHIRE_DATA,task32,E:/CHESHIRE_DATA/task32,Historical task root; early data may instead be in ignored output/reviews,DIRECTORY,,,
DATA,E:/CHESHIRE_DATA,task33,E:/CHESHIRE_DATA/task33,Historical task root; early data may instead be in ignored output/reviews,DIRECTORY,,,
DATA,E:/CHESHIRE_DATA,task34,E:/CHESHIRE_DATA/task34,Historical task root; early data may instead be in ignored output/reviews,DIRECTORY,,,
DATA,E:/CHESHIRE_DATA,task35,E:/CHESHIRE_DATA/task35,Historical task root; early data may instead be in ignored output/reviews,DIRECTORY,,,
DATA,E:/CHESHIRE_DATA,task36,E:/CHESHIRE_DATA/task36,Historical task root; early data may instead be in ignored output/reviews,DIRECTORY,,,
DATA,E:/CHESHIRE_DATA,task28/lead,E:/CHESHIRE_DATA/task28/lead,Selected complete native generation sequence; checkpoint includes more than OBJ,DIRECTORY,,,
DATA,E:/CHESHIRE_DATA,task28/lead/G1/request.json,E:/CHESHIRE_DATA/task28/lead/G1/request.json,Selected sequence native/operator/regional/material identity or recipe,FILE,3543,4efa48b8b1cfd07a2e7025a9c2b7b105b6817da77c1792ac6b7e532d55ff6b8b,
DATA,E:/CHESHIRE_DATA,task28/lead/G2/request.json,E:/CHESHIRE_DATA/task28/lead/G2/request.json,Selected sequence native/operator/regional/material identity or recipe,FILE,3562,3ad8b37631e9f4a10063672f22027be6a167d19262d869b0c84108ca2e43424c,
DATA,E:/CHESHIRE_DATA,task28/lead/G3/request.json,E:/CHESHIRE_DATA/task28/lead/G3/request.json,Selected sequence native/operator/regional/material identity or recipe,FILE,3562,e3f6394f6a13a6ee4104a437751c344f02fa6ef29e5f4712c4861eefb208ed70,
DATA,E:/CHESHIRE_DATA,task28/lead/G4/request.json,E:/CHESHIRE_DATA/task28/lead/G4/request.json,Selected sequence native/operator/regional/material identity or recipe,FILE,3562,8e5c9109cb4ddaaefc7d2735b5f003a0f68b2e0aca1e9243aed6628821706868,
DATA,E:/CHESHIRE_DATA,task28/lead/G5/request.json,E:/CHESHIRE_DATA/task28/lead/G5/request.json,Selected sequence native/operator/regional/material identity or recipe,FILE,3562,e30dd34d550365136ac752c0e1d2e18327996dcfd0faa83a87e2701c4e45caea,
DATA,E:/CHESHIRE_DATA,task28/lead/lineage.json,E:/CHESHIRE_DATA/task28/lead/lineage.json,Selected sequence native/operator/regional/material identity or recipe,FILE,9038,74ecace25e8d463b403bf24fb7d715323c97548b00e8cff0614601acd80e1161,
DATA,E:/CHESHIRE_DATA,task29/lead,E:/CHESHIRE_DATA/task29/lead,Selected complete native generation sequence; checkpoint includes more than OBJ,DIRECTORY,,,
DATA,E:/CHESHIRE_DATA,task29/lead/G0/mesh.npz,E:/CHESHIRE_DATA/task29/lead/G0/mesh.npz,Selected sequence native/operator/regional/material identity or recipe,FILE,1232,fa56a922da827c7e83056340cf1dbc5521e5f85ddbd1d71a99ad4cd8b8435382,
DATA,E:/CHESHIRE_DATA,task29/lead/G1/mesh.npz,E:/CHESHIRE_DATA/task29/lead/G1/mesh.npz,Selected sequence native/operator/regional/material identity or recipe,FILE,1513,6f2bc96848e287945913db06150078e6ce7b704b3635b902703a9de74e1a5f7f,
DATA,E:/CHESHIRE_DATA,task29/lead/G1/operator_state.npz,E:/CHESHIRE_DATA/task29/lead/G1/operator_state.npz,Selected sequence native/operator/regional/material identity or recipe,FILE,1319,904bc5a8b9320a1c01bd159f9250d1b9c94c2a8decd63e13ff3b5e469eebe210,
DATA,E:/CHESHIRE_DATA,task29/lead/G2/mesh.npz,E:/CHESHIRE_DATA/task29/lead/G2/mesh.npz,Selected sequence native/operator/regional/material identity or recipe,FILE,2494,a50b4e68f5efb9e5e0f5e482d73fb4f43c0c6f772a659aa6e869737048b2bef3,
DATA,E:/CHESHIRE_DATA,task29/lead/G2/operator_state.npz,E:/CHESHIRE_DATA/task29/lead/G2/operator_state.npz,Selected sequence native/operator/regional/material identity or recipe,FILE,1603,ec68f754059197f10e84ec62296716b39e83e83a29377f9b6bc672260c7483b2,
DATA,E:/CHESHIRE_DATA,task29/lead/G3/mesh.npz,E:/CHESHIRE_DATA/task29/lead/G3/mesh.npz,Selected sequence native/operator/regional/material identity or recipe,FILE,6477,741697c2d77867429bddfdc8702146d7f983db30094e146f0c5b8d2c73a547fb,
DATA,E:/CHESHIRE_DATA,task29/lead/G3/operator_state.npz,E:/CHESHIRE_DATA/task29/lead/G3/operator_state.npz,Selected sequence native/operator/regional/material identity or recipe,FILE,3081,cda9ba829cde1cc53ab31609b2f290fe3f24c55f252f1380853e63b9a406848e,
DATA,E:/CHESHIRE_DATA,task29/lead/G4/mesh.npz,E:/CHESHIRE_DATA/task29/lead/G4/mesh.npz,Selected sequence native/operator/regional/material identity or recipe,FILE,20286,98631d3cafa806d05570401ba987806310409461a72f0f9fe0cb5ad6ceaf6df1,
DATA,E:/CHESHIRE_DATA,task29/lead/G4/operator_state.npz,E:/CHESHIRE_DATA/task29/lead/G4/operator_state.npz,Selected sequence native/operator/regional/material identity or recipe,FILE,7577,332ddad3fc0bf3bf24bbff7b25a8810387e7002a242098f8cdd90aebf7ddad5b,
DATA,E:/CHESHIRE_DATA,task29/lead/G5/mesh.npz,E:/CHESHIRE_DATA/task29/lead/G5/mesh.npz,Selected sequence native/operator/regional/material identity or recipe,FILE,78802,0801933c9cd30f321fd2168585fbbe7c41afce12b37fbb58f81247a6bdae60f6,
DATA,E:/CHESHIRE_DATA,task29/lead/G5/operator_state.npz,E:/CHESHIRE_DATA/task29/lead/G5/operator_state.npz,Selected sequence native/operator/regional/material identity or recipe,FILE,26747,99eb921f4868111a3a26dbb696a191a0a149a9b96920d7e11f4b2e91a75a56e7,
DATA,E:/CHESHIRE_DATA,task29/lead/G6/mesh.npz,E:/CHESHIRE_DATA/task29/lead/G6/mesh.npz,Selected sequence native/operator/regional/material identity or recipe,FILE,330297,fd5ce249c0ce56bcc4ef291d20564e0ed4deb7c4c2806e540af07f11e73f937d,
DATA,E:/CHESHIRE_DATA,task29/lead/G6/operator_state.npz,E:/CHESHIRE_DATA/task29/lead/G6/operator_state.npz,Selected sequence native/operator/regional/material identity or recipe,FILE,103964,acb2c1a1c9cd56645877daff8a2f9e570a6684f12566ef16e4a00ef6917a72a9,
DATA,E:/CHESHIRE_DATA,task29/lead/G7/mesh.npz,E:/CHESHIRE_DATA/task29/lead/G7/mesh.npz,Selected sequence native/operator/regional/material identity or recipe,FILE,1429935,363ea2d7ef5d87a64fceb0703757cd370b9a10be8e148c14ff8033665bba2cbb,
DATA,E:/CHESHIRE_DATA,task29/lead/G7/operator_state.npz,E:/CHESHIRE_DATA/task29/lead/G7/operator_state.npz,Selected sequence native/operator/regional/material identity or recipe,FILE,434990,f425463728785d8a9bed985a3ef3ebee93909bb1f1ce1cf426159544407bee17,
DATA,E:/CHESHIRE_DATA,task29/lead/G8/mesh.npz,E:/CHESHIRE_DATA/task29/lead/G8/mesh.npz,Selected sequence native/operator/regional/material identity or recipe,FILE,7122161,bf4fb98630189d6dcc88702dfdf3adee04c7c1f079858f38d490eac39c4b40e6,
DATA,E:/CHESHIRE_DATA,task29/lead/G8/operator_state.npz,E:/CHESHIRE_DATA/task29/lead/G8/operator_state.npz,Selected sequence native/operator/regional/material identity or recipe,FILE,2058111,85d8c37c7b0ff15bc6729250abf4e2c750b4960cf1c06cba483907a5235143af,
DATA,E:/CHESHIRE_DATA,task30/lead,E:/CHESHIRE_DATA/task30/lead,Selected complete native generation sequence; checkpoint includes more than OBJ,DIRECTORY,,,
DATA,E:/CHESHIRE_DATA,task30/lead/G0/face_roles.npz,E:/CHESHIRE_DATA/task30/lead/G0/face_roles.npz,Selected sequence native/operator/regional/material identity or recipe,FILE,217,a8f8d4d05f2210b6447b32f9fba18d0e59e41724953f330cf5a5be5cb3ec3c58,
DATA,E:/CHESHIRE_DATA,task30/lead/G0/mesh.npz,E:/CHESHIRE_DATA/task30/lead/G0/mesh.npz,Selected sequence native/operator/regional/material identity or recipe,FILE,1232,fa56a922da827c7e83056340cf1dbc5521e5f85ddbd1d71a99ad4cd8b8435382,
DATA,E:/CHESHIRE_DATA,task30/lead/G1/face_roles.npz,E:/CHESHIRE_DATA/task30/lead/G1/face_roles.npz,Selected sequence native/operator/regional/material identity or recipe,FILE,218,1070af2066507b3889c4f92463a5c7a979d556cab342d234825e93fdb5c5c987,
DATA,E:/CHESHIRE_DATA,task30/lead/G1/mesh.npz,E:/CHESHIRE_DATA/task30/lead/G1/mesh.npz,Selected sequence native/operator/regional/material identity or recipe,FILE,1513,6f2bc96848e287945913db06150078e6ce7b704b3635b902703a9de74e1a5f7f,
DATA,E:/CHESHIRE_DATA,task30/lead/G1/operator_state.npz,E:/CHESHIRE_DATA/task30/lead/G1/operator_state.npz,Selected sequence native/operator/regional/material identity or recipe,FILE,1319,904bc5a8b9320a1c01bd159f9250d1b9c94c2a8decd63e13ff3b5e469eebe210,
DATA,E:/CHESHIRE_DATA,task30/lead/G2/face_roles.npz,E:/CHESHIRE_DATA/task30/lead/G2/face_roles.npz,Selected sequence native/operator/regional/material identity or recipe,FILE,218,84b20517cfe2036afbe2b868b09b288da3b78816bd1fbbeeecb03fd70dbd1c97,
DATA,E:/CHESHIRE_DATA,task30/lead/G2/mesh.npz,E:/CHESHIRE_DATA/task30/lead/G2/mesh.npz,Selected sequence native/operator/regional/material identity or recipe,FILE,2494,a50b4e68f5efb9e5e0f5e482d73fb4f43c0c6f772a659aa6e869737048b2bef3,
DATA,E:/CHESHIRE_DATA,task30/lead/G2/operator_state.npz,E:/CHESHIRE_DATA/task30/lead/G2/operator_state.npz,Selected sequence native/operator/regional/material identity or recipe,FILE,1603,ec68f754059197f10e84ec62296716b39e83e83a29377f9b6bc672260c7483b2,
DATA,E:/CHESHIRE_DATA,task30/lead/G3/face_roles.npz,E:/CHESHIRE_DATA/task30/lead/G3/face_roles.npz,Selected sequence native/operator/regional/material identity or recipe,FILE,221,ff6941d98cbb839de5bab2cbc14609b65e6d9587d0cb9acd2403da900127186a,
DATA,E:/CHESHIRE_DATA,task30/lead/G3/mesh.npz,E:/CHESHIRE_DATA/task30/lead/G3/mesh.npz,Selected sequence native/operator/regional/material identity or recipe,FILE,6477,741697c2d77867429bddfdc8702146d7f983db30094e146f0c5b8d2c73a547fb,
DATA,E:/CHESHIRE_DATA,task30/lead/G3/operator_state.npz,E:/CHESHIRE_DATA/task30/lead/G3/operator_state.npz,Selected sequence native/operator/regional/material identity or recipe,FILE,3081,cda9ba829cde1cc53ab31609b2f290fe3f24c55f252f1380853e63b9a406848e,
DATA,E:/CHESHIRE_DATA,task30/lead/G4/face_roles.npz,E:/CHESHIRE_DATA/task30/lead/G4/face_roles.npz,Selected sequence native/operator/regional/material identity or recipe,FILE,229,ccb0e904c79c380891fea5d74a224d2e487280aef2b1fbf989473fec3c8bd567,
DATA,E:/CHESHIRE_DATA,task30/lead/G4/mesh.npz,E:/CHESHIRE_DATA/task30/lead/G4/mesh.npz,Selected sequence native/operator/regional/material identity or recipe,FILE,20286,98631d3cafa806d05570401ba987806310409461a72f0f9fe0cb5ad6ceaf6df1,
DATA,E:/CHESHIRE_DATA,task30/lead/G4/operator_state.npz,E:/CHESHIRE_DATA/task30/lead/G4/operator_state.npz,Selected sequence native/operator/regional/material identity or recipe,FILE,9142,dfb2ed78753e70f385e087cd07d85eb1419a00da34c8c653d32a6b6030eb6a12,
DATA,E:/CHESHIRE_DATA,task30/lead/G5/face_roles.npz,E:/CHESHIRE_DATA/task30/lead/G5/face_roles.npz,Selected sequence native/operator/regional/material identity or recipe,FILE,251,7810bb38cd8932e27d61303093547eacd5787aea887dbbc0ca080f063202a11a,
DATA,E:/CHESHIRE_DATA,task30/lead/G5/mesh.npz,E:/CHESHIRE_DATA/task30/lead/G5/mesh.npz,Selected sequence native/operator/regional/material identity or recipe,FILE,79208,ff6f44e1d2b4acb101f5be3634ea94825cc152256b6943d6533f7e163b319637,
DATA,E:/CHESHIRE_DATA,task30/lead/G5/operator_state.npz,E:/CHESHIRE_DATA/task30/lead/G5/operator_state.npz,Selected sequence native/operator/regional/material identity or recipe,FILE,30662,1fcb3cdf2142fd444611335eb1bc00237cab70e7f9a8db56e6f05198b951cc21,
DATA,E:/CHESHIRE_DATA,task30/lead/G6/face_roles.npz,E:/CHESHIRE_DATA/task30/lead/G6/face_roles.npz,Selected sequence native/operator/regional/material identity or recipe,FILE,275,c9c76a98970ef505c84a2a2d3b734659624006ca92df97e7df75e7a65ecf49b8,
DATA,E:/CHESHIRE_DATA,task30/lead/G6/mesh.npz,E:/CHESHIRE_DATA/task30/lead/G6/mesh.npz,Selected sequence native/operator/regional/material identity or recipe,FILE,431426,b9e875389fb472d07d9ae17f69a764541f1759dc6af1a84886748a5d8b92929b,
DATA,E:/CHESHIRE_DATA,task30/lead/G6/operator_state.npz,E:/CHESHIRE_DATA/task30/lead/G6/operator_state.npz,Selected sequence native/operator/regional/material identity or recipe,FILE,200188,81ee245c6cefa77fbb16b989618a67f8b3fe5ecdc30192ee71298eb7ba172fdc,
DATA,E:/CHESHIRE_DATA,task30/lead/G7/face_roles.npz,E:/CHESHIRE_DATA/task30/lead/G7/face_roles.npz,Selected sequence native/operator/regional/material identity or recipe,FILE,347,c3f12323e96c9ea1fae8ff3f14fd1373c146bbd5a66e88b80ff15e65780686c8,
DATA,E:/CHESHIRE_DATA,task30/lead/G7/mesh.npz,E:/CHESHIRE_DATA/task30/lead/G7/mesh.npz,Selected sequence native/operator/regional/material identity or recipe,FILE,1570516,5ac8d2602589eebabcc25d3f78a82df4e2b2613928d795bfe40464606788f842,
DATA,E:/CHESHIRE_DATA,task30/lead/G7/operator_state.npz,E:/CHESHIRE_DATA/task30/lead/G7/operator_state.npz,Selected sequence native/operator/regional/material identity or recipe,FILE,704330,2f951a1a4c72b4d533326ef27fc84b0b1ba429168818968d91c0520bccbe6b08,
DATA,E:/CHESHIRE_DATA,task30/lead/G8/face_roles.npz,E:/CHESHIRE_DATA/task30/lead/G8/face_roles.npz,Selected sequence native/operator/regional/material identity or recipe,FILE,632,a6f8bbacd875af98fe136dd11a9680b38f1fd1b61b01224ad46d6f4c0d00f8cb,
DATA,E:/CHESHIRE_DATA,task30/lead/G8/mesh.npz,E:/CHESHIRE_DATA/task30/lead/G8/mesh.npz,Selected sequence native/operator/regional/material identity or recipe,FILE,7247673,dc8c751dc3b6c35278ccb0c25edacae57cf7024b88bcd7421029fce2ca238ae9,
DATA,E:/CHESHIRE_DATA,task30/lead/G8/operator_state.npz,E:/CHESHIRE_DATA/task30/lead/G8/operator_state.npz,Selected sequence native/operator/regional/material identity or recipe,FILE,2183137,9558a491c09980ea42732b8400467db9c2d312acf585d5616686b8904658c562,
DATA,E:/CHESHIRE_DATA,task31/lead,E:/CHESHIRE_DATA/task31/lead,Selected complete native generation sequence; checkpoint includes more than OBJ,DIRECTORY,,,
DATA,E:/CHESHIRE_DATA,task31/lead/cube/G0/face_roles.npz,E:/CHESHIRE_DATA/task31/lead/cube/G0/face_roles.npz,Selected sequence native/operator/regional/material identity or recipe,FILE,217,a8f8d4d05f2210b6447b32f9fba18d0e59e41724953f330cf5a5be5cb3ec3c58,
DATA,E:/CHESHIRE_DATA,task31/lead/cube/G0/mesh.npz,E:/CHESHIRE_DATA/task31/lead/cube/G0/mesh.npz,Selected sequence native/operator/regional/material identity or recipe,FILE,1232,fa56a922da827c7e83056340cf1dbc5521e5f85ddbd1d71a99ad4cd8b8435382,
DATA,E:/CHESHIRE_DATA,task31/lead/cube/G0/regional_state.npz,E:/CHESHIRE_DATA/task31/lead/cube/G0/regional_state.npz,Selected sequence native/operator/regional/material identity or recipe,FILE,217,a8f8d4d05f2210b6447b32f9fba18d0e59e41724953f330cf5a5be5cb3ec3c58,
DATA,E:/CHESHIRE_DATA,task31/lead/cube/G1/face_roles.npz,E:/CHESHIRE_DATA/task31/lead/cube/G1/face_roles.npz,Selected sequence native/operator/regional/material identity or recipe,FILE,218,1070af2066507b3889c4f92463a5c7a979d556cab342d234825e93fdb5c5c987,
DATA,E:/CHESHIRE_DATA,task31/lead/cube/G1/mesh.npz,E:/CHESHIRE_DATA/task31/lead/cube/G1/mesh.npz,Selected sequence native/operator/regional/material identity or recipe,FILE,1513,6f2bc96848e287945913db06150078e6ce7b704b3635b902703a9de74e1a5f7f,
DATA,E:/CHESHIRE_DATA,task31/lead/cube/G1/operator_state.npz,E:/CHESHIRE_DATA/task31/lead/cube/G1/operator_state.npz,Selected sequence native/operator/regional/material identity or recipe,FILE,1319,904bc5a8b9320a1c01bd159f9250d1b9c94c2a8decd63e13ff3b5e469eebe210,
DATA,E:/CHESHIRE_DATA,task31/lead/cube/G1/regional_state.npz,E:/CHESHIRE_DATA/task31/lead/cube/G1/regional_state.npz,Selected sequence native/operator/regional/material identity or recipe,FILE,218,1070af2066507b3889c4f92463a5c7a979d556cab342d234825e93fdb5c5c987,
DATA,E:/CHESHIRE_DATA,task31/lead/cube/G2/face_roles.npz,E:/CHESHIRE_DATA/task31/lead/cube/G2/face_roles.npz,Selected sequence native/operator/regional/material identity or recipe,FILE,218,84b20517cfe2036afbe2b868b09b288da3b78816bd1fbbeeecb03fd70dbd1c97,
DATA,E:/CHESHIRE_DATA,task31/lead/cube/G2/mesh.npz,E:/CHESHIRE_DATA/task31/lead/cube/G2/mesh.npz,Selected sequence native/operator/regional/material identity or recipe,FILE,2494,a50b4e68f5efb9e5e0f5e482d73fb4f43c0c6f772a659aa6e869737048b2bef3,
DATA,E:/CHESHIRE_DATA,task31/lead/cube/G2/operator_state.npz,E:/CHESHIRE_DATA/task31/lead/cube/G2/operator_state.npz,Selected sequence native/operator/regional/material identity or recipe,FILE,1603,ec68f754059197f10e84ec62296716b39e83e83a29377f9b6bc672260c7483b2,
DATA,E:/CHESHIRE_DATA,task31/lead/cube/G2/regional_state.npz,E:/CHESHIRE_DATA/task31/lead/cube/G2/regional_state.npz,Selected sequence native/operator/regional/material identity or recipe,FILE,464,34722a52a6e0e1ee70263186e86c5123f032d7785d1338424dbe61a733cff522,
DATA,E:/CHESHIRE_DATA,task31/lead/cube/G2_post_edit/mesh.npz,E:/CHESHIRE_DATA/task31/lead/cube/G2_post_edit/mesh.npz,Selected sequence native/operator/regional/material identity or recipe,FILE,2680,166c64b254b6c09232a4628b4c4411915083c53a7d3d99187fdbb695196f63dc,
DATA,E:/CHESHIRE_DATA,task31/lead/cube/G2_post_edit/operator_state.npz,E:/CHESHIRE_DATA/task31/lead/cube/G2_post_edit/operator_state.npz,Selected sequence native/operator/regional/material identity or recipe,FILE,640,9e43820d18a577f6a4531295c59cb58c1e4821b7eefdef03d254eaafd1eeb80e,
DATA,E:/CHESHIRE_DATA,task31/lead/cube/G2_post_edit/regional_state.npz,E:/CHESHIRE_DATA/task31/lead/cube/G2_post_edit/regional_state.npz,Selected sequence native/operator/regional/material identity or recipe,FILE,474,21950a7314d64e7efca34f42c3c0d403597c9d36da897dd4a02d4814bb426131,
DATA,E:/CHESHIRE_DATA,task31/lead/cube/G3/mesh.npz,E:/CHESHIRE_DATA/task31/lead/cube/G3/mesh.npz,Selected sequence native/operator/regional/material identity or recipe,FILE,8376,89d18841e99bb1923aad92b1c52aa54d9d9cdc8fb8d6c9b15fe99395b71fafdf,
DATA,E:/CHESHIRE_DATA,task31/lead/cube/G3/operator_state.npz,E:/CHESHIRE_DATA/task31/lead/cube/G3/operator_state.npz,Selected sequence native/operator/regional/material identity or recipe,FILE,6407,439905c7dd58c0579bdd77b4d2506d4229fad6b4a8b99514f379d3848e8e99bd,
DATA,E:/CHESHIRE_DATA,task31/lead/cube/G3/regional_state.npz,E:/CHESHIRE_DATA/task31/lead/cube/G3/regional_state.npz,Selected sequence native/operator/regional/material identity or recipe,FILE,557,d1c6119656cf1f267b7db36a038e2688e25723a0b3f265c54149207a06ccd504,
DATA,E:/CHESHIRE_DATA,task31/lead/cube/G4/mesh.npz,E:/CHESHIRE_DATA/task31/lead/cube/G4/mesh.npz,Selected sequence native/operator/regional/material identity or recipe,FILE,40491,4bd5a004b41fb4a1e38fef08c3246a42381c182ff11e76e8bfe231bfae463af0,
DATA,E:/CHESHIRE_DATA,task31/lead/cube/G4/operator_state.npz,E:/CHESHIRE_DATA/task31/lead/cube/G4/operator_state.npz,Selected sequence native/operator/regional/material identity or recipe,FILE,26637,2a6ada12ebc6ac368d5a81aeddf1bab0f981fee1a75bc9656bd149790ef2eb6e,
DATA,E:/CHESHIRE_DATA,task31/lead/cube/G4/regional_state.npz,E:/CHESHIRE_DATA/task31/lead/cube/G4/regional_state.npz,Selected sequence native/operator/regional/material identity or recipe,FILE,853,b615ab3c1648f69506476b608b1cec32a38d64983f1a1c655dcfd6dade157555,
DATA,E:/CHESHIRE_DATA,task31/lead/cube/G5/mesh.npz,E:/CHESHIRE_DATA/task31/lead/cube/G5/mesh.npz,Selected sequence native/operator/regional/material identity or recipe,FILE,184159,5f65e6b227bcb51b733073b34b97a06478c87085ba609e0ff23290695d904e7a,
DATA,E:/CHESHIRE_DATA,task31/lead/cube/G5/operator_state.npz,E:/CHESHIRE_DATA/task31/lead/cube/G5/operator_state.npz,Selected sequence native/operator/regional/material identity or recipe,FILE,129608,3ab4d76d44126786a1542d9838faeacedc20db6ca870194d11252b3768eb4d74,
DATA,E:/CHESHIRE_DATA,task31/lead/cube/G5/regional_state.npz,E:/CHESHIRE_DATA/task31/lead/cube/G5/regional_state.npz,Selected sequence native/operator/regional/material identity or recipe,FILE,1277,ffb476a2e3c5c7aa4ff0df1405775f5f48b475673a0e988a879c34f4cdd8d9b8,
DATA,E:/CHESHIRE_DATA,task31/lead/cube/G6/mesh.npz,E:/CHESHIRE_DATA/task31/lead/cube/G6/mesh.npz,Selected sequence native/operator/regional/material identity or recipe,FILE,907469,6a16076a635891a454fe16a3018455b5fc2baa4336db7befb05b77231b7261d9,
DATA,E:/CHESHIRE_DATA,task31/lead/cube/G6/operator_state.npz,E:/CHESHIRE_DATA/task31/lead/cube/G6/operator_state.npz,Selected sequence native/operator/regional/material identity or recipe,FILE,219057,574f01f2fc3370596c08b6d2eca73d428bf8a1e9dfe66ea6f982e7de221bfeb8,
DATA,E:/CHESHIRE_DATA,task31/lead/cube/G6/regional_state.npz,E:/CHESHIRE_DATA/task31/lead/cube/G6/regional_state.npz,Selected sequence native/operator/regional/material identity or recipe,FILE,8759,9e4174ba85a6f0693cb0ea859bf1be4785b5dc77a1fa5ff5c1f79cd6426d492a,
DATA,E:/CHESHIRE_DATA,task31/lead/cube/G7/mesh.npz,E:/CHESHIRE_DATA/task31/lead/cube/G7/mesh.npz,Selected sequence native/operator/regional/material identity or recipe,FILE,3470501,cbf84524c1530c54d0e9a2e0672b0dc96c16e44d491bf671e3bda58b7cce1c14,
DATA,E:/CHESHIRE_DATA,task31/lead/cube/G7/operator_state.npz,E:/CHESHIRE_DATA/task31/lead/cube/G7/operator_state.npz,Selected sequence native/operator/regional/material identity or recipe,FILE,744372,1bab01eba97819754e6432e98c2bb05a87b7e94194dbb6e66cab4b36d847ea9d,
DATA,E:/CHESHIRE_DATA,task31/lead/cube/G7/regional_state.npz,E:/CHESHIRE_DATA/task31/lead/cube/G7/regional_state.npz,Selected sequence native/operator/regional/material identity or recipe,FILE,28177,d55619b690d2b6d0cd267c711963bce9fdd0ec760dc94745332e7d3c1df86529,
DATA,E:/CHESHIRE_DATA,task31/lead/cube/G8/mesh.npz,E:/CHESHIRE_DATA/task31/lead/cube/G8/mesh.npz,Selected sequence native/operator/regional/material identity or recipe,FILE,13208895,ce41f64563e15d3a30e99c17c04abd2548d5af99c34b17b217a3ccadc9e1d514,
DATA,E:/CHESHIRE_DATA,task31/lead/cube/G8/operator_state.npz,E:/CHESHIRE_DATA/task31/lead/cube/G8/operator_state.npz,Selected sequence native/operator/regional/material identity or recipe,FILE,9147553,5635c1641e1fd14652147c298ee113b4e14178e9edfcdd47e6b9602853bce514,
DATA,E:/CHESHIRE_DATA,task31/lead/cube/G8/regional_state.npz,E:/CHESHIRE_DATA/task31/lead/cube/G8/regional_state.npz,Selected sequence native/operator/regional/material identity or recipe,FILE,73017,d93b634e85d2da89450e54bf7e8b7f900d0454d62f5f90f251c3fdd1db418604,
DATA,E:/CHESHIRE_DATA,task31/lead/gate/G0/mesh.npz,E:/CHESHIRE_DATA/task31/lead/gate/G0/mesh.npz,Selected sequence native/operator/regional/material identity or recipe,FILE,2308,4032c132bc0a7ffa14ef07ca708fdfc746acafcdc09b5aa441d974d7b8af5814,
DATA,E:/CHESHIRE_DATA,task31/lead/gate/G0/regional_state.npz,E:/CHESHIRE_DATA/task31/lead/gate/G0/regional_state.npz,Selected sequence native/operator/regional/material identity or recipe,FILE,218,c034fe4198db84e84974a2ff2e61247d90edb629c89ba8d6cb5cf4844fa295de,
DATA,E:/CHESHIRE_DATA,task31/lead/gate/G1/mesh.npz,E:/CHESHIRE_DATA/task31/lead/gate/G1/mesh.npz,Selected sequence native/operator/regional/material identity or recipe,FILE,7739,6984e869f03bab9a5dbabc6f9a97255480107532e68955d67713c27c019e2b13,
DATA,E:/CHESHIRE_DATA,task31/lead/gate/G1/operator_state.npz,E:/CHESHIRE_DATA/task31/lead/gate/G1/operator_state.npz,Selected sequence native/operator/regional/material identity or recipe,FILE,2874,14678d00ef7ce0a79413f7832a53531263357ae4f1faed4dadbd7aa8dc7d802d,
DATA,E:/CHESHIRE_DATA,task31/lead/gate/G1/regional_state.npz,E:/CHESHIRE_DATA/task31/lead/gate/G1/regional_state.npz,Selected sequence native/operator/regional/material identity or recipe,FILE,221,e019f1563e916ed6ffd65887e679c80bd171063134c621dc6dbcf6acd572fbb7,
DATA,E:/CHESHIRE_DATA,task31/lead/gate/G2/mesh.npz,E:/CHESHIRE_DATA/task31/lead/gate/G2/mesh.npz,Selected sequence native/operator/regional/material identity or recipe,FILE,31213,e9d6cfc1c6414f9a073a81c39ae4c44968fcc76061a47ae9533b49e34104c686,
DATA,E:/CHESHIRE_DATA,task31/lead/gate/G2/operator_state.npz,E:/CHESHIRE_DATA/task31/lead/gate/G2/operator_state.npz,Selected sequence native/operator/regional/material identity or recipe,FILE,8772,04daa5ed28893363c0002b680dd6919f61819ce042ba10a4f52595dba386c11b,
DATA,E:/CHESHIRE_DATA,task31/lead/gate/G2/regional_state.npz,E:/CHESHIRE_DATA/task31/lead/gate/G2/regional_state.npz,Selected sequence native/operator/regional/material identity or recipe,FILE,1202,02da66ff8b3a2d0437669dec2a251c69a65a79e9012ec89be6b704d43982a694,
DATA,E:/CHESHIRE_DATA,task31/lead/gate/G2_post_edit/mesh.npz,E:/CHESHIRE_DATA/task31/lead/gate/G2_post_edit/mesh.npz,Selected sequence native/operator/regional/material identity or recipe,FILE,31524,633b05b2f79deb238e6a8b2e839d323e76559ec05f3e1b1a076aca8cdd2967fb,
DATA,E:/CHESHIRE_DATA,task31/lead/gate/G2_post_edit/operator_state.npz,E:/CHESHIRE_DATA/task31/lead/gate/G2_post_edit/operator_state.npz,Selected sequence native/operator/regional/material identity or recipe,FILE,2648,fca18554f2c26da2a70ec809125f731d314894fc7dab4ff9c9a5767793e8b3b1,
DATA,E:/CHESHIRE_DATA,task31/lead/gate/G2_post_edit/regional_state.npz,E:/CHESHIRE_DATA/task31/lead/gate/G2_post_edit/regional_state.npz,Selected sequence native/operator/regional/material identity or recipe,FILE,1211,04cd0139124fa89466e1b68f395d7a7ff06a5c3bc355711f4fae88c862b7e263,
DATA,E:/CHESHIRE_DATA,task31/lead/gate/G3/mesh.npz,E:/CHESHIRE_DATA/task31/lead/gate/G3/mesh.npz,Selected sequence native/operator/regional/material identity or recipe,FILE,129101,24dc9f2d6af8fc496248621e701b3003d095f574f9e161bb4ed62f724392c247,
DATA,E:/CHESHIRE_DATA,task31/lead/gate/G3/operator_state.npz,E:/CHESHIRE_DATA/task31/lead/gate/G3/operator_state.npz,Selected sequence native/operator/regional/material identity or recipe,FILE,61924,0f04255f04903d6c619d542755560bb954f499369f0c50eacd38797f0d4de69f,
DATA,E:/CHESHIRE_DATA,task31/lead/gate/G3/regional_state.npz,E:/CHESHIRE_DATA/task31/lead/gate/G3/regional_state.npz,Selected sequence native/operator/regional/material identity or recipe,FILE,2159,aa1d46d8561e5bc3a287cb2bc2d8b035d7924b02c8627bd579e4dee60ba53338,
DATA,E:/CHESHIRE_DATA,task31/lead/gate/G4/mesh.npz,E:/CHESHIRE_DATA/task31/lead/gate/G4/mesh.npz,Selected sequence native/operator/regional/material identity or recipe,FILE,506107,63a3d852cf71de4937ba832ff54a7cee618e8d759f38caaea64b4d23322dcfeb,
DATA,E:/CHESHIRE_DATA,task31/lead/gate/G4/operator_state.npz,E:/CHESHIRE_DATA/task31/lead/gate/G4/operator_state.npz,Selected sequence native/operator/regional/material identity or recipe,FILE,272198,49aad234d584bd77012a6f841c01d95af68b3714500c9866a57ed6652c69773b,
DATA,E:/CHESHIRE_DATA,task31/lead/gate/G4/regional_state.npz,E:/CHESHIRE_DATA/task31/lead/gate/G4/regional_state.npz,Selected sequence native/operator/regional/material identity or recipe,FILE,4477,471b769381a0709b0f2be341cc86d474321929912da6f730971cd3504a6dd516,
DATA,E:/CHESHIRE_DATA,task31/lead/gate/G5/mesh.npz,E:/CHESHIRE_DATA/task31/lead/gate/G5/mesh.npz,Selected sequence native/operator/regional/material identity or recipe,FILE,2123723,a41f0397be43537f02a8bd38dd37ac617772bd747e0d617e08cf5c3073aceded,
DATA,E:/CHESHIRE_DATA,task31/lead/gate/G5/operator_state.npz,E:/CHESHIRE_DATA/task31/lead/gate/G5/operator_state.npz,Selected sequence native/operator/regional/material identity or recipe,FILE,1202581,79881fab79d0fa0a7bc7ae034670ef6617cd422f6ee8b6a13193cb02e6c48dcb,
DATA,E:/CHESHIRE_DATA,task31/lead/gate/G5/regional_state.npz,E:/CHESHIRE_DATA/task31/lead/gate/G5/regional_state.npz,Selected sequence native/operator/regional/material identity or recipe,FILE,9239,b1f680240a1226782bbb520c27e5337bc28a53694b5219be79c1135b4ffc0699,
DATA,E:/CHESHIRE_DATA,task31/lead/gate/G6/mesh.npz,E:/CHESHIRE_DATA/task31/lead/gate/G6/mesh.npz,Selected sequence native/operator/regional/material identity or recipe,FILE,11926429,f627ad34050ba50d5c8f6320595a2d1785bf1d36c8820e9808d5f1a6907d64fd,
DATA,E:/CHESHIRE_DATA,task31/lead/gate/G6/operator_state.npz,E:/CHESHIRE_DATA/task31/lead/gate/G6/operator_state.npz,Selected sequence native/operator/regional/material identity or recipe,FILE,2369961,fbbab4274a0bbf588eb8f45d5a408e0317276772f2f3e7cc8d4fb64f333a394d,
DATA,E:/CHESHIRE_DATA,task31/lead/gate/G6/regional_state.npz,E:/CHESHIRE_DATA/task31/lead/gate/G6/regional_state.npz,Selected sequence native/operator/regional/material identity or recipe,FILE,109298,ed475f654700cd5506e7ba27c10deeac3b23c816f33a407061765f010eb7a9e1,
DATA,E:/CHESHIRE_DATA,task31/lead/gate/G7/mesh.npz,E:/CHESHIRE_DATA/task31/lead/gate/G7/mesh.npz,Selected sequence native/operator/regional/material identity or recipe,FILE,44146977,b70ec1f88bf0ad0676c51e5d8bfef38d85d6fb456dfeac9675269b153b1fa4f4,
DATA,E:/CHESHIRE_DATA,task31/lead/gate/G7/operator_state.npz,E:/CHESHIRE_DATA/task31/lead/gate/G7/operator_state.npz,Selected sequence native/operator/regional/material identity or recipe,FILE,8538685,a11305d24ebd4c5a503a7e590909e6e49471cb7c99b5364af0577bcb3e94fcd6,
DATA,E:/CHESHIRE_DATA,task31/lead/gate/G7/regional_state.npz,E:/CHESHIRE_DATA/task31/lead/gate/G7/regional_state.npz,Selected sequence native/operator/regional/material identity or recipe,FILE,338355,1ee309c821165e131c92d9798eac25fa9c0b7a3894a106b39cc8f1afbd5a99b2,
DATA,E:/CHESHIRE_DATA,task31/lead/gate/G8/mesh.npz,E:/CHESHIRE_DATA/task31/lead/gate/G8/mesh.npz,Selected sequence native/operator/regional/material identity or recipe,FILE,167691889,41a97ea6baf66ad79c93279a2126fd3bbfb4091d36092f8410a342989a282459,
DATA,E:/CHESHIRE_DATA,task31/lead/gate/G8/operator_state.npz,E:/CHESHIRE_DATA/task31/lead/gate/G8/operator_state.npz,Selected sequence native/operator/regional/material identity or recipe,FILE,103612231,1bb25cb7759ab61608c727d369f6c0e6cf3fc4c6aee7977cf2c5d1f682b9ca40,
DATA,E:/CHESHIRE_DATA,task31/lead/gate/G8/regional_state.npz,E:/CHESHIRE_DATA/task31/lead/gate/G8/regional_state.npz,Selected sequence native/operator/regional/material identity or recipe,FILE,873418,d0897dfa8b6b6cfd03462150a002ffcad61212b1776478cbec73e69656966ce2,
DATA,E:/CHESHIRE_DATA,task32/candidates/I01_STRAIGHT_CHILD,E:/CHESHIRE_DATA/task32/candidates/I01_STRAIGHT_CHILD,Selected complete native generation sequence; checkpoint includes more than OBJ,DIRECTORY,,,
DATA,E:/CHESHIRE_DATA,task32/candidates/I01_STRAIGHT_CHILD/completed.json,E:/CHESHIRE_DATA/task32/candidates/I01_STRAIGHT_CHILD/completed.json,Selected sequence native/operator/regional/material identity or recipe,FILE,3061,749fc785a31b94575ad92a5d4fc84ab8dc7174eafc3e11cfb281c0cd1a5d99c3,
DATA,E:/CHESHIRE_DATA,task32/candidates/I01_STRAIGHT_CHILD/request.json,E:/CHESHIRE_DATA/task32/candidates/I01_STRAIGHT_CHILD/request.json,Selected sequence native/operator/regional/material identity or recipe,FILE,3879,38dc69a2a54c576e583bbf77cdd37af8700ad898650761036d62c274afe66b11,
DATA,E:/CHESHIRE_DATA,task32/candidates/I01_STRAIGHT_CHILD/S00/mesh.npz,E:/CHESHIRE_DATA/task32/candidates/I01_STRAIGHT_CHILD/S00/mesh.npz,Selected sequence native/operator/regional/material identity or recipe,FILE,2308,4032c132bc0a7ffa14ef07ca708fdfc746acafcdc09b5aa441d974d7b8af5814,
DATA,E:/CHESHIRE_DATA,task32/candidates/I01_STRAIGHT_CHILD/S01/mesh.npz,E:/CHESHIRE_DATA/task32/candidates/I01_STRAIGHT_CHILD/S01/mesh.npz,Selected sequence native/operator/regional/material identity or recipe,FILE,6933,00f45b877d75edc2c216817f11495526206e4a70f43f97856e861cb52f3e3685,
DATA,E:/CHESHIRE_DATA,task32/candidates/I01_STRAIGHT_CHILD/S01/operator_state.npz,E:/CHESHIRE_DATA/task32/candidates/I01_STRAIGHT_CHILD/S01/operator_state.npz,Selected sequence native/operator/regional/material identity or recipe,FILE,2874,14678d00ef7ce0a79413f7832a53531263357ae4f1faed4dadbd7aa8dc7d802d,
DATA,E:/CHESHIRE_DATA,task32/candidates/I01_STRAIGHT_CHILD/S02/mesh.npz,E:/CHESHIRE_DATA/task32/candidates/I01_STRAIGHT_CHILD/S02/mesh.npz,Selected sequence native/operator/regional/material identity or recipe,FILE,26767,8231c29cd2bcc5cbe680b76f610cd19f1f322fae68ad988a5aab4c634bee1c67,
DATA,E:/CHESHIRE_DATA,task32/candidates/I01_STRAIGHT_CHILD/S02/operator_state.npz,E:/CHESHIRE_DATA/task32/candidates/I01_STRAIGHT_CHILD/S02/operator_state.npz,Selected sequence native/operator/regional/material identity or recipe,FILE,8527,96e005be66fbc15ed2b72acdadef6e480ff87314e2f34391913c06b19a490a5b,
DATA,E:/CHESHIRE_DATA,task32/candidates/I01_STRAIGHT_CHILD/S03/mesh.npz,E:/CHESHIRE_DATA/task32/candidates/I01_STRAIGHT_CHILD/S03/mesh.npz,Selected sequence native/operator/regional/material identity or recipe,FILE,108842,2c6f46cbcd3566484a96e9176a253f8056fcddffb1a2720e725f909d9b87c700,
DATA,E:/CHESHIRE_DATA,task32/candidates/I01_STRAIGHT_CHILD/S03/operator_state.npz,E:/CHESHIRE_DATA/task32/candidates/I01_STRAIGHT_CHILD/S03/operator_state.npz,Selected sequence native/operator/regional/material identity or recipe,FILE,31277,6d485daf232e9be23089cf4b656e46ca5dcfab6882871b9b003927b35a392725,
DATA,E:/CHESHIRE_DATA,task32/candidates/I01_STRAIGHT_CHILD/S04/mesh.npz,E:/CHESHIRE_DATA/task32/candidates/I01_STRAIGHT_CHILD/S04/mesh.npz,Selected sequence native/operator/regional/material identity or recipe,FILE,163547,34b9b3342e2555848a68c1ce3233b9cd0df86801fd621bd53fb787267d179f8f,
DATA,E:/CHESHIRE_DATA,task32/candidates/I01_STRAIGHT_CHILD/S04/operator_state.npz,E:/CHESHIRE_DATA/task32/candidates/I01_STRAIGHT_CHILD/S04/operator_state.npz,Selected sequence native/operator/regional/material identity or recipe,FILE,720412,bf042db452cc69ab5d45faa392f850ae8e90418bf873c69b6d554656b6d15486,
DATA,E:/CHESHIRE_DATA,task32/candidates/I01_STRAIGHT_CHILD/S04/spectral_state.npz,E:/CHESHIRE_DATA/task32/candidates/I01_STRAIGHT_CHILD/S04/spectral_state.npz,Selected sequence native/operator/regional/material identity or recipe,FILE,47523,742552d6eba8a5f00dd7ad3625615730fc6ac91d427afc723ec0b0c7e3ebfe29,
DATA,E:/CHESHIRE_DATA,task32/candidates/I01_STRAIGHT_CHILD/S05/branch_state.npz,E:/CHESHIRE_DATA/task32/candidates/I01_STRAIGHT_CHILD/S05/branch_state.npz,Selected sequence native/operator/regional/material identity or recipe,FILE,839,e929ed091c8c88609865d3953f229e69a6c274eb42ce942839c69df16c498477,
DATA,E:/CHESHIRE_DATA,task32/candidates/I01_STRAIGHT_CHILD/S05/mesh.npz,E:/CHESHIRE_DATA/task32/candidates/I01_STRAIGHT_CHILD/S05/mesh.npz,Selected sequence native/operator/regional/material identity or recipe,FILE,192820,25159f4eba0b08bc4b2ec1d0fbfc97c456ea3a79e36ea592c5a4e3fe2cca254e,
DATA,E:/CHESHIRE_DATA,task32/candidates/I01_STRAIGHT_CHILD/S05/operator_state.npz,E:/CHESHIRE_DATA/task32/candidates/I01_STRAIGHT_CHILD/S05/operator_state.npz,Selected sequence native/operator/regional/material identity or recipe,FILE,9064,ef93be35b61a4e747c62f481687553a5e4d7b5f8c39f282dde3b1647ca8f9bea,
DATA,E:/CHESHIRE_DATA,task32/candidates/I01_STRAIGHT_CHILD/S06/branch_state.npz,E:/CHESHIRE_DATA/task32/candidates/I01_STRAIGHT_CHILD/S06/branch_state.npz,Selected sequence native/operator/regional/material identity or recipe,FILE,839,e929ed091c8c88609865d3953f229e69a6c274eb42ce942839c69df16c498477,
DATA,E:/CHESHIRE_DATA,task32/candidates/I01_STRAIGHT_CHILD/S06/mesh.npz,E:/CHESHIRE_DATA/task32/candidates/I01_STRAIGHT_CHILD/S06/mesh.npz,Selected sequence native/operator/regional/material identity or recipe,FILE,192820,25159f4eba0b08bc4b2ec1d0fbfc97c456ea3a79e36ea592c5a4e3fe2cca254e,
DATA,E:/CHESHIRE_DATA,task32/candidates/I01_STRAIGHT_CHILD/S07/branch_state.npz,E:/CHESHIRE_DATA/task32/candidates/I01_STRAIGHT_CHILD/S07/branch_state.npz,Selected sequence native/operator/regional/material identity or recipe,FILE,1166,b7807a000317e6d84115176d29a8f393e3b3c4652fb7b0c3854cf369a39c1655,
DATA,E:/CHESHIRE_DATA,task32/candidates/I01_STRAIGHT_CHILD/S07/mesh.npz,E:/CHESHIRE_DATA/task32/candidates/I01_STRAIGHT_CHILD/S07/mesh.npz,Selected sequence native/operator/regional/material identity or recipe,FILE,749648,86d716a53aadb8ba0841b7ea7e205ff9667b026ddd3b0d8dcb0e3aae2c8694b7,
DATA,E:/CHESHIRE_DATA,task32/candidates/I01_STRAIGHT_CHILD/S07/operator_state.npz,E:/CHESHIRE_DATA/task32/candidates/I01_STRAIGHT_CHILD/S07/operator_state.npz,Selected sequence native/operator/regional/material identity or recipe,FILE,236928,5bd346af7fefa39132346b2d2df88d96af8df7984bf602505320edd752eb971e,
DATA,E:/CHESHIRE_DATA,task32/candidates/I01_STRAIGHT_CHILD/S08/branch_state.npz,E:/CHESHIRE_DATA/task32/candidates/I01_STRAIGHT_CHILD/S08/branch_state.npz,Selected sequence native/operator/regional/material identity or recipe,FILE,1275,a1d7bbe430cb04ca6acc985f9fcd688390527387dbf2fc76ae3d6dc5f9957312,
DATA,E:/CHESHIRE_DATA,task32/candidates/I01_STRAIGHT_CHILD/S08/mesh.npz,E:/CHESHIRE_DATA/task32/candidates/I01_STRAIGHT_CHILD/S08/mesh.npz,Selected sequence native/operator/regional/material identity or recipe,FILE,784489,d3bca8b75ae7cfb62287577250cb0c9354a97fc90fbff0c60926be4f2c30e899,
DATA,E:/CHESHIRE_DATA,task32/candidates/I01_STRAIGHT_CHILD/S08/operator_state.npz,E:/CHESHIRE_DATA/task32/candidates/I01_STRAIGHT_CHILD/S08/operator_state.npz,Selected sequence native/operator/regional/material identity or recipe,FILE,36914,594e15e2bc84f4985c87b133de7b9f7430917f5d81de1065e43a28fdf493b728,
DATA,E:/CHESHIRE_DATA,task32/candidates/I01_STRAIGHT_CHILD/S09/branch_state.npz,E:/CHESHIRE_DATA/task32/candidates/I01_STRAIGHT_CHILD/S09/branch_state.npz,Selected sequence native/operator/regional/material identity or recipe,FILE,1275,a1d7bbe430cb04ca6acc985f9fcd688390527387dbf2fc76ae3d6dc5f9957312,
DATA,E:/CHESHIRE_DATA,task32/candidates/I01_STRAIGHT_CHILD/S09/mesh.npz,E:/CHESHIRE_DATA/task32/candidates/I01_STRAIGHT_CHILD/S09/mesh.npz,Selected sequence native/operator/regional/material identity or recipe,FILE,784489,d3bca8b75ae7cfb62287577250cb0c9354a97fc90fbff0c60926be4f2c30e899,
DATA,E:/CHESHIRE_DATA,task32/candidates/I01_STRAIGHT_CHILD/S10/branch_state.npz,E:/CHESHIRE_DATA/task32/candidates/I01_STRAIGHT_CHILD/S10/branch_state.npz,Selected sequence native/operator/regional/material identity or recipe,FILE,2674,590be6984b853f6b300d347a26b400229bacc73471af49651262e173670c0d2b,
DATA,E:/CHESHIRE_DATA,task32/candidates/I01_STRAIGHT_CHILD/S10/mesh.npz,E:/CHESHIRE_DATA/task32/candidates/I01_STRAIGHT_CHILD/S10/mesh.npz,Selected sequence native/operator/regional/material identity or recipe,FILE,3126065,775f59b20ef48a924178b0bd530a299a04673c11ea65b12886d31acd3ba8c6fb,
DATA,E:/CHESHIRE_DATA,task32/candidates/I01_STRAIGHT_CHILD/S10/operator_state.npz,E:/CHESHIRE_DATA/task32/candidates/I01_STRAIGHT_CHILD/S10/operator_state.npz,Selected sequence native/operator/regional/material identity or recipe,FILE,980600,b9ad6bc1f9cac4b7a06b588f20cd3d29b81653fdeb753318848ec14f76e13112,
DATA,E:/CHESHIRE_DATA,task32/candidates/I01_STRAIGHT_CHILD/S11/branch_state.npz,E:/CHESHIRE_DATA/task32/candidates/I01_STRAIGHT_CHILD/S11/branch_state.npz,Selected sequence native/operator/regional/material identity or recipe,FILE,2674,590be6984b853f6b300d347a26b400229bacc73471af49651262e173670c0d2b,
DATA,E:/CHESHIRE_DATA,task32/candidates/I01_STRAIGHT_CHILD/S11/mesh.npz,E:/CHESHIRE_DATA/task32/candidates/I01_STRAIGHT_CHILD/S11/mesh.npz,Selected sequence native/operator/regional/material identity or recipe,FILE,3126065,775f59b20ef48a924178b0bd530a299a04673c11ea65b12886d31acd3ba8c6fb,
DATA,E:/CHESHIRE_DATA,task32/candidates/I02_STRAIGHT_CHILD,E:/CHESHIRE_DATA/task32/candidates/I02_STRAIGHT_CHILD,Selected complete native generation sequence; checkpoint includes more than OBJ,DIRECTORY,,,
DATA,E:/CHESHIRE_DATA,task32/candidates/I02_STRAIGHT_CHILD/completed.json,E:/CHESHIRE_DATA/task32/candidates/I02_STRAIGHT_CHILD/completed.json,Selected sequence native/operator/regional/material identity or recipe,FILE,3061,3ab2806604bda0deed531579889fd211b969f9b71ec241f82909fdcb66fdce03,
DATA,E:/CHESHIRE_DATA,task32/candidates/I02_STRAIGHT_CHILD/request.json,E:/CHESHIRE_DATA/task32/candidates/I02_STRAIGHT_CHILD/request.json,Selected sequence native/operator/regional/material identity or recipe,FILE,3879,161e94cf448de90b4ac78404788216b1165b6fa9bb85e4333dd6d10f95bd5312,
DATA,E:/CHESHIRE_DATA,task32/candidates/I02_STRAIGHT_CHILD/S00/mesh.npz,E:/CHESHIRE_DATA/task32/candidates/I02_STRAIGHT_CHILD/S00/mesh.npz,Selected sequence native/operator/regional/material identity or recipe,FILE,2308,4032c132bc0a7ffa14ef07ca708fdfc746acafcdc09b5aa441d974d7b8af5814,
DATA,E:/CHESHIRE_DATA,task32/candidates/I02_STRAIGHT_CHILD/S01/mesh.npz,E:/CHESHIRE_DATA/task32/candidates/I02_STRAIGHT_CHILD/S01/mesh.npz,Selected sequence native/operator/regional/material identity or recipe,FILE,6933,00f45b877d75edc2c216817f11495526206e4a70f43f97856e861cb52f3e3685,
DATA,E:/CHESHIRE_DATA,task32/candidates/I02_STRAIGHT_CHILD/S01/operator_state.npz,E:/CHESHIRE_DATA/task32/candidates/I02_STRAIGHT_CHILD/S01/operator_state.npz,Selected sequence native/operator/regional/material identity or recipe,FILE,2874,14678d00ef7ce0a79413f7832a53531263357ae4f1faed4dadbd7aa8dc7d802d,
DATA,E:/CHESHIRE_DATA,task32/candidates/I02_STRAIGHT_CHILD/S02/mesh.npz,E:/CHESHIRE_DATA/task32/candidates/I02_STRAIGHT_CHILD/S02/mesh.npz,Selected sequence native/operator/regional/material identity or recipe,FILE,26767,8231c29cd2bcc5cbe680b76f610cd19f1f322fae68ad988a5aab4c634bee1c67,
DATA,E:/CHESHIRE_DATA,task32/candidates/I02_STRAIGHT_CHILD/S02/operator_state.npz,E:/CHESHIRE_DATA/task32/candidates/I02_STRAIGHT_CHILD/S02/operator_state.npz,Selected sequence native/operator/regional/material identity or recipe,FILE,8527,96e005be66fbc15ed2b72acdadef6e480ff87314e2f34391913c06b19a490a5b,
DATA,E:/CHESHIRE_DATA,task32/candidates/I02_STRAIGHT_CHILD/S03/mesh.npz,E:/CHESHIRE_DATA/task32/candidates/I02_STRAIGHT_CHILD/S03/mesh.npz,Selected sequence native/operator/regional/material identity or recipe,FILE,108842,2c6f46cbcd3566484a96e9176a253f8056fcddffb1a2720e725f909d9b87c700,
DATA,E:/CHESHIRE_DATA,task32/candidates/I02_STRAIGHT_CHILD/S03/operator_state.npz,E:/CHESHIRE_DATA/task32/candidates/I02_STRAIGHT_CHILD/S03/operator_state.npz,Selected sequence native/operator/regional/material identity or recipe,FILE,31277,6d485daf232e9be23089cf4b656e46ca5dcfab6882871b9b003927b35a392725,
DATA,E:/CHESHIRE_DATA,task32/candidates/I02_STRAIGHT_CHILD/S04/mesh.npz,E:/CHESHIRE_DATA/task32/candidates/I02_STRAIGHT_CHILD/S04/mesh.npz,Selected sequence native/operator/regional/material identity or recipe,FILE,163547,34b9b3342e2555848a68c1ce3233b9cd0df86801fd621bd53fb787267d179f8f,
DATA,E:/CHESHIRE_DATA,task32/candidates/I02_STRAIGHT_CHILD/S04/operator_state.npz,E:/CHESHIRE_DATA/task32/candidates/I02_STRAIGHT_CHILD/S04/operator_state.npz,Selected sequence native/operator/regional/material identity or recipe,FILE,720412,bf042db452cc69ab5d45faa392f850ae8e90418bf873c69b6d554656b6d15486,
DATA,E:/CHESHIRE_DATA,task32/candidates/I02_STRAIGHT_CHILD/S04/spectral_state.npz,E:/CHESHIRE_DATA/task32/candidates/I02_STRAIGHT_CHILD/S04/spectral_state.npz,Selected sequence native/operator/regional/material identity or recipe,FILE,47523,742552d6eba8a5f00dd7ad3625615730fc6ac91d427afc723ec0b0c7e3ebfe29,
DATA,E:/CHESHIRE_DATA,task32/candidates/I02_STRAIGHT_CHILD/S05/branch_state.npz,E:/CHESHIRE_DATA/task32/candidates/I02_STRAIGHT_CHILD/S05/branch_state.npz,Selected sequence native/operator/regional/material identity or recipe,FILE,839,e929ed091c8c88609865d3953f229e69a6c274eb42ce942839c69df16c498477,
DATA,E:/CHESHIRE_DATA,task32/candidates/I02_STRAIGHT_CHILD/S05/mesh.npz,E:/CHESHIRE_DATA/task32/candidates/I02_STRAIGHT_CHILD/S05/mesh.npz,Selected sequence native/operator/regional/material identity or recipe,FILE,192820,25159f4eba0b08bc4b2ec1d0fbfc97c456ea3a79e36ea592c5a4e3fe2cca254e,
DATA,E:/CHESHIRE_DATA,task32/candidates/I02_STRAIGHT_CHILD/S05/operator_state.npz,E:/CHESHIRE_DATA/task32/candidates/I02_STRAIGHT_CHILD/S05/operator_state.npz,Selected sequence native/operator/regional/material identity or recipe,FILE,9064,ef93be35b61a4e747c62f481687553a5e4d7b5f8c39f282dde3b1647ca8f9bea,
DATA,E:/CHESHIRE_DATA,task32/candidates/I02_STRAIGHT_CHILD/S06/branch_state.npz,E:/CHESHIRE_DATA/task32/candidates/I02_STRAIGHT_CHILD/S06/branch_state.npz,Selected sequence native/operator/regional/material identity or recipe,FILE,839,e929ed091c8c88609865d3953f229e69a6c274eb42ce942839c69df16c498477,
DATA,E:/CHESHIRE_DATA,task32/candidates/I02_STRAIGHT_CHILD/S06/mesh.npz,E:/CHESHIRE_DATA/task32/candidates/I02_STRAIGHT_CHILD/S06/mesh.npz,Selected sequence native/operator/regional/material identity or recipe,FILE,192820,25159f4eba0b08bc4b2ec1d0fbfc97c456ea3a79e36ea592c5a4e3fe2cca254e,
DATA,E:/CHESHIRE_DATA,task32/candidates/I02_STRAIGHT_CHILD/S07/branch_state.npz,E:/CHESHIRE_DATA/task32/candidates/I02_STRAIGHT_CHILD/S07/branch_state.npz,Selected sequence native/operator/regional/material identity or recipe,FILE,1166,b7807a000317e6d84115176d29a8f393e3b3c4652fb7b0c3854cf369a39c1655,
DATA,E:/CHESHIRE_DATA,task32/candidates/I02_STRAIGHT_CHILD/S07/mesh.npz,E:/CHESHIRE_DATA/task32/candidates/I02_STRAIGHT_CHILD/S07/mesh.npz,Selected sequence native/operator/regional/material identity or recipe,FILE,749648,86d716a53aadb8ba0841b7ea7e205ff9667b026ddd3b0d8dcb0e3aae2c8694b7,
DATA,E:/CHESHIRE_DATA,task32/candidates/I02_STRAIGHT_CHILD/S07/operator_state.npz,E:/CHESHIRE_DATA/task32/candidates/I02_STRAIGHT_CHILD/S07/operator_state.npz,Selected sequence native/operator/regional/material identity or recipe,FILE,236928,5bd346af7fefa39132346b2d2df88d96af8df7984bf602505320edd752eb971e,
DATA,E:/CHESHIRE_DATA,task32/candidates/I02_STRAIGHT_CHILD/S08/branch_state.npz,E:/CHESHIRE_DATA/task32/candidates/I02_STRAIGHT_CHILD/S08/branch_state.npz,Selected sequence native/operator/regional/material identity or recipe,FILE,1293,18af0f4f8ea09f2548b4e302dedd937cdc0a3bffc846f4c43ba0e3615f76672c,
DATA,E:/CHESHIRE_DATA,task32/candidates/I02_STRAIGHT_CHILD/S08/mesh.npz,E:/CHESHIRE_DATA/task32/candidates/I02_STRAIGHT_CHILD/S08/mesh.npz,Selected sequence native/operator/regional/material identity or recipe,FILE,786859,d47d8ddc530acf453cdcdd319eb49d83172cc988c1af2a0cc61747fff326ff67,
DATA,E:/CHESHIRE_DATA,task32/candidates/I02_STRAIGHT_CHILD/S08/operator_state.npz,E:/CHESHIRE_DATA/task32/candidates/I02_STRAIGHT_CHILD/S08/operator_state.npz,Selected sequence native/operator/regional/material identity or recipe,FILE,36944,04e0258c0687b90213082adace92ef7b13940d9056bdc20c9de3ff3e5e479fcf,
DATA,E:/CHESHIRE_DATA,task32/candidates/I02_STRAIGHT_CHILD/S09/branch_state.npz,E:/CHESHIRE_DATA/task32/candidates/I02_STRAIGHT_CHILD/S09/branch_state.npz,Selected sequence native/operator/regional/material identity or recipe,FILE,1293,18af0f4f8ea09f2548b4e302dedd937cdc0a3bffc846f4c43ba0e3615f76672c,
DATA,E:/CHESHIRE_DATA,task32/candidates/I02_STRAIGHT_CHILD/S09/mesh.npz,E:/CHESHIRE_DATA/task32/candidates/I02_STRAIGHT_CHILD/S09/mesh.npz,Selected sequence native/operator/regional/material identity or recipe,FILE,786859,d47d8ddc530acf453cdcdd319eb49d83172cc988c1af2a0cc61747fff326ff67,
DATA,E:/CHESHIRE_DATA,task32/candidates/I02_STRAIGHT_CHILD/S10/branch_state.npz,E:/CHESHIRE_DATA/task32/candidates/I02_STRAIGHT_CHILD/S10/branch_state.npz,Selected sequence native/operator/regional/material identity or recipe,FILE,2693,de22a4318ef4c0ca26e59d00958c774d6bd9dc41a796e1cd03a14900437012e6,
DATA,E:/CHESHIRE_DATA,task32/candidates/I02_STRAIGHT_CHILD/S10/mesh.npz,E:/CHESHIRE_DATA/task32/candidates/I02_STRAIGHT_CHILD/S10/mesh.npz,Selected sequence native/operator/regional/material identity or recipe,FILE,3136188,9ba57bba576d1270c276350db737db922c72fdfee6d6379c017338ee1af35213,
DATA,E:/CHESHIRE_DATA,task32/candidates/I02_STRAIGHT_CHILD/S10/operator_state.npz,E:/CHESHIRE_DATA/task32/candidates/I02_STRAIGHT_CHILD/S10/operator_state.npz,Selected sequence native/operator/regional/material identity or recipe,FILE,983024,c3f1816525853d86abadfd185aa8a9a03adb02a9a2e79447c68823fa6de06b56,
DATA,E:/CHESHIRE_DATA,task32/candidates/I02_STRAIGHT_CHILD/S11/branch_state.npz,E:/CHESHIRE_DATA/task32/candidates/I02_STRAIGHT_CHILD/S11/branch_state.npz,Selected sequence native/operator/regional/material identity or recipe,FILE,2693,de22a4318ef4c0ca26e59d00958c774d6bd9dc41a796e1cd03a14900437012e6,
DATA,E:/CHESHIRE_DATA,task32/candidates/I02_STRAIGHT_CHILD/S11/mesh.npz,E:/CHESHIRE_DATA/task32/candidates/I02_STRAIGHT_CHILD/S11/mesh.npz,Selected sequence native/operator/regional/material identity or recipe,FILE,3136188,9ba57bba576d1270c276350db737db922c72fdfee6d6379c017338ee1af35213,
DATA,E:/CHESHIRE_DATA,task33/candidates/V01_COHERENT_TRANSPORT,E:/CHESHIRE_DATA/task33/candidates/V01_COHERENT_TRANSPORT,Selected complete native generation sequence; checkpoint includes more than OBJ,DIRECTORY,,,
DATA,E:/CHESHIRE_DATA,task33/candidates/V01_COHERENT_TRANSPORT/completed.json,E:/CHESHIRE_DATA/task33/candidates/V01_COHERENT_TRANSPORT/completed.json,Selected sequence native/operator/regional/material identity or recipe,FILE,1920,46109b6c2373f7f589b3c7b95f15a1b98ea61367829b488f40bc15af1e0b6b8f,
DATA,E:/CHESHIRE_DATA,task33/candidates/V01_COHERENT_TRANSPORT/G1_PRE/identity.json,E:/CHESHIRE_DATA/task33/candidates/V01_COHERENT_TRANSPORT/G1_PRE/identity.json,Selected sequence native/operator/regional/material identity or recipe,FILE,479,ccf5db8b13b0c1e03a867460f8d303b0e21ef0344763ae44d42a8753ab3bd991,
DATA,E:/CHESHIRE_DATA,task33/candidates/V01_COHERENT_TRANSPORT/G1_PRE/material_state.npz,E:/CHESHIRE_DATA/task33/candidates/V01_COHERENT_TRANSPORT/G1_PRE/material_state.npz,Selected sequence native/operator/regional/material identity or recipe,FILE,3966,0fc7d1056a179de8bd8a7faf782b3c2834574ac3f9476c878203f0c1f9253197,
DATA,E:/CHESHIRE_DATA,task33/candidates/V01_COHERENT_TRANSPORT/G1_PRE/mesh.npz,E:/CHESHIRE_DATA/task33/candidates/V01_COHERENT_TRANSPORT/G1_PRE/mesh.npz,Selected sequence native/operator/regional/material identity or recipe,FILE,6411,3ffb0d5b2488ffbae2631e2e635f84cf3471763f893ef56fbca7087822365356,
DATA,E:/CHESHIRE_DATA,task33/candidates/V01_COHERENT_TRANSPORT/G1_PRE/operator_state.npz,E:/CHESHIRE_DATA/task33/candidates/V01_COHERENT_TRANSPORT/G1_PRE/operator_state.npz,Selected sequence native/operator/regional/material identity or recipe,FILE,2874,14678d00ef7ce0a79413f7832a53531263357ae4f1faed4dadbd7aa8dc7d802d,
DATA,E:/CHESHIRE_DATA,task33/candidates/V01_COHERENT_TRANSPORT/G2_PRE/identity.json,E:/CHESHIRE_DATA/task33/candidates/V01_COHERENT_TRANSPORT/G2_PRE/identity.json,Selected sequence native/operator/regional/material identity or recipe,FILE,479,16e46ff50ec86d342c527a9df34312b148d89e67d44eca805af30e32dc447551,
DATA,E:/CHESHIRE_DATA,task33/candidates/V01_COHERENT_TRANSPORT/G2_PRE/material_state.npz,E:/CHESHIRE_DATA/task33/candidates/V01_COHERENT_TRANSPORT/G2_PRE/material_state.npz,Selected sequence native/operator/regional/material identity or recipe,FILE,14372,d79a08086ce111093bac845fd4e697b0edfabe8921607e3225ef320aa853306b,
DATA,E:/CHESHIRE_DATA,task33/candidates/V01_COHERENT_TRANSPORT/G2_PRE/mesh.npz,E:/CHESHIRE_DATA/task33/candidates/V01_COHERENT_TRANSPORT/G2_PRE/mesh.npz,Selected sequence native/operator/regional/material identity or recipe,FILE,23444,6a316b407a79533781eb9cf5ea6dcdb40a687357a7a37a309ebf32c02385bda7,
DATA,E:/CHESHIRE_DATA,task33/candidates/V01_COHERENT_TRANSPORT/G2_PRE/operator_state.npz,E:/CHESHIRE_DATA/task33/candidates/V01_COHERENT_TRANSPORT/G2_PRE/operator_state.npz,Selected sequence native/operator/regional/material identity or recipe,FILE,7223,38e0d286bcc050d459608757de09df7b8a527b0e55bc97436b3971649edbc891,
DATA,E:/CHESHIRE_DATA,task33/candidates/V01_COHERENT_TRANSPORT/G3_PRE/identity.json,E:/CHESHIRE_DATA/task33/candidates/V01_COHERENT_TRANSPORT/G3_PRE/identity.json,Selected sequence native/operator/regional/material identity or recipe,FILE,479,c543989b43fbfff0444a6ec130d20aa139e9fb9da9055b0d21ce4a4512ff2d47,
DATA,E:/CHESHIRE_DATA,task33/candidates/V01_COHERENT_TRANSPORT/G3_PRE/material_state.npz,E:/CHESHIRE_DATA/task33/candidates/V01_COHERENT_TRANSPORT/G3_PRE/material_state.npz,Selected sequence native/operator/regional/material identity or recipe,FILE,56620,cd0204269ea2f172adc3becc308fd49a7b95275a6d49f992747ee3cc637f017c,
DATA,E:/CHESHIRE_DATA,task33/candidates/V01_COHERENT_TRANSPORT/G3_PRE/mesh.npz,E:/CHESHIRE_DATA/task33/candidates/V01_COHERENT_TRANSPORT/G3_PRE/mesh.npz,Selected sequence native/operator/regional/material identity or recipe,FILE,91909,e4783365d6fbe61b0ff62b3370727a081629b2584a4076c0b62b89cb18218d70,
DATA,E:/CHESHIRE_DATA,task33/candidates/V01_COHERENT_TRANSPORT/G3_PRE/operator_state.npz,E:/CHESHIRE_DATA/task33/candidates/V01_COHERENT_TRANSPORT/G3_PRE/operator_state.npz,Selected sequence native/operator/regional/material identity or recipe,FILE,24493,e83b04783afbf5bd710610b3c67d8630b6c7c9830d9319fbbae07bf12c1f4edb,
DATA,E:/CHESHIRE_DATA,task33/candidates/V01_COHERENT_TRANSPORT/G4_FOLD/fold_state.npz,E:/CHESHIRE_DATA/task33/candidates/V01_COHERENT_TRANSPORT/G4_FOLD/fold_state.npz,Selected sequence native/operator/regional/material identity or recipe,FILE,241720,b086801e56d5b042251255716a7081623e8fc3c04fb056bf13d527c854e4189c,
DATA,E:/CHESHIRE_DATA,task33/candidates/V01_COHERENT_TRANSPORT/G4_FOLD/identity.json,E:/CHESHIRE_DATA/task33/candidates/V01_COHERENT_TRANSPORT/G4_FOLD/identity.json,Selected sequence native/operator/regional/material identity or recipe,FILE,475,c4214030f58af9e1b84f5efa41549df85f9925fa832601e775fb6df8b79135ac,
DATA,E:/CHESHIRE_DATA,task33/candidates/V01_COHERENT_TRANSPORT/G4_FOLD/material_state.npz,E:/CHESHIRE_DATA/task33/candidates/V01_COHERENT_TRANSPORT/G4_FOLD/material_state.npz,Selected sequence native/operator/regional/material identity or recipe,FILE,231889,8bb3d41ad3c6e9bfd468ff53e5b199f32cf4b8e43595acb37640fc1c06b45db9,
DATA,E:/CHESHIRE_DATA,task33/candidates/V01_COHERENT_TRANSPORT/G4_FOLD/mesh.npz,E:/CHESHIRE_DATA/task33/candidates/V01_COHERENT_TRANSPORT/G4_FOLD/mesh.npz,Selected sequence native/operator/regional/material identity or recipe,FILE,536754,bc8f793dcb39759a00ac92b9556a67f864173d55c1b4ab7a05f659144398a364,
DATA,E:/CHESHIRE_DATA,task33/candidates/V01_COHERENT_TRANSPORT/G4_PRE/identity.json,E:/CHESHIRE_DATA/task33/candidates/V01_COHERENT_TRANSPORT/G4_PRE/identity.json,Selected sequence native/operator/regional/material identity or recipe,FILE,479,210190bf6ba751883b124f815a1db185c99645808161d745fbe97d57f0088a59,
DATA,E:/CHESHIRE_DATA,task33/candidates/V01_COHERENT_TRANSPORT/G4_PRE/material_state.npz,E:/CHESHIRE_DATA/task33/candidates/V01_COHERENT_TRANSPORT/G4_PRE/material_state.npz,Selected sequence native/operator/regional/material identity or recipe,FILE,231889,8bb3d41ad3c6e9bfd468ff53e5b199f32cf4b8e43595acb37640fc1c06b45db9,
DATA,E:/CHESHIRE_DATA,task33/candidates/V01_COHERENT_TRANSPORT/G4_PRE/mesh.npz,E:/CHESHIRE_DATA/task33/candidates/V01_COHERENT_TRANSPORT/G4_PRE/mesh.npz,Selected sequence native/operator/regional/material identity or recipe,FILE,333974,66e3731344bf2d06564703015d2f5e27df79d7101a61f18fd703a70469947454,
DATA,E:/CHESHIRE_DATA,task33/candidates/V01_COHERENT_TRANSPORT/G4_PRE/operator_state.npz,E:/CHESHIRE_DATA/task33/candidates/V01_COHERENT_TRANSPORT/G4_PRE/operator_state.npz,Selected sequence native/operator/regional/material identity or recipe,FILE,91973,d8b6562e73fa693511209a9d0b16c0924091388fdc17b0f0d5755b19f96f4692,
DATA,E:/CHESHIRE_DATA,task33/candidates/V01_COHERENT_TRANSPORT/G5_FOLD/fold_state.npz,E:/CHESHIRE_DATA/task33/candidates/V01_COHERENT_TRANSPORT/G5_FOLD/fold_state.npz,Selected sequence native/operator/regional/material identity or recipe,FILE,1301315,83c17a5bb3b2b63c2823d8a2dccc81d6708403ed35532370b086560339dc90f0,
DATA,E:/CHESHIRE_DATA,task33/candidates/V01_COHERENT_TRANSPORT/G5_FOLD/identity.json,E:/CHESHIRE_DATA/task33/candidates/V01_COHERENT_TRANSPORT/G5_FOLD/identity.json,Selected sequence native/operator/regional/material identity or recipe,FILE,475,dd974df7cb9b9eea2d469c86f4c77d3c8fa4298d9a1fa3a73c87f7902a753b7b,
DATA,E:/CHESHIRE_DATA,task33/candidates/V01_COHERENT_TRANSPORT/G5_FOLD/material_state.npz,E:/CHESHIRE_DATA/task33/candidates/V01_COHERENT_TRANSPORT/G5_FOLD/material_state.npz,Selected sequence native/operator/regional/material identity or recipe,FILE,962471,85ddaba0f1ae7658c3e426e53d01d42af728db7b2f12d4ab4a0ac1f92d256588,
DATA,E:/CHESHIRE_DATA,task33/candidates/V01_COHERENT_TRANSPORT/G5_FOLD/mesh.npz,E:/CHESHIRE_DATA/task33/candidates/V01_COHERENT_TRANSPORT/G5_FOLD/mesh.npz,Selected sequence native/operator/regional/material identity or recipe,FILE,2190299,2b454526c777df4e620738e96ad041d4fad2a3ff9c4ea3457d9d6085cd5d78d6,
DATA,E:/CHESHIRE_DATA,task33/candidates/V01_COHERENT_TRANSPORT/G5_PRE/identity.json,E:/CHESHIRE_DATA/task33/candidates/V01_COHERENT_TRANSPORT/G5_PRE/identity.json,Selected sequence native/operator/regional/material identity or recipe,FILE,479,241d12d09f6d0bcbce57b33abe116b1d7955629bea6f21d1fb9eeb1447f327ed,
DATA,E:/CHESHIRE_DATA,task33/candidates/V01_COHERENT_TRANSPORT/G5_PRE/material_state.npz,E:/CHESHIRE_DATA/task33/candidates/V01_COHERENT_TRANSPORT/G5_PRE/material_state.npz,Selected sequence native/operator/regional/material identity or recipe,FILE,962471,85ddaba0f1ae7658c3e426e53d01d42af728db7b2f12d4ab4a0ac1f92d256588,
DATA,E:/CHESHIRE_DATA,task33/candidates/V01_COHERENT_TRANSPORT/G5_PRE/mesh.npz,E:/CHESHIRE_DATA/task33/candidates/V01_COHERENT_TRANSPORT/G5_PRE/mesh.npz,Selected sequence native/operator/regional/material identity or recipe,FILE,2189316,65d9ccb9df91d91bf64a1cc58acbae6118d66ab696abbabd7f41b77c8d109cf7,
DATA,E:/CHESHIRE_DATA,task33/candidates/V01_COHERENT_TRANSPORT/G5_PRE/operator_state.npz,E:/CHESHIRE_DATA/task33/candidates/V01_COHERENT_TRANSPORT/G5_PRE/operator_state.npz,Selected sequence native/operator/regional/material identity or recipe,FILE,673525,3168e3a53e166b65b45db06f3172cf3f09432359a3965c78e8bdf892b68c28ad,
DATA,E:/CHESHIRE_DATA,task33/candidates/V01_COHERENT_TRANSPORT/G6_FOLD/fold_state.npz,E:/CHESHIRE_DATA/task33/candidates/V01_COHERENT_TRANSPORT/G6_FOLD/fold_state.npz,Selected sequence native/operator/regional/material identity or recipe,FILE,6420335,673e37b4d6f77eec132dab746df05f6a0c5a9b51639516b0aa116a6d6d93227a,
DATA,E:/CHESHIRE_DATA,task33/candidates/V01_COHERENT_TRANSPORT/G6_FOLD/identity.json,E:/CHESHIRE_DATA/task33/candidates/V01_COHERENT_TRANSPORT/G6_FOLD/identity.json,Selected sequence native/operator/regional/material identity or recipe,FILE,475,6c617c8df5bb6c54fbef5cd2199f3dfd2005014d2fcfd014502e6d1a12ee017e,
DATA,E:/CHESHIRE_DATA,task33/candidates/V01_COHERENT_TRANSPORT/G6_FOLD/material_state.npz,E:/CHESHIRE_DATA/task33/candidates/V01_COHERENT_TRANSPORT/G6_FOLD/material_state.npz,Selected sequence native/operator/regional/material identity or recipe,FILE,4059481,87e2b8b0c4b5437881bc9e8d7154fb2a75cf1ea0c7bf2062414cc28909dfc20d,
DATA,E:/CHESHIRE_DATA,task33/candidates/V01_COHERENT_TRANSPORT/G6_FOLD/mesh.npz,E:/CHESHIRE_DATA/task33/candidates/V01_COHERENT_TRANSPORT/G6_FOLD/mesh.npz,Selected sequence native/operator/regional/material identity or recipe,FILE,9142125,9cca9915b3ba0554f18b582032f191e7db331d70551a4176d81a874d0cab3adb,
DATA,E:/CHESHIRE_DATA,task33/candidates/V01_COHERENT_TRANSPORT/G6_PRE/identity.json,E:/CHESHIRE_DATA/task33/candidates/V01_COHERENT_TRANSPORT/G6_PRE/identity.json,Selected sequence native/operator/regional/material identity or recipe,FILE,479,9f23edb21a51d92cb0b41f1948583ec854ce628ef4b7621596e5ad7890aadc9d,
DATA,E:/CHESHIRE_DATA,task33/candidates/V01_COHERENT_TRANSPORT/G6_PRE/material_state.npz,E:/CHESHIRE_DATA/task33/candidates/V01_COHERENT_TRANSPORT/G6_PRE/material_state.npz,Selected sequence native/operator/regional/material identity or recipe,FILE,4059481,87e2b8b0c4b5437881bc9e8d7154fb2a75cf1ea0c7bf2062414cc28909dfc20d,
DATA,E:/CHESHIRE_DATA,task33/candidates/V01_COHERENT_TRANSPORT/G6_PRE/mesh.npz,E:/CHESHIRE_DATA/task33/candidates/V01_COHERENT_TRANSPORT/G6_PRE/mesh.npz,Selected sequence native/operator/regional/material identity or recipe,FILE,9142060,bd28d5b3e0a201effad32fe4cb704f932dccab2eab1c65039f9f1a73149cb1e5,
DATA,E:/CHESHIRE_DATA,task33/candidates/V01_COHERENT_TRANSPORT/G6_PRE/operator_state.npz,E:/CHESHIRE_DATA/task33/candidates/V01_COHERENT_TRANSPORT/G6_PRE/operator_state.npz,Selected sequence native/operator/regional/material identity or recipe,FILE,2808086,ab8997238ff2750141f4e76c2f516902ef915612dd1c7cbfd90a0680aa708911,
DATA,E:/CHESHIRE_DATA,task33/candidates/V01_COHERENT_TRANSPORT/G7_FOLD/fold_state.npz,E:/CHESHIRE_DATA/task33/candidates/V01_COHERENT_TRANSPORT/G7_FOLD/fold_state.npz,Selected sequence native/operator/regional/material identity or recipe,FILE,28813486,484f6786c653e4e69c10a8e698e0cc8fa94b07004016f41b0ccaaf99b730ba56,
DATA,E:/CHESHIRE_DATA,task33/candidates/V01_COHERENT_TRANSPORT/G7_FOLD/identity.json,E:/CHESHIRE_DATA/task33/candidates/V01_COHERENT_TRANSPORT/G7_FOLD/identity.json,Selected sequence native/operator/regional/material identity or recipe,FILE,475,15e59d49e07e9edb57ff843f1f225c9a278d22676a0b64633fc37254f15dab2f,
DATA,E:/CHESHIRE_DATA,task33/candidates/V01_COHERENT_TRANSPORT/G7_FOLD/material_state.npz,E:/CHESHIRE_DATA/task33/candidates/V01_COHERENT_TRANSPORT/G7_FOLD/material_state.npz,Selected sequence native/operator/regional/material identity or recipe,FILE,17019768,44eb3d8a81de4ed8fc141dc3091449a7e617d1db0ae7ac4adefa5cca740b6834,
DATA,E:/CHESHIRE_DATA,task33/candidates/V01_COHERENT_TRANSPORT/G7_FOLD/mesh.npz,E:/CHESHIRE_DATA/task33/candidates/V01_COHERENT_TRANSPORT/G7_FOLD/mesh.npz,Selected sequence native/operator/regional/material identity or recipe,FILE,37678618,caf4d560852bac28c5d54f210f6d4da5b2fb9104e6d10fd45c3523ac3a9d1d59,
DATA,E:/CHESHIRE_DATA,task33/candidates/V01_COHERENT_TRANSPORT/G7_PRE/identity.json,E:/CHESHIRE_DATA/task33/candidates/V01_COHERENT_TRANSPORT/G7_PRE/identity.json,Selected sequence native/operator/regional/material identity or recipe,FILE,479,f3f689692eb8c33ff6549568f98f25f445fc75fb6fc70e594a285bd66c5bb26b,
DATA,E:/CHESHIRE_DATA,task33/candidates/V01_COHERENT_TRANSPORT/G7_PRE/material_state.npz,E:/CHESHIRE_DATA/task33/candidates/V01_COHERENT_TRANSPORT/G7_PRE/material_state.npz,Selected sequence native/operator/regional/material identity or recipe,FILE,17019768,44eb3d8a81de4ed8fc141dc3091449a7e617d1db0ae7ac4adefa5cca740b6834,
DATA,E:/CHESHIRE_DATA,task33/candidates/V01_COHERENT_TRANSPORT/G7_PRE/mesh.npz,E:/CHESHIRE_DATA/task33/candidates/V01_COHERENT_TRANSPORT/G7_PRE/mesh.npz,Selected sequence native/operator/regional/material identity or recipe,FILE,37675235,b54e72a561bc8d352100067421734f8f7424b5d83cfd3ff926adf15076dd2fb5,
DATA,E:/CHESHIRE_DATA,task33/candidates/V01_COHERENT_TRANSPORT/G7_PRE/operator_state.npz,E:/CHESHIRE_DATA/task33/candidates/V01_COHERENT_TRANSPORT/G7_PRE/operator_state.npz,Selected sequence native/operator/regional/material identity or recipe,FILE,11899940,41d68fa616affd458ad071cc6f62bc0c8028927d16bc3a059100011f6664dafd,
DATA,E:/CHESHIRE_DATA,task33/candidates/V01_COHERENT_TRANSPORT/request.json,E:/CHESHIRE_DATA/task33/candidates/V01_COHERENT_TRANSPORT/request.json,Selected sequence native/operator/regional/material identity or recipe,FILE,704,3d6add58def12944ebbae54afa6df72ad9e98d7a8726fbf12710d1e50da1484f,
DATA,E:/CHESHIRE_DATA,task33/candidates/V01_COHERENT_TRANSPORT/S00_CARRIER/identity.json,E:/CHESHIRE_DATA/task33/candidates/V01_COHERENT_TRANSPORT/S00_CARRIER/identity.json,Selected sequence native/operator/regional/material identity or recipe,FILE,322,05c192f873872a0e13f3a043e18d35727ceb4e0c207b86de16b761c6234ea670,
DATA,E:/CHESHIRE_DATA,task33/candidates/V01_COHERENT_TRANSPORT/S00_CARRIER/material_state.npz,E:/CHESHIRE_DATA/task33/candidates/V01_COHERENT_TRANSPORT/S00_CARRIER/material_state.npz,Selected sequence native/operator/regional/material identity or recipe,FILE,1567,6ab59c51589004e8d4616f6cb4378e559937869946c8baebee1e856f6ea35feb,
DATA,E:/CHESHIRE_DATA,task33/candidates/V01_COHERENT_TRANSPORT/S00_CARRIER/mesh.npz,E:/CHESHIRE_DATA/task33/candidates/V01_COHERENT_TRANSPORT/S00_CARRIER/mesh.npz,Selected sequence native/operator/regional/material identity or recipe,FILE,2308,4032c132bc0a7ffa14ef07ca708fdfc746acafcdc09b5aa441d974d7b8af5814,
DATA,E:/CHESHIRE_DATA,task33/candidates/V01_COHERENT_TRANSPORT/source_identity.json,E:/CHESHIRE_DATA/task33/candidates/V01_COHERENT_TRANSPORT/source_identity.json,Selected sequence native/operator/regional/material identity or recipe,FILE,1237,60a15f87ff6e02921a58c2caa047ad67ff3ab21c99f3862dfc092640a4641f25,
DATA,E:/CHESHIRE_DATA,task34/candidates/N04_FINE_RADIAL,E:/CHESHIRE_DATA/task34/candidates/N04_FINE_RADIAL,Selected complete native generation sequence; checkpoint includes more than OBJ,DIRECTORY,,,
DATA,E:/CHESHIRE_DATA,task34/candidates/N04_FINE_RADIAL/completed.json,E:/CHESHIRE_DATA/task34/candidates/N04_FINE_RADIAL/completed.json,Selected sequence native/operator/regional/material identity or recipe,FILE,1564,7f7dca4d1f43247c2563df1e3eb2cb99bb4f557eec06b24a59414f41d8883eef,
DATA,E:/CHESHIRE_DATA,task34/candidates/N04_FINE_RADIAL/G0_CARRIER/formation_state.npz,E:/CHESHIRE_DATA/task34/candidates/N04_FINE_RADIAL/G0_CARRIER/formation_state.npz,Selected sequence native/operator/regional/material identity or recipe,FILE,3361,6084d8af0922509dd949dd4343b57c22b8d347da729f7b7dbea21f25fce0d1a5,
DATA,E:/CHESHIRE_DATA,task34/candidates/N04_FINE_RADIAL/G0_CARRIER/identity.json,E:/CHESHIRE_DATA/task34/candidates/N04_FINE_RADIAL/G0_CARRIER/identity.json,Selected sequence native/operator/regional/material identity or recipe,FILE,418,33f11900069a81a378688dc801e67c5412a21346832be4435e981fc6c59f8a6c,
DATA,E:/CHESHIRE_DATA,task34/candidates/N04_FINE_RADIAL/G0_CARRIER/material_state.npz,E:/CHESHIRE_DATA/task34/candidates/N04_FINE_RADIAL/G0_CARRIER/material_state.npz,Selected sequence native/operator/regional/material identity or recipe,FILE,806,824c3e313710f6aab1f5479847ef320a87db07769a0e2aa4ba6405819a12799e,
DATA,E:/CHESHIRE_DATA,task34/candidates/N04_FINE_RADIAL/G0_CARRIER/mesh.npz,E:/CHESHIRE_DATA/task34/candidates/N04_FINE_RADIAL/G0_CARRIER/mesh.npz,Selected sequence native/operator/regional/material identity or recipe,FILE,4867,b4d55508902299af72170c15912c6fa7e25a9cf4ebe234ac05e6cac2db6b8344,
DATA,E:/CHESHIRE_DATA,task34/candidates/N04_FINE_RADIAL/G1_PRE/formation_state.npz,E:/CHESHIRE_DATA/task34/candidates/N04_FINE_RADIAL/G1_PRE/formation_state.npz,Selected sequence native/operator/regional/material identity or recipe,FILE,6824,5346ea88ae6c162e98cf5df0491fbdc1c1bc98f63eb9257db451b9be2bb8a9ff,
DATA,E:/CHESHIRE_DATA,task34/candidates/N04_FINE_RADIAL/G1_PRE/identity.json,E:/CHESHIRE_DATA/task34/candidates/N04_FINE_RADIAL/G1_PRE/identity.json,Selected sequence native/operator/regional/material identity or recipe,FILE,575,2adff432fa2fd5dbeacc0740ca00b63927414db7430b4b69d2a7f4c3fe0688b8,
DATA,E:/CHESHIRE_DATA,task34/candidates/N04_FINE_RADIAL/G1_PRE/material_state.npz,E:/CHESHIRE_DATA/task34/candidates/N04_FINE_RADIAL/G1_PRE/material_state.npz,Selected sequence native/operator/regional/material identity or recipe,FILE,1989,a5d84f3d1ce6ebe9ffa1c479e2658c12ffa1003fcbc2da74c5caaa075d1a5234,
DATA,E:/CHESHIRE_DATA,task34/candidates/N04_FINE_RADIAL/G1_PRE/mesh.npz,E:/CHESHIRE_DATA/task34/candidates/N04_FINE_RADIAL/G1_PRE/mesh.npz,Selected sequence native/operator/regional/material identity or recipe,FILE,15051,a7252b70d5d9e8ae82bc52c9ca3dc1d448c52eede90b1af9fa5ee18e56909e93,
DATA,E:/CHESHIRE_DATA,task34/candidates/N04_FINE_RADIAL/G1_PRE/operator_state.npz,E:/CHESHIRE_DATA/task34/candidates/N04_FINE_RADIAL/G1_PRE/operator_state.npz,Selected sequence native/operator/regional/material identity or recipe,FILE,2510,3f2e8231e57f182d1d57e683b3b4d5d053a0ce8dcf6707597871c16b8ff303a8,
DATA,E:/CHESHIRE_DATA,task34/candidates/N04_FINE_RADIAL/G2_PRE/formation_state.npz,E:/CHESHIRE_DATA/task34/candidates/N04_FINE_RADIAL/G2_PRE/formation_state.npz,Selected sequence native/operator/regional/material identity or recipe,FILE,20761,98517414c293c627127b5aa45c83974a03fa931e05e2118b8a5fa88a3c3c093e,
DATA,E:/CHESHIRE_DATA,task34/candidates/N04_FINE_RADIAL/G2_PRE/identity.json,E:/CHESHIRE_DATA/task34/candidates/N04_FINE_RADIAL/G2_PRE/identity.json,Selected sequence native/operator/regional/material identity or recipe,FILE,575,5df7b7cd26fb8bfa1b05a99f97e445d5a65007a58c371760f071f0300599270e,
DATA,E:/CHESHIRE_DATA,task34/candidates/N04_FINE_RADIAL/G2_PRE/material_state.npz,E:/CHESHIRE_DATA/task34/candidates/N04_FINE_RADIAL/G2_PRE/material_state.npz,Selected sequence native/operator/regional/material identity or recipe,FILE,6599,0e9868601d2f355c28cea5267e1741b95179df6cc64845718a35300ca26c91d7,
DATA,E:/CHESHIRE_DATA,task34/candidates/N04_FINE_RADIAL/G2_PRE/mesh.npz,E:/CHESHIRE_DATA/task34/candidates/N04_FINE_RADIAL/G2_PRE/mesh.npz,Selected sequence native/operator/regional/material identity or recipe,FILE,56918,f3b9852af4268d91b60e049926b803b2ea605a7e83bdf63dd38c54fb0186ab89,
DATA,E:/CHESHIRE_DATA,task34/candidates/N04_FINE_RADIAL/G2_PRE/operator_state.npz,E:/CHESHIRE_DATA/task34/candidates/N04_FINE_RADIAL/G2_PRE/operator_state.npz,Selected sequence native/operator/regional/material identity or recipe,FILE,7014,f73baa27b20a173516feb6456ea4007c9b4507afa0aa7b85373332f1e6a9da45,
DATA,E:/CHESHIRE_DATA,task34/candidates/N04_FINE_RADIAL/G3_FORM/control_state.npz,E:/CHESHIRE_DATA/task34/candidates/N04_FINE_RADIAL/G3_FORM/control_state.npz,Selected sequence native/operator/regional/material identity or recipe,FILE,51154,3284be73781bd2919d06829bd694fca2fb6f6680be0eedca5201a758ea60c8ed,
DATA,E:/CHESHIRE_DATA,task34/candidates/N04_FINE_RADIAL/G3_FORM/formation_state.npz,E:/CHESHIRE_DATA/task34/candidates/N04_FINE_RADIAL/G3_FORM/formation_state.npz,Selected sequence native/operator/regional/material identity or recipe,FILE,91951,86179fed47fbed56ede927f63ef282111f300eb88b91c77a8e50b2dcf5dc2aef,
DATA,E:/CHESHIRE_DATA,task34/candidates/N04_FINE_RADIAL/G3_FORM/identity.json,E:/CHESHIRE_DATA/task34/candidates/N04_FINE_RADIAL/G3_FORM/identity.json,Selected sequence native/operator/regional/material identity or recipe,FILE,574,5fbb842528b4caf05c9e1150e860865ff3907df8fb0da883a0ec96ed6d434419,
DATA,E:/CHESHIRE_DATA,task34/candidates/N04_FINE_RADIAL/G3_FORM/material_state.npz,E:/CHESHIRE_DATA/task34/candidates/N04_FINE_RADIAL/G3_FORM/material_state.npz,Selected sequence native/operator/regional/material identity or recipe,FILE,25136,4f5252436174754d157a76acc47ecab9a1e2028ed10e6f78d2589a3e2d5b3ae8,
DATA,E:/CHESHIRE_DATA,task34/candidates/N04_FINE_RADIAL/G3_FORM/mesh.npz,E:/CHESHIRE_DATA/task34/candidates/N04_FINE_RADIAL/G3_FORM/mesh.npz,Selected sequence native/operator/regional/material identity or recipe,FILE,251533,97b69fcdc597af2329d2e24b2a599cc120edbb1c72c9bb7aeb6be8268d8166c5,
DATA,E:/CHESHIRE_DATA,task34/candidates/N04_FINE_RADIAL/G3_PRE/formation_state.npz,E:/CHESHIRE_DATA/task34/candidates/N04_FINE_RADIAL/G3_PRE/formation_state.npz,Selected sequence native/operator/regional/material identity or recipe,FILE,85189,416d60eeeba105d9d12486fae1906641407f73e6fb16676658cf1d9db0562da1,
DATA,E:/CHESHIRE_DATA,task34/candidates/N04_FINE_RADIAL/G3_PRE/identity.json,E:/CHESHIRE_DATA/task34/candidates/N04_FINE_RADIAL/G3_PRE/identity.json,Selected sequence native/operator/regional/material identity or recipe,FILE,575,c58a58bbf8f475a2ffe7873071884f68b681fd1849c2a084ba820e32838d151b,
DATA,E:/CHESHIRE_DATA,task34/candidates/N04_FINE_RADIAL/G3_PRE/material_state.npz,E:/CHESHIRE_DATA/task34/candidates/N04_FINE_RADIAL/G3_PRE/material_state.npz,Selected sequence native/operator/regional/material identity or recipe,FILE,25136,4f5252436174754d157a76acc47ecab9a1e2028ed10e6f78d2589a3e2d5b3ae8,
DATA,E:/CHESHIRE_DATA,task34/candidates/N04_FINE_RADIAL/G3_PRE/mesh.npz,E:/CHESHIRE_DATA/task34/candidates/N04_FINE_RADIAL/G3_PRE/mesh.npz,Selected sequence native/operator/regional/material identity or recipe,FILE,240866,fbcf43a5f68a1909a4e5ec5ea85c77d54144df0069498f951dca4cef3eef089f,
DATA,E:/CHESHIRE_DATA,task34/candidates/N04_FINE_RADIAL/G3_PRE/operator_state.npz,E:/CHESHIRE_DATA/task34/candidates/N04_FINE_RADIAL/G3_PRE/operator_state.npz,Selected sequence native/operator/regional/material identity or recipe,FILE,24520,60e65ffe4a24f191005d79694c05f10b1e881e2f582d7748b2dffd6ff473a832,
DATA,E:/CHESHIRE_DATA,task34/candidates/N04_FINE_RADIAL/G4_FOLD/control_state.npz,E:/CHESHIRE_DATA/task34/candidates/N04_FINE_RADIAL/G4_FOLD/control_state.npz,Selected sequence native/operator/regional/material identity or recipe,FILE,713591,0fe210f483bf868618432b863eba14d7e3da33adf3ec445dfd649c446f4e7a66,
DATA,E:/CHESHIRE_DATA,task34/candidates/N04_FINE_RADIAL/G4_FOLD/formation_state.npz,E:/CHESHIRE_DATA/task34/candidates/N04_FINE_RADIAL/G4_FOLD/formation_state.npz,Selected sequence native/operator/regional/material identity or recipe,FILE,395074,da4faced7b944ea4cb6ea36f0935dc17ac54e6ead2817716fb65e42bd5d8ce4f,
DATA,E:/CHESHIRE_DATA,task34/candidates/N04_FINE_RADIAL/G4_FOLD/identity.json,E:/CHESHIRE_DATA/task34/candidates/N04_FINE_RADIAL/G4_FOLD/identity.json,Selected sequence native/operator/regional/material identity or recipe,FILE,574,2796385c28bb9a6005bc737f76e0bafa2233e48d8bc53ebc0a11e7df9b90261f,
DATA,E:/CHESHIRE_DATA,task34/candidates/N04_FINE_RADIAL/G4_FOLD/material_state.npz,E:/CHESHIRE_DATA/task34/candidates/N04_FINE_RADIAL/G4_FOLD/material_state.npz,Selected sequence native/operator/regional/material identity or recipe,FILE,100408,04314992e85bf02c88b7f8a64e8646ec6f9b04f9ac1f0425cf929b98fc45ce67,
DATA,E:/CHESHIRE_DATA,task34/candidates/N04_FINE_RADIAL/G4_FOLD/mesh.npz,E:/CHESHIRE_DATA/task34/candidates/N04_FINE_RADIAL/G4_FOLD/mesh.npz,Selected sequence native/operator/regional/material identity or recipe,FILE,1076440,af71bbed1eaefe34c27ef2a6caf46563dfa4c675476d80e417a9ec2a70fe45e3,
DATA,E:/CHESHIRE_DATA,task34/candidates/N04_FINE_RADIAL/G4_PRE/formation_state.npz,E:/CHESHIRE_DATA/task34/candidates/N04_FINE_RADIAL/G4_PRE/formation_state.npz,Selected sequence native/operator/regional/material identity or recipe,FILE,387830,646e7233c32d48a4c31f347ac00a1ebda28cc942f0e50260233f31e748acef0c,
DATA,E:/CHESHIRE_DATA,task34/candidates/N04_FINE_RADIAL/G4_PRE/identity.json,E:/CHESHIRE_DATA/task34/candidates/N04_FINE_RADIAL/G4_PRE/identity.json,Selected sequence native/operator/regional/material identity or recipe,FILE,575,8ee4d1a8e138e6706f75493f56d9d6edfc5d5183e5ee177a0b4c2c25d7cf89d7,
DATA,E:/CHESHIRE_DATA,task34/candidates/N04_FINE_RADIAL/G4_PRE/material_state.npz,E:/CHESHIRE_DATA/task34/candidates/N04_FINE_RADIAL/G4_PRE/material_state.npz,Selected sequence native/operator/regional/material identity or recipe,FILE,100408,04314992e85bf02c88b7f8a64e8646ec6f9b04f9ac1f0425cf929b98fc45ce67,
DATA,E:/CHESHIRE_DATA,task34/candidates/N04_FINE_RADIAL/G4_PRE/mesh.npz,E:/CHESHIRE_DATA/task34/candidates/N04_FINE_RADIAL/G4_PRE/mesh.npz,Selected sequence native/operator/regional/material identity or recipe,FILE,1060912,c580b01fb4d88354bc4adac0f5ac118e6130d564f1f80b97401f75414a2b5a04,
DATA,E:/CHESHIRE_DATA,task34/candidates/N04_FINE_RADIAL/G4_PRE/operator_state.npz,E:/CHESHIRE_DATA/task34/candidates/N04_FINE_RADIAL/G4_PRE/operator_state.npz,Selected sequence native/operator/regional/material identity or recipe,FILE,95468,2ea7f9826a5cb6f5d34b3a2df2634d3e38c58db87335c4b0b899dc5d876b1780,
DATA,E:/CHESHIRE_DATA,task34/candidates/N04_FINE_RADIAL/G5_PRE/formation_state.npz,E:/CHESHIRE_DATA/task34/candidates/N04_FINE_RADIAL/G5_PRE/formation_state.npz,Selected sequence native/operator/regional/material identity or recipe,FILE,1635915,ef9432b1f41a03dec9cdccd1d77228db9509516cc7f65ad26e17e46d05c2d011,
DATA,E:/CHESHIRE_DATA,task34/candidates/N04_FINE_RADIAL/G5_PRE/identity.json,E:/CHESHIRE_DATA/task34/candidates/N04_FINE_RADIAL/G5_PRE/identity.json,Selected sequence native/operator/regional/material identity or recipe,FILE,575,bb360628f1311ad3cff96bfa1ab988acfadb0d099555c9c6f17d61bf987b7e21,
DATA,E:/CHESHIRE_DATA,task34/candidates/N04_FINE_RADIAL/G5_PRE/material_state.npz,E:/CHESHIRE_DATA/task34/candidates/N04_FINE_RADIAL/G5_PRE/material_state.npz,Selected sequence native/operator/regional/material identity or recipe,FILE,424838,e66b755a35e227e180ab1025e165234a200585166454598f861514cb1faf06ee,
DATA,E:/CHESHIRE_DATA,task34/candidates/N04_FINE_RADIAL/G5_PRE/mesh.npz,E:/CHESHIRE_DATA/task34/candidates/N04_FINE_RADIAL/G5_PRE/mesh.npz,Selected sequence native/operator/regional/material identity or recipe,FILE,4340018,5bf055722dd5e4e051f998345f7c9794e8231db13e2a3b7cfbccdf5acacdc917,
DATA,E:/CHESHIRE_DATA,task34/candidates/N04_FINE_RADIAL/G5_PRE/operator_state.npz,E:/CHESHIRE_DATA/task34/candidates/N04_FINE_RADIAL/G5_PRE/operator_state.npz,Selected sequence native/operator/regional/material identity or recipe,FILE,384098,33023f93b5451d530071b8ff1d81ed7f7ea03f2ec99186a22b2e387029046457,
DATA,E:/CHESHIRE_DATA,task34/candidates/N04_FINE_RADIAL/G6_FOLD/control_state.npz,E:/CHESHIRE_DATA/task34/candidates/N04_FINE_RADIAL/G6_FOLD/control_state.npz,Selected sequence native/operator/regional/material identity or recipe,FILE,7722943,4870a21436aef45f2753983c6c9bd2f6f8258a9efbd327746de0137d8e4db1d9,
DATA,E:/CHESHIRE_DATA,task34/candidates/N04_FINE_RADIAL/G6_FOLD/formation_state.npz,E:/CHESHIRE_DATA/task34/candidates/N04_FINE_RADIAL/G6_FOLD/formation_state.npz,Selected sequence native/operator/regional/material identity or recipe,FILE,6765975,83ebaa72684f3012d416dd37ede5a5a45c369bf60eecc7eb006361466ae33e94,
DATA,E:/CHESHIRE_DATA,task34/candidates/N04_FINE_RADIAL/G6_FOLD/identity.json,E:/CHESHIRE_DATA/task34/candidates/N04_FINE_RADIAL/G6_FOLD/identity.json,Selected sequence native/operator/regional/material identity or recipe,FILE,574,8c0802b80ef6c40e97cdfe3786758291520a9e41b5cf9d7f705bb3a3ad53dc9d,
DATA,E:/CHESHIRE_DATA,task34/candidates/N04_FINE_RADIAL/G6_FOLD/material_state.npz,E:/CHESHIRE_DATA/task34/candidates/N04_FINE_RADIAL/G6_FOLD/material_state.npz,Selected sequence native/operator/regional/material identity or recipe,FILE,1714399,867ee86cc3b77d37c7009ae2f729457a716153ac1b81e769163b17e37eb1fb1d,
DATA,E:/CHESHIRE_DATA,task34/candidates/N04_FINE_RADIAL/G6_FOLD/mesh.npz,E:/CHESHIRE_DATA/task34/candidates/N04_FINE_RADIAL/G6_FOLD/mesh.npz,Selected sequence native/operator/regional/material identity or recipe,FILE,17990651,d4c4cee801430e20c1aab6cd6fdd142a8f312f8b312ec9a3b0038ed2ce3b0081,
DATA,E:/CHESHIRE_DATA,task34/candidates/N04_FINE_RADIAL/G6_PRE/formation_state.npz,E:/CHESHIRE_DATA/task34/candidates/N04_FINE_RADIAL/G6_PRE/formation_state.npz,Selected sequence native/operator/regional/material identity or recipe,FILE,6674340,887bb80f362b8a079d627bd48edf6d1f17f5201e57d964f33de6fda980cf1d26,
DATA,E:/CHESHIRE_DATA,task34/candidates/N04_FINE_RADIAL/G6_PRE/identity.json,E:/CHESHIRE_DATA/task34/candidates/N04_FINE_RADIAL/G6_PRE/identity.json,Selected sequence native/operator/regional/material identity or recipe,FILE,575,d58bb70d84b050d4df04fe00de35ff844e4b7ff7ce8e8fed8fb56d6ff2fb6f7b,
DATA,E:/CHESHIRE_DATA,task34/candidates/N04_FINE_RADIAL/G6_PRE/material_state.npz,E:/CHESHIRE_DATA/task34/candidates/N04_FINE_RADIAL/G6_PRE/material_state.npz,Selected sequence native/operator/regional/material identity or recipe,FILE,1714399,867ee86cc3b77d37c7009ae2f729457a716153ac1b81e769163b17e37eb1fb1d,
DATA,E:/CHESHIRE_DATA,task34/candidates/N04_FINE_RADIAL/G6_PRE/mesh.npz,E:/CHESHIRE_DATA/task34/candidates/N04_FINE_RADIAL/G6_PRE/mesh.npz,Selected sequence native/operator/regional/material identity or recipe,FILE,17783470,fe08a5e020ddf19f4b5e022ccf619f3eb98d7d212200b9d99d2331399e6d342d,
DATA,E:/CHESHIRE_DATA,task34/candidates/N04_FINE_RADIAL/G6_PRE/operator_state.npz,E:/CHESHIRE_DATA/task34/candidates/N04_FINE_RADIAL/G6_PRE/operator_state.npz,Selected sequence native/operator/regional/material identity or recipe,FILE,1504106,e3a466d42193067d6b992decb4470b19378633b837b43bd1f20b1cffd569e03f,
DATA,E:/CHESHIRE_DATA,task34/candidates/N04_FINE_RADIAL/request.json,E:/CHESHIRE_DATA/task34/candidates/N04_FINE_RADIAL/request.json,Selected sequence native/operator/regional/material identity or recipe,FILE,357,01cde75034b51ec077b2c57519d764c2605fc83394bd122c9dc836f39b21f516,
DATA,E:/CHESHIRE_DATA,task34/candidates/N04_FINE_RADIAL/source_identity.json,E:/CHESHIRE_DATA/task34/candidates/N04_FINE_RADIAL/source_identity.json,Selected sequence native/operator/regional/material identity or recipe,FILE,1320,90c34afb7cfc371f8f7f266ee7c6cd6a09c988afe3b03de2f8b6c043d125cfae,
DATA,E:/CHESHIRE_DATA,task35/candidates/H01_SHOULDER_GROWTH,E:/CHESHIRE_DATA/task35/candidates/H01_SHOULDER_GROWTH,Selected complete native generation sequence; checkpoint includes more than OBJ,DIRECTORY,,,
DATA,E:/CHESHIRE_DATA,task35/candidates/H01_SHOULDER_GROWTH/completed.json,E:/CHESHIRE_DATA/task35/candidates/H01_SHOULDER_GROWTH/completed.json,Selected sequence native/operator/regional/material identity or recipe,FILE,2181,7ef8419518dc3230894ece24b507c423e764afac427422f62edc4e0e156df772,
DATA,E:/CHESHIRE_DATA,task35/candidates/H01_SHOULDER_GROWTH/G0_CARRIER/formation_state.npz,E:/CHESHIRE_DATA/task35/candidates/H01_SHOULDER_GROWTH/G0_CARRIER/formation_state.npz,Selected sequence native/operator/regional/material identity or recipe,FILE,2983,b6af5c37a1cd50c927e37eed8b193c93879275b96004557f32eabbe792d0ce47,
DATA,E:/CHESHIRE_DATA,task35/candidates/H01_SHOULDER_GROWTH/G0_CARRIER/identity.json,E:/CHESHIRE_DATA/task35/candidates/H01_SHOULDER_GROWTH/G0_CARRIER/identity.json,Selected sequence native/operator/regional/material identity or recipe,FILE,418,5f67c06eab7173dc239938b5c140d5b7f54033aba4c3c9182563f8eb6482072d,
DATA,E:/CHESHIRE_DATA,task35/candidates/H01_SHOULDER_GROWTH/G0_CARRIER/material_state.npz,E:/CHESHIRE_DATA/task35/candidates/H01_SHOULDER_GROWTH/G0_CARRIER/material_state.npz,Selected sequence native/operator/regional/material identity or recipe,FILE,755,9cbecf86b896d7c0b375c8ed6a9eb9f11239b9b1db27f9e8d0e0072e5a90c4c6,
DATA,E:/CHESHIRE_DATA,task35/candidates/H01_SHOULDER_GROWTH/G0_CARRIER/mesh.npz,E:/CHESHIRE_DATA/task35/candidates/H01_SHOULDER_GROWTH/G0_CARRIER/mesh.npz,Selected sequence native/operator/regional/material identity or recipe,FILE,4399,a2593f3c3954b8ee29b4124776553ef4cefddb576b9ac43dbd1fef9850bfe26e,
DATA,E:/CHESHIRE_DATA,task35/candidates/H01_SHOULDER_GROWTH/G1_PRE/formation_state.npz,E:/CHESHIRE_DATA/task35/candidates/H01_SHOULDER_GROWTH/G1_PRE/formation_state.npz,Selected sequence native/operator/regional/material identity or recipe,FILE,5342,4019a90e4e5068d1ce972123cdabf581d2246168db5683fde53a70f4ca0594d2,
DATA,E:/CHESHIRE_DATA,task35/candidates/H01_SHOULDER_GROWTH/G1_PRE/identity.json,E:/CHESHIRE_DATA/task35/candidates/H01_SHOULDER_GROWTH/G1_PRE/identity.json,Selected sequence native/operator/regional/material identity or recipe,FILE,575,cbd51aafff0235ffe64d73cf72d3f2dc3dde2d90915d5b7732cbdc923b055224,
DATA,E:/CHESHIRE_DATA,task35/candidates/H01_SHOULDER_GROWTH/G1_PRE/material_state.npz,E:/CHESHIRE_DATA/task35/candidates/H01_SHOULDER_GROWTH/G1_PRE/material_state.npz,Selected sequence native/operator/regional/material identity or recipe,FILE,1956,239c7b926e072af78be7a10d15939f9fb0f9a0dc4865cc44c53932e2041ebd6f,
DATA,E:/CHESHIRE_DATA,task35/candidates/H01_SHOULDER_GROWTH/G1_PRE/mesh.npz,E:/CHESHIRE_DATA/task35/candidates/H01_SHOULDER_GROWTH/G1_PRE/mesh.npz,Selected sequence native/operator/regional/material identity or recipe,FILE,12157,2754a7270194bafe1976878976ba1aaa6263424a91b484b2e9aa8361839c768a,
DATA,E:/CHESHIRE_DATA,task35/candidates/H01_SHOULDER_GROWTH/G1_PRE/operator_state.npz,E:/CHESHIRE_DATA/task35/candidates/H01_SHOULDER_GROWTH/G1_PRE/operator_state.npz,Selected sequence native/operator/regional/material identity or recipe,FILE,2510,3f2e8231e57f182d1d57e683b3b4d5d053a0ce8dcf6707597871c16b8ff303a8,
DATA,E:/CHESHIRE_DATA,task35/candidates/H01_SHOULDER_GROWTH/G2_PRE/formation_state.npz,E:/CHESHIRE_DATA/task35/candidates/H01_SHOULDER_GROWTH/G2_PRE/formation_state.npz,Selected sequence native/operator/regional/material identity or recipe,FILE,14320,2d2b62b7822bf6e0f8444d3b8a4c23ceaa633a28a726c0acd5fb79b229584962,
DATA,E:/CHESHIRE_DATA,task35/candidates/H01_SHOULDER_GROWTH/G2_PRE/identity.json,E:/CHESHIRE_DATA/task35/candidates/H01_SHOULDER_GROWTH/G2_PRE/identity.json,Selected sequence native/operator/regional/material identity or recipe,FILE,575,b0cc86c463fce120e3f55e36caa5b89f38fc6c42e83b365c44f24d1d42e35fa4,
DATA,E:/CHESHIRE_DATA,task35/candidates/H01_SHOULDER_GROWTH/G2_PRE/material_state.npz,E:/CHESHIRE_DATA/task35/candidates/H01_SHOULDER_GROWTH/G2_PRE/material_state.npz,Selected sequence native/operator/regional/material identity or recipe,FILE,7218,39031ead91fa812094093d3ba3106eae45bf654c4e8408eceaf9d68013587aa7,
DATA,E:/CHESHIRE_DATA,task35/candidates/H01_SHOULDER_GROWTH/G2_PRE/mesh.npz,E:/CHESHIRE_DATA/task35/candidates/H01_SHOULDER_GROWTH/G2_PRE/mesh.npz,Selected sequence native/operator/regional/material identity or recipe,FILE,43640,5acc872217b81dc71231a9aee392ddbe61568e297c6218150e89e0fdf2d009cc,
DATA,E:/CHESHIRE_DATA,task35/candidates/H01_SHOULDER_GROWTH/G2_PRE/operator_state.npz,E:/CHESHIRE_DATA/task35/candidates/H01_SHOULDER_GROWTH/G2_PRE/operator_state.npz,Selected sequence native/operator/regional/material identity or recipe,FILE,7014,f73baa27b20a173516feb6456ea4007c9b4507afa0aa7b85373332f1e6a9da45,
DATA,E:/CHESHIRE_DATA,task35/candidates/H01_SHOULDER_GROWTH/G3_FORM/control_state.npz,E:/CHESHIRE_DATA/task35/candidates/H01_SHOULDER_GROWTH/G3_FORM/control_state.npz,Selected sequence native/operator/regional/material identity or recipe,FILE,69819,8198fd5b6145b69245228ea893fc88e9a48f0c5160dcabdfcf05ef5565f435e1,
DATA,E:/CHESHIRE_DATA,task35/candidates/H01_SHOULDER_GROWTH/G3_FORM/formation_state.npz,E:/CHESHIRE_DATA/task35/candidates/H01_SHOULDER_GROWTH/G3_FORM/formation_state.npz,Selected sequence native/operator/regional/material identity or recipe,FILE,57868,67670e7368aeefaef92dc7c5877a8ce65027e049d8b813e0e895ed1a61c4a358,
DATA,E:/CHESHIRE_DATA,task35/candidates/H01_SHOULDER_GROWTH/G3_FORM/identity.json,E:/CHESHIRE_DATA/task35/candidates/H01_SHOULDER_GROWTH/G3_FORM/identity.json,Selected sequence native/operator/regional/material identity or recipe,FILE,574,72be2b9b9dfd8824abb97b2ad22b51320cea365157335996a1009dcf835b0f76,
DATA,E:/CHESHIRE_DATA,task35/candidates/H01_SHOULDER_GROWTH/G3_FORM/material_state.npz,E:/CHESHIRE_DATA/task35/candidates/H01_SHOULDER_GROWTH/G3_FORM/material_state.npz,Selected sequence native/operator/regional/material identity or recipe,FILE,27901,5f4f13a28a9a3ac1a1e108c59218be3d177edbe962355f7f8bffccc6a921b9b3,
DATA,E:/CHESHIRE_DATA,task35/candidates/H01_SHOULDER_GROWTH/G3_FORM/mesh.npz,E:/CHESHIRE_DATA/task35/candidates/H01_SHOULDER_GROWTH/G3_FORM/mesh.npz,Selected sequence native/operator/regional/material identity or recipe,FILE,181323,fe7d135bcabb8065d75fd884b14a0a6382dc5fd434f18e1f267bc078736f91c9,
DATA,E:/CHESHIRE_DATA,task35/candidates/H01_SHOULDER_GROWTH/G3_PRE/formation_state.npz,E:/CHESHIRE_DATA/task35/candidates/H01_SHOULDER_GROWTH/G3_PRE/formation_state.npz,Selected sequence native/operator/regional/material identity or recipe,FILE,50676,d50250ea8713258e546a4e467eb2eb559e0008bc2db3cdb73dab72dc5553f056,
DATA,E:/CHESHIRE_DATA,task35/candidates/H01_SHOULDER_GROWTH/G3_PRE/identity.json,E:/CHESHIRE_DATA/task35/candidates/H01_SHOULDER_GROWTH/G3_PRE/identity.json,Selected sequence native/operator/regional/material identity or recipe,FILE,575,1328d6a4b9a3bdae9f8d7f9e20693e1ef0fd74cb6ea4dea19ac17a549aaf661f,
DATA,E:/CHESHIRE_DATA,task35/candidates/H01_SHOULDER_GROWTH/G3_PRE/material_state.npz,E:/CHESHIRE_DATA/task35/candidates/H01_SHOULDER_GROWTH/G3_PRE/material_state.npz,Selected sequence native/operator/regional/material identity or recipe,FILE,27901,5f4f13a28a9a3ac1a1e108c59218be3d177edbe962355f7f8bffccc6a921b9b3,
DATA,E:/CHESHIRE_DATA,task35/candidates/H01_SHOULDER_GROWTH/G3_PRE/mesh.npz,E:/CHESHIRE_DATA/task35/candidates/H01_SHOULDER_GROWTH/G3_PRE/mesh.npz,Selected sequence native/operator/regional/material identity or recipe,FILE,168364,de81cb5087a48f10c4e27a3f16057ce3c4e59cf8428ae4cab351a96109ebb290,
DATA,E:/CHESHIRE_DATA,task35/candidates/H01_SHOULDER_GROWTH/G3_PRE/operator_state.npz,E:/CHESHIRE_DATA/task35/candidates/H01_SHOULDER_GROWTH/G3_PRE/operator_state.npz,Selected sequence native/operator/regional/material identity or recipe,FILE,24520,60e65ffe4a24f191005d79694c05f10b1e881e2f582d7748b2dffd6ff473a832,
DATA,E:/CHESHIRE_DATA,task35/candidates/H01_SHOULDER_GROWTH/G4_FOLD/control_state.npz,E:/CHESHIRE_DATA/task35/candidates/H01_SHOULDER_GROWTH/G4_FOLD/control_state.npz,Selected sequence native/operator/regional/material identity or recipe,FILE,434333,288d12dfaca23e6b41ada7067642c6c76dd6ec7ff3dd803feac772e78c2b4e04,
DATA,E:/CHESHIRE_DATA,task35/candidates/H01_SHOULDER_GROWTH/G4_FOLD/formation_state.npz,E:/CHESHIRE_DATA/task35/candidates/H01_SHOULDER_GROWTH/G4_FOLD/formation_state.npz,Selected sequence native/operator/regional/material identity or recipe,FILE,224938,b724113df6be2feb884961b5c221f13cd4d7bb765ebff34974ca81ae04f3dc54,
DATA,E:/CHESHIRE_DATA,task35/candidates/H01_SHOULDER_GROWTH/G4_FOLD/identity.json,E:/CHESHIRE_DATA/task35/candidates/H01_SHOULDER_GROWTH/G4_FOLD/identity.json,Selected sequence native/operator/regional/material identity or recipe,FILE,664,77319a13e1dac02d4f50c288ae1209741098744de84ca52b3d3ca6b073261b8f,
DATA,E:/CHESHIRE_DATA,task35/candidates/H01_SHOULDER_GROWTH/G4_FOLD/material_state.npz,E:/CHESHIRE_DATA/task35/candidates/H01_SHOULDER_GROWTH/G4_FOLD/material_state.npz,Selected sequence native/operator/regional/material identity or recipe,FILE,109126,17f11edf95086fd1d13aecf0322d70d41205705055599459f98633ad46918472,
DATA,E:/CHESHIRE_DATA,task35/candidates/H01_SHOULDER_GROWTH/G4_FOLD/mesh.npz,E:/CHESHIRE_DATA/task35/candidates/H01_SHOULDER_GROWTH/G4_FOLD/mesh.npz,Selected sequence native/operator/regional/material identity or recipe,FILE,725465,6efde3860507c6a103eacaf6e3d12759d514748a083dbff26ba5f2cd6bffea3b,
DATA,E:/CHESHIRE_DATA,task35/candidates/H01_SHOULDER_GROWTH/G4_PRE/formation_state.npz,E:/CHESHIRE_DATA/task35/candidates/H01_SHOULDER_GROWTH/G4_PRE/formation_state.npz,Selected sequence native/operator/regional/material identity or recipe,FILE,222805,602ac2178f9a4efc60f5d88a6252b8847abf72a54a490f8a020e03bb99301b87,
DATA,E:/CHESHIRE_DATA,task35/candidates/H01_SHOULDER_GROWTH/G4_PRE/identity.json,E:/CHESHIRE_DATA/task35/candidates/H01_SHOULDER_GROWTH/G4_PRE/identity.json,Selected sequence native/operator/regional/material identity or recipe,FILE,575,929298bac331647cf86013b505fd696514710eb0ff82da5167206e927971a00c,
DATA,E:/CHESHIRE_DATA,task35/candidates/H01_SHOULDER_GROWTH/G4_PRE/material_state.npz,E:/CHESHIRE_DATA/task35/candidates/H01_SHOULDER_GROWTH/G4_PRE/material_state.npz,Selected sequence native/operator/regional/material identity or recipe,FILE,109126,17f11edf95086fd1d13aecf0322d70d41205705055599459f98633ad46918472,
DATA,E:/CHESHIRE_DATA,task35/candidates/H01_SHOULDER_GROWTH/G4_PRE/mesh.npz,E:/CHESHIRE_DATA/task35/candidates/H01_SHOULDER_GROWTH/G4_PRE/mesh.npz,Selected sequence native/operator/regional/material identity or recipe,FILE,722110,f2fe7b4e1472f5b587e841d418482add28e0973152dee0014e7bb6bdd4eca87d,
DATA,E:/CHESHIRE_DATA,task35/candidates/H01_SHOULDER_GROWTH/G4_PRE/operator_state.npz,E:/CHESHIRE_DATA/task35/candidates/H01_SHOULDER_GROWTH/G4_PRE/operator_state.npz,Selected sequence native/operator/regional/material identity or recipe,FILE,95468,2ea7f9826a5cb6f5d34b3a2df2634d3e38c58db87335c4b0b899dc5d876b1780,
DATA,E:/CHESHIRE_DATA,task35/candidates/H01_SHOULDER_GROWTH/G5_PRE/formation_state.npz,E:/CHESHIRE_DATA/task35/candidates/H01_SHOULDER_GROWTH/G5_PRE/formation_state.npz,Selected sequence native/operator/regional/material identity or recipe,FILE,448796,bdc4516677b732795f1b1f1da5caa91e9bceb1d10fa582e672de2ae12bd657c0,
DATA,E:/CHESHIRE_DATA,task35/candidates/H01_SHOULDER_GROWTH/G5_PRE/identity.json,E:/CHESHIRE_DATA/task35/candidates/H01_SHOULDER_GROWTH/G5_PRE/identity.json,Selected sequence native/operator/regional/material identity or recipe,FILE,575,d64d48b0e3888701698080447b4768c3ae34483e6ca792a3bad4cf8aa92a144b,
DATA,E:/CHESHIRE_DATA,task35/candidates/H01_SHOULDER_GROWTH/G5_PRE/material_state.npz,E:/CHESHIRE_DATA/task35/candidates/H01_SHOULDER_GROWTH/G5_PRE/material_state.npz,Selected sequence native/operator/regional/material identity or recipe,FILE,222884,f9fa250b126afabd10b37e14aced955e0f75c667473624fab1c1153075ad6101,
DATA,E:/CHESHIRE_DATA,task35/candidates/H01_SHOULDER_GROWTH/G5_PRE/mesh.npz,E:/CHESHIRE_DATA/task35/candidates/H01_SHOULDER_GROWTH/G5_PRE/mesh.npz,Selected sequence native/operator/regional/material identity or recipe,FILE,1413383,fd0db7b25924069397d62222662abb4bb83be624b54683429b366a6aeac9e358,
DATA,E:/CHESHIRE_DATA,task35/candidates/H01_SHOULDER_GROWTH/G5_PRE/operator_state.npz,E:/CHESHIRE_DATA/task35/candidates/H01_SHOULDER_GROWTH/G5_PRE/operator_state.npz,Selected sequence native/operator/regional/material identity or recipe,FILE,210205,a4b697456be29b9a52b0e5d1e5717a5842df68db2993d52a237a57fc6d8a00de,
DATA,E:/CHESHIRE_DATA,task35/candidates/H01_SHOULDER_GROWTH/G6_PRE/formation_state.npz,E:/CHESHIRE_DATA/task35/candidates/H01_SHOULDER_GROWTH/G6_PRE/formation_state.npz,Selected sequence native/operator/regional/material identity or recipe,FILE,899053,6dfc1a942ba19fc084a829231cbf2bad90a0e55ef2b28dc2d1f89331f3a302f8,
DATA,E:/CHESHIRE_DATA,task35/candidates/H01_SHOULDER_GROWTH/G6_PRE/identity.json,E:/CHESHIRE_DATA/task35/candidates/H01_SHOULDER_GROWTH/G6_PRE/identity.json,Selected sequence native/operator/regional/material identity or recipe,FILE,575,6e845c986db3ff8537d4cae59f597e78feacb83fe9ec5a8985baf466079950cb,
DATA,E:/CHESHIRE_DATA,task35/candidates/H01_SHOULDER_GROWTH/G6_PRE/material_state.npz,E:/CHESHIRE_DATA/task35/candidates/H01_SHOULDER_GROWTH/G6_PRE/material_state.npz,Selected sequence native/operator/regional/material identity or recipe,FILE,420878,54cc962278b4322d7e7ce789e745d77786734669f7153362ed10db3047500389,
DATA,E:/CHESHIRE_DATA,task35/candidates/H01_SHOULDER_GROWTH/G6_PRE/mesh.npz,E:/CHESHIRE_DATA/task35/candidates/H01_SHOULDER_GROWTH/G6_PRE/mesh.npz,Selected sequence native/operator/regional/material identity or recipe,FILE,2847166,149d2f598ed0179998e8fb2ff7b57c4f35e394d34ed5bf0f397ef9da37f81d9a,
DATA,E:/CHESHIRE_DATA,task35/candidates/H01_SHOULDER_GROWTH/G6_PRE/operator_state.npz,E:/CHESHIRE_DATA/task35/candidates/H01_SHOULDER_GROWTH/G6_PRE/operator_state.npz,Selected sequence native/operator/regional/material identity or recipe,FILE,419104,2f9e36d54f38b1275ca0288042cd199a85cb909394a5f077b5119334a1addd11,
DATA,E:/CHESHIRE_DATA,task35/candidates/H01_SHOULDER_GROWTH/G7_FOLD/control_state.npz,E:/CHESHIRE_DATA/task35/candidates/H01_SHOULDER_GROWTH/G7_FOLD/control_state.npz,Selected sequence native/operator/regional/material identity or recipe,FILE,1902628,ab8c1bdd2c44dce3c939075cb8ad64b24afb47b67ebf9fd8e2fbd05372b7b6ed,
DATA,E:/CHESHIRE_DATA,task35/candidates/H01_SHOULDER_GROWTH/G7_FOLD/formation_state.npz,E:/CHESHIRE_DATA/task35/candidates/H01_SHOULDER_GROWTH/G7_FOLD/formation_state.npz,Selected sequence native/operator/regional/material identity or recipe,FILE,1821816,d29a8161e8b2f97bbd39f02ce6072eb0b2dc50e6785623459202bc51e7787f5f,
DATA,E:/CHESHIRE_DATA,task35/candidates/H01_SHOULDER_GROWTH/G7_FOLD/identity.json,E:/CHESHIRE_DATA/task35/candidates/H01_SHOULDER_GROWTH/G7_FOLD/identity.json,Selected sequence native/operator/regional/material identity or recipe,FILE,664,6a99a604abe3b7a60a291ecb664e01c39a3c9373b150876f0cb9fa1341da8092,
DATA,E:/CHESHIRE_DATA,task35/candidates/H01_SHOULDER_GROWTH/G7_FOLD/material_state.npz,E:/CHESHIRE_DATA/task35/candidates/H01_SHOULDER_GROWTH/G7_FOLD/material_state.npz,Selected sequence native/operator/regional/material identity or recipe,FILE,868117,f09726902ac9c924e780476b0853ef1cb00da94f851aade68bd22732e5c57833,
DATA,E:/CHESHIRE_DATA,task35/candidates/H01_SHOULDER_GROWTH/G7_FOLD/mesh.npz,E:/CHESHIRE_DATA/task35/candidates/H01_SHOULDER_GROWTH/G7_FOLD/mesh.npz,Selected sequence native/operator/regional/material identity or recipe,FILE,5800648,45772452c7c187923e6cd6635d6a665500e2a4f393eb0934ac41a2d2ae19b51a,
DATA,E:/CHESHIRE_DATA,task35/candidates/H01_SHOULDER_GROWTH/G7_PRE/formation_state.npz,E:/CHESHIRE_DATA/task35/candidates/H01_SHOULDER_GROWTH/G7_PRE/formation_state.npz,Selected sequence native/operator/regional/material identity or recipe,FILE,1808242,6e36ed342f9aa81808e161c89406c8e32f2ccfd16e3447cc48aa55f1543369e0,
DATA,E:/CHESHIRE_DATA,task35/candidates/H01_SHOULDER_GROWTH/G7_PRE/identity.json,E:/CHESHIRE_DATA/task35/candidates/H01_SHOULDER_GROWTH/G7_PRE/identity.json,Selected sequence native/operator/regional/material identity or recipe,FILE,575,446e6e89b43c9282ad0a359d5e8506f2db1790ff694564202802ebd3866062f7,
DATA,E:/CHESHIRE_DATA,task35/candidates/H01_SHOULDER_GROWTH/G7_PRE/material_state.npz,E:/CHESHIRE_DATA/task35/candidates/H01_SHOULDER_GROWTH/G7_PRE/material_state.npz,Selected sequence native/operator/regional/material identity or recipe,FILE,868117,f09726902ac9c924e780476b0853ef1cb00da94f851aade68bd22732e5c57833,
DATA,E:/CHESHIRE_DATA,task35/candidates/H01_SHOULDER_GROWTH/G7_PRE/mesh.npz,E:/CHESHIRE_DATA/task35/candidates/H01_SHOULDER_GROWTH/G7_PRE/mesh.npz,Selected sequence native/operator/regional/material identity or recipe,FILE,5778624,7f669fe1ace4099258b4538827e3b91e8324d2bd4b2a7f7f874763bc210050d6,
DATA,E:/CHESHIRE_DATA,task35/candidates/H01_SHOULDER_GROWTH/G7_PRE/operator_state.npz,E:/CHESHIRE_DATA/task35/candidates/H01_SHOULDER_GROWTH/G7_PRE/operator_state.npz,Selected sequence native/operator/regional/material identity or recipe,FILE,836911,d0c2de7d12e6c9822841f200dd41b5219c4cdcb568d16bc4aadc0dab8f088e21,
DATA,E:/CHESHIRE_DATA,task35/candidates/H01_SHOULDER_GROWTH/request.json,E:/CHESHIRE_DATA/task35/candidates/H01_SHOULDER_GROWTH/request.json,Selected sequence native/operator/regional/material identity or recipe,FILE,804,30a501af2b29e9d65d7ea6db953fbae28c869806748eccefa531f88b8a9bb529,
DATA,E:/CHESHIRE_DATA,task35/candidates/H01_SHOULDER_GROWTH/source_identity.json,E:/CHESHIRE_DATA/task35/candidates/H01_SHOULDER_GROWTH/source_identity.json,Selected sequence native/operator/regional/material identity or recipe,FILE,1222,011492628b11167e8d25d21c6518ef5136f7c9f73a967e68786595c5ac7857b2,
DATA,E:/CHESHIRE_DATA,task35/candidates/H02_MILD_SHOULDERS,E:/CHESHIRE_DATA/task35/candidates/H02_MILD_SHOULDERS,Selected complete native generation sequence; checkpoint includes more than OBJ,DIRECTORY,,,
DATA,E:/CHESHIRE_DATA,task35/candidates/H02_MILD_SHOULDERS/completed.json,E:/CHESHIRE_DATA/task35/candidates/H02_MILD_SHOULDERS/completed.json,Selected sequence native/operator/regional/material identity or recipe,FILE,2173,e660f2b91c0091968017ca739a28cd0ba5d8ac7e67362bb5c983be7ce6a89e8e,
DATA,E:/CHESHIRE_DATA,task35/candidates/H02_MILD_SHOULDERS/G0_CARRIER/formation_state.npz,E:/CHESHIRE_DATA/task35/candidates/H02_MILD_SHOULDERS/G0_CARRIER/formation_state.npz,Selected sequence native/operator/regional/material identity or recipe,FILE,2993,00d261635fc9d9ebca70b535f526e113857c2e81769816a2038254c1c8241e4d,
DATA,E:/CHESHIRE_DATA,task35/candidates/H02_MILD_SHOULDERS/G0_CARRIER/identity.json,E:/CHESHIRE_DATA/task35/candidates/H02_MILD_SHOULDERS/G0_CARRIER/identity.json,Selected sequence native/operator/regional/material identity or recipe,FILE,418,9e6a1e6d58e75fffb678dd55a6fa29802be61886ace05d439071f40ee315d0e9,
DATA,E:/CHESHIRE_DATA,task35/candidates/H02_MILD_SHOULDERS/G0_CARRIER/material_state.npz,E:/CHESHIRE_DATA/task35/candidates/H02_MILD_SHOULDERS/G0_CARRIER/material_state.npz,Selected sequence native/operator/regional/material identity or recipe,FILE,755,9cbecf86b896d7c0b375c8ed6a9eb9f11239b9b1db27f9e8d0e0072e5a90c4c6,
DATA,E:/CHESHIRE_DATA,task35/candidates/H02_MILD_SHOULDERS/G0_CARRIER/mesh.npz,E:/CHESHIRE_DATA/task35/candidates/H02_MILD_SHOULDERS/G0_CARRIER/mesh.npz,Selected sequence native/operator/regional/material identity or recipe,FILE,4415,b29035d52fc01b240d6d3f37b3ccc3dbd04e894dd5de9701ffcccfc3f731431c,
DATA,E:/CHESHIRE_DATA,task35/candidates/H02_MILD_SHOULDERS/G1_PRE/formation_state.npz,E:/CHESHIRE_DATA/task35/candidates/H02_MILD_SHOULDERS/G1_PRE/formation_state.npz,Selected sequence native/operator/regional/material identity or recipe,FILE,5390,8761c2a2cb9d8cb22fedd423da004522421aaeda91bff220b1ece45029a52294,
DATA,E:/CHESHIRE_DATA,task35/candidates/H02_MILD_SHOULDERS/G1_PRE/identity.json,E:/CHESHIRE_DATA/task35/candidates/H02_MILD_SHOULDERS/G1_PRE/identity.json,Selected sequence native/operator/regional/material identity or recipe,FILE,575,5fe063da18b7e68a2a0a9b03ee2c78dc602b910b2a7caf0e903203f0d2e2f530,
DATA,E:/CHESHIRE_DATA,task35/candidates/H02_MILD_SHOULDERS/G1_PRE/material_state.npz,E:/CHESHIRE_DATA/task35/candidates/H02_MILD_SHOULDERS/G1_PRE/material_state.npz,Selected sequence native/operator/regional/material identity or recipe,FILE,1956,239c7b926e072af78be7a10d15939f9fb0f9a0dc4865cc44c53932e2041ebd6f,
DATA,E:/CHESHIRE_DATA,task35/candidates/H02_MILD_SHOULDERS/G1_PRE/mesh.npz,E:/CHESHIRE_DATA/task35/candidates/H02_MILD_SHOULDERS/G1_PRE/mesh.npz,Selected sequence native/operator/regional/material identity or recipe,FILE,12403,b9b426ae589c310bf21ffb8a8521f2c135b7ff7eaa33cfa5a36bbb3ce4d61bda,
DATA,E:/CHESHIRE_DATA,task35/candidates/H02_MILD_SHOULDERS/G1_PRE/operator_state.npz,E:/CHESHIRE_DATA/task35/candidates/H02_MILD_SHOULDERS/G1_PRE/operator_state.npz,Selected sequence native/operator/regional/material identity or recipe,FILE,2510,3f2e8231e57f182d1d57e683b3b4d5d053a0ce8dcf6707597871c16b8ff303a8,
DATA,E:/CHESHIRE_DATA,task35/candidates/H02_MILD_SHOULDERS/G2_PRE/formation_state.npz,E:/CHESHIRE_DATA/task35/candidates/H02_MILD_SHOULDERS/G2_PRE/formation_state.npz,Selected sequence native/operator/regional/material identity or recipe,FILE,14734,729908a9899e84f723360ca8dd7e37e471ef1404043278b6997d498cccd9dbed,
DATA,E:/CHESHIRE_DATA,task35/candidates/H02_MILD_SHOULDERS/G2_PRE/identity.json,E:/CHESHIRE_DATA/task35/candidates/H02_MILD_SHOULDERS/G2_PRE/identity.json,Selected sequence native/operator/regional/material identity or recipe,FILE,575,9197b24d77e4aaf09074d9bddaff5a36a5049b9145e7e7109d1a98f76511a86a,
DATA,E:/CHESHIRE_DATA,task35/candidates/H02_MILD_SHOULDERS/G2_PRE/material_state.npz,E:/CHESHIRE_DATA/task35/candidates/H02_MILD_SHOULDERS/G2_PRE/material_state.npz,Selected sequence native/operator/regional/material identity or recipe,FILE,7218,39031ead91fa812094093d3ba3106eae45bf654c4e8408eceaf9d68013587aa7,
DATA,E:/CHESHIRE_DATA,task35/candidates/H02_MILD_SHOULDERS/G2_PRE/mesh.npz,E:/CHESHIRE_DATA/task35/candidates/H02_MILD_SHOULDERS/G2_PRE/mesh.npz,Selected sequence native/operator/regional/material identity or recipe,FILE,44478,f606146ac6dfca8648f6187587cb57eab7c1b7382717d0971ecc4a7877fbf53a,
DATA,E:/CHESHIRE_DATA,task35/candidates/H02_MILD_SHOULDERS/G2_PRE/operator_state.npz,E:/CHESHIRE_DATA/task35/candidates/H02_MILD_SHOULDERS/G2_PRE/operator_state.npz,Selected sequence native/operator/regional/material identity or recipe,FILE,7014,f73baa27b20a173516feb6456ea4007c9b4507afa0aa7b85373332f1e6a9da45,
DATA,E:/CHESHIRE_DATA,task35/candidates/H02_MILD_SHOULDERS/G3_FORM/control_state.npz,E:/CHESHIRE_DATA/task35/candidates/H02_MILD_SHOULDERS/G3_FORM/control_state.npz,Selected sequence native/operator/regional/material identity or recipe,FILE,69795,b1cc1b01647d73f675b5611a12c539977c41f312bdcf83a37ac1b17ce022c0c1,
DATA,E:/CHESHIRE_DATA,task35/candidates/H02_MILD_SHOULDERS/G3_FORM/formation_state.npz,E:/CHESHIRE_DATA/task35/candidates/H02_MILD_SHOULDERS/G3_FORM/formation_state.npz,Selected sequence native/operator/regional/material identity or recipe,FILE,58356,58864e3ed890c8683a5772e39f800aca9d39d71424abfdad6c4e3ce858970c05,
DATA,E:/CHESHIRE_DATA,task35/candidates/H02_MILD_SHOULDERS/G3_FORM/identity.json,E:/CHESHIRE_DATA/task35/candidates/H02_MILD_SHOULDERS/G3_FORM/identity.json,Selected sequence native/operator/regional/material identity or recipe,FILE,574,57d458545cc6f51aee23cbf2b20307fc676d247c2dfa420f051e30ff6fc3ff60,
DATA,E:/CHESHIRE_DATA,task35/candidates/H02_MILD_SHOULDERS/G3_FORM/material_state.npz,E:/CHESHIRE_DATA/task35/candidates/H02_MILD_SHOULDERS/G3_FORM/material_state.npz,Selected sequence native/operator/regional/material identity or recipe,FILE,27901,5f4f13a28a9a3ac1a1e108c59218be3d177edbe962355f7f8bffccc6a921b9b3,
DATA,E:/CHESHIRE_DATA,task35/candidates/H02_MILD_SHOULDERS/G3_FORM/mesh.npz,E:/CHESHIRE_DATA/task35/candidates/H02_MILD_SHOULDERS/G3_FORM/mesh.npz,Selected sequence native/operator/regional/material identity or recipe,FILE,182334,3c9a11227bcdcf90922bb09dc09902d5f29dd41b81b2fa138ddacf792400fcbd,
DATA,E:/CHESHIRE_DATA,task35/candidates/H02_MILD_SHOULDERS/G3_PRE/formation_state.npz,E:/CHESHIRE_DATA/task35/candidates/H02_MILD_SHOULDERS/G3_PRE/formation_state.npz,Selected sequence native/operator/regional/material identity or recipe,FILE,51288,080e9ae3e6904d05bc1152cff37d437c10419dc39c65bddcfd9b68b32da36b08,
DATA,E:/CHESHIRE_DATA,task35/candidates/H02_MILD_SHOULDERS/G3_PRE/identity.json,E:/CHESHIRE_DATA/task35/candidates/H02_MILD_SHOULDERS/G3_PRE/identity.json,Selected sequence native/operator/regional/material identity or recipe,FILE,575,9e060dda927ee60ae4a80dd11c8c3dba6918b16bda681610dd865ae6d03d2fc5,
DATA,E:/CHESHIRE_DATA,task35/candidates/H02_MILD_SHOULDERS/G3_PRE/material_state.npz,E:/CHESHIRE_DATA/task35/candidates/H02_MILD_SHOULDERS/G3_PRE/material_state.npz,Selected sequence native/operator/regional/material identity or recipe,FILE,27901,5f4f13a28a9a3ac1a1e108c59218be3d177edbe962355f7f8bffccc6a921b9b3,
DATA,E:/CHESHIRE_DATA,task35/candidates/H02_MILD_SHOULDERS/G3_PRE/mesh.npz,E:/CHESHIRE_DATA/task35/candidates/H02_MILD_SHOULDERS/G3_PRE/mesh.npz,Selected sequence native/operator/regional/material identity or recipe,FILE,170146,95ef1604f282e2f0c2e9eeb38b6e5d2847c94cfc96343699e8f6cda1b8dbd6f4,
DATA,E:/CHESHIRE_DATA,task35/candidates/H02_MILD_SHOULDERS/G3_PRE/operator_state.npz,E:/CHESHIRE_DATA/task35/candidates/H02_MILD_SHOULDERS/G3_PRE/operator_state.npz,Selected sequence native/operator/regional/material identity or recipe,FILE,24520,60e65ffe4a24f191005d79694c05f10b1e881e2f582d7748b2dffd6ff473a832,
DATA,E:/CHESHIRE_DATA,task35/candidates/H02_MILD_SHOULDERS/G4_FOLD/control_state.npz,E:/CHESHIRE_DATA/task35/candidates/H02_MILD_SHOULDERS/G4_FOLD/control_state.npz,Selected sequence native/operator/regional/material identity or recipe,FILE,433340,4d2ee534015758f16bc51e23759d335ededfbcf2a019497877156ac8ff165315,
DATA,E:/CHESHIRE_DATA,task35/candidates/H02_MILD_SHOULDERS/G4_FOLD/formation_state.npz,E:/CHESHIRE_DATA/task35/candidates/H02_MILD_SHOULDERS/G4_FOLD/formation_state.npz,Selected sequence native/operator/regional/material identity or recipe,FILE,226315,fa4d382d23d4e513ddacdef89c8161c455b6e5f3ecd72fe815af0566b37b8d7c,
DATA,E:/CHESHIRE_DATA,task35/candidates/H02_MILD_SHOULDERS/G4_FOLD/identity.json,E:/CHESHIRE_DATA/task35/candidates/H02_MILD_SHOULDERS/G4_FOLD/identity.json,Selected sequence native/operator/regional/material identity or recipe,FILE,664,a731c31c6c41cd17035311504acaa76dd777624a80f691473933c731d7be2692,
DATA,E:/CHESHIRE_DATA,task35/candidates/H02_MILD_SHOULDERS/G4_FOLD/material_state.npz,E:/CHESHIRE_DATA/task35/candidates/H02_MILD_SHOULDERS/G4_FOLD/material_state.npz,Selected sequence native/operator/regional/material identity or recipe,FILE,109126,17f11edf95086fd1d13aecf0322d70d41205705055599459f98633ad46918472,
DATA,E:/CHESHIRE_DATA,task35/candidates/H02_MILD_SHOULDERS/G4_FOLD/mesh.npz,E:/CHESHIRE_DATA/task35/candidates/H02_MILD_SHOULDERS/G4_FOLD/mesh.npz,Selected sequence native/operator/regional/material identity or recipe,FILE,728035,4f5092dbe6e11c1686487ea34e3ac78c83710b0383db072c1b16cd05615c57f0,
DATA,E:/CHESHIRE_DATA,task35/candidates/H02_MILD_SHOULDERS/G4_PRE/formation_state.npz,E:/CHESHIRE_DATA/task35/candidates/H02_MILD_SHOULDERS/G4_PRE/formation_state.npz,Selected sequence native/operator/regional/material identity or recipe,FILE,223947,b6c14c69c2a8ec5c00ccd0ec8e22f72259b20d639dc95bfb83e6e8dc8d00f4b6,
DATA,E:/CHESHIRE_DATA,task35/candidates/H02_MILD_SHOULDERS/G4_PRE/identity.json,E:/CHESHIRE_DATA/task35/candidates/H02_MILD_SHOULDERS/G4_PRE/identity.json,Selected sequence native/operator/regional/material identity or recipe,FILE,575,3e1ed76161ec4210bca57eac0ff06b12599a319072a4ccb60dcecc1d9e2edb7c,
DATA,E:/CHESHIRE_DATA,task35/candidates/H02_MILD_SHOULDERS/G4_PRE/material_state.npz,E:/CHESHIRE_DATA/task35/candidates/H02_MILD_SHOULDERS/G4_PRE/material_state.npz,Selected sequence native/operator/regional/material identity or recipe,FILE,109126,17f11edf95086fd1d13aecf0322d70d41205705055599459f98633ad46918472,
DATA,E:/CHESHIRE_DATA,task35/candidates/H02_MILD_SHOULDERS/G4_PRE/mesh.npz,E:/CHESHIRE_DATA/task35/candidates/H02_MILD_SHOULDERS/G4_PRE/mesh.npz,Selected sequence native/operator/regional/material identity or recipe,FILE,723964,9c9097c979ed377d7ec4e10f4a7db3c71d57b723aa0dbdd56aef089225622c0a,
DATA,E:/CHESHIRE_DATA,task35/candidates/H02_MILD_SHOULDERS/G4_PRE/operator_state.npz,E:/CHESHIRE_DATA/task35/candidates/H02_MILD_SHOULDERS/G4_PRE/operator_state.npz,Selected sequence native/operator/regional/material identity or recipe,FILE,95468,2ea7f9826a5cb6f5d34b3a2df2634d3e38c58db87335c4b0b899dc5d876b1780,
DATA,E:/CHESHIRE_DATA,task35/candidates/H02_MILD_SHOULDERS/G5_PRE/formation_state.npz,E:/CHESHIRE_DATA/task35/candidates/H02_MILD_SHOULDERS/G5_PRE/formation_state.npz,Selected sequence native/operator/regional/material identity or recipe,FILE,450990,76516406d3880a04721c9413d199aebc7791a5c7ec33c5dd6dbaa65937bf5270,
DATA,E:/CHESHIRE_DATA,task35/candidates/H02_MILD_SHOULDERS/G5_PRE/identity.json,E:/CHESHIRE_DATA/task35/candidates/H02_MILD_SHOULDERS/G5_PRE/identity.json,Selected sequence native/operator/regional/material identity or recipe,FILE,575,23cb30f46030fe020dfa1afb1dbc103a2639ac89ddc123e5cbed5fe89b2bf6a8,
DATA,E:/CHESHIRE_DATA,task35/candidates/H02_MILD_SHOULDERS/G5_PRE/material_state.npz,E:/CHESHIRE_DATA/task35/candidates/H02_MILD_SHOULDERS/G5_PRE/material_state.npz,Selected sequence native/operator/regional/material identity or recipe,FILE,222884,f9fa250b126afabd10b37e14aced955e0f75c667473624fab1c1153075ad6101,
DATA,E:/CHESHIRE_DATA,task35/candidates/H02_MILD_SHOULDERS/G5_PRE/mesh.npz,E:/CHESHIRE_DATA/task35/candidates/H02_MILD_SHOULDERS/G5_PRE/mesh.npz,Selected sequence native/operator/regional/material identity or recipe,FILE,1417412,c51c6c5348dde98be17d3c18a67410185b2b88965fa48e0c45c59a4c205c3412,
DATA,E:/CHESHIRE_DATA,task35/candidates/H02_MILD_SHOULDERS/G5_PRE/operator_state.npz,E:/CHESHIRE_DATA/task35/candidates/H02_MILD_SHOULDERS/G5_PRE/operator_state.npz,Selected sequence native/operator/regional/material identity or recipe,FILE,210205,a4b697456be29b9a52b0e5d1e5717a5842df68db2993d52a237a57fc6d8a00de,
DATA,E:/CHESHIRE_DATA,task35/candidates/H02_MILD_SHOULDERS/G6_PRE/formation_state.npz,E:/CHESHIRE_DATA/task35/candidates/H02_MILD_SHOULDERS/G6_PRE/formation_state.npz,Selected sequence native/operator/regional/material identity or recipe,FILE,901060,c77a048db5097120be01ad13defbc764d01c1dcff167b371c261d1d3e441216d,
DATA,E:/CHESHIRE_DATA,task35/candidates/H02_MILD_SHOULDERS/G6_PRE/identity.json,E:/CHESHIRE_DATA/task35/candidates/H02_MILD_SHOULDERS/G6_PRE/identity.json,Selected sequence native/operator/regional/material identity or recipe,FILE,575,8e8d6fd60bf550044b112e150245ab4ad3a098aa25feed5ed099add39f477d33,
DATA,E:/CHESHIRE_DATA,task35/candidates/H02_MILD_SHOULDERS/G6_PRE/material_state.npz,E:/CHESHIRE_DATA/task35/candidates/H02_MILD_SHOULDERS/G6_PRE/material_state.npz,Selected sequence native/operator/regional/material identity or recipe,FILE,420878,54cc962278b4322d7e7ce789e745d77786734669f7153362ed10db3047500389,
DATA,E:/CHESHIRE_DATA,task35/candidates/H02_MILD_SHOULDERS/G6_PRE/mesh.npz,E:/CHESHIRE_DATA/task35/candidates/H02_MILD_SHOULDERS/G6_PRE/mesh.npz,Selected sequence native/operator/regional/material identity or recipe,FILE,2851954,be7fd4e25503709e79d5cfa98fab5a024e6fda32b79891930594531dd2d46eb3,
DATA,E:/CHESHIRE_DATA,task35/candidates/H02_MILD_SHOULDERS/G6_PRE/operator_state.npz,E:/CHESHIRE_DATA/task35/candidates/H02_MILD_SHOULDERS/G6_PRE/operator_state.npz,Selected sequence native/operator/regional/material identity or recipe,FILE,419104,2f9e36d54f38b1275ca0288042cd199a85cb909394a5f077b5119334a1addd11,
DATA,E:/CHESHIRE_DATA,task35/candidates/H02_MILD_SHOULDERS/G7_FOLD/control_state.npz,E:/CHESHIRE_DATA/task35/candidates/H02_MILD_SHOULDERS/G7_FOLD/control_state.npz,Selected sequence native/operator/regional/material identity or recipe,FILE,1903350,13e3d8288e71b35ebbd7ce08adf45a8bbd3bf1217b8aa700fcb7aa144f2b8b09,
DATA,E:/CHESHIRE_DATA,task35/candidates/H02_MILD_SHOULDERS/G7_FOLD/formation_state.npz,E:/CHESHIRE_DATA/task35/candidates/H02_MILD_SHOULDERS/G7_FOLD/formation_state.npz,Selected sequence native/operator/regional/material identity or recipe,FILE,1824242,2cfd98ca1c8ca158d7545b53ef2e83a8b0875bc80116703521312756582592c3,
DATA,E:/CHESHIRE_DATA,task35/candidates/H02_MILD_SHOULDERS/G7_FOLD/identity.json,E:/CHESHIRE_DATA/task35/candidates/H02_MILD_SHOULDERS/G7_FOLD/identity.json,Selected sequence native/operator/regional/material identity or recipe,FILE,664,d7357d215aee12bc650596c2207ca519eea32265a2b8cb5c1814f8d9619e21f2,
DATA,E:/CHESHIRE_DATA,task35/candidates/H02_MILD_SHOULDERS/G7_FOLD/material_state.npz,E:/CHESHIRE_DATA/task35/candidates/H02_MILD_SHOULDERS/G7_FOLD/material_state.npz,Selected sequence native/operator/regional/material identity or recipe,FILE,868117,f09726902ac9c924e780476b0853ef1cb00da94f851aade68bd22732e5c57833,
DATA,E:/CHESHIRE_DATA,task35/candidates/H02_MILD_SHOULDERS/G7_FOLD/mesh.npz,E:/CHESHIRE_DATA/task35/candidates/H02_MILD_SHOULDERS/G7_FOLD/mesh.npz,Selected sequence native/operator/regional/material identity or recipe,FILE,5809517,d1456fee6c256fde79d4cc91c4d4e694e681027f22f67af5bcec8b223c5142e2,
DATA,E:/CHESHIRE_DATA,task35/candidates/H02_MILD_SHOULDERS/G7_PRE/formation_state.npz,E:/CHESHIRE_DATA/task35/candidates/H02_MILD_SHOULDERS/G7_PRE/formation_state.npz,Selected sequence native/operator/regional/material identity or recipe,FILE,1810393,f9018fe355266db2613f60d9c7ac00873b2e42373dcf693c68d731d597befd29,
DATA,E:/CHESHIRE_DATA,task35/candidates/H02_MILD_SHOULDERS/G7_PRE/identity.json,E:/CHESHIRE_DATA/task35/candidates/H02_MILD_SHOULDERS/G7_PRE/identity.json,Selected sequence native/operator/regional/material identity or recipe,FILE,575,5ef11294b72956afb7b14fd3fa7718fdbcaa7a35ac01b14a72275e515cd28700,
DATA,E:/CHESHIRE_DATA,task35/candidates/H02_MILD_SHOULDERS/G7_PRE/material_state.npz,E:/CHESHIRE_DATA/task35/candidates/H02_MILD_SHOULDERS/G7_PRE/material_state.npz,Selected sequence native/operator/regional/material identity or recipe,FILE,868117,f09726902ac9c924e780476b0853ef1cb00da94f851aade68bd22732e5c57833,
DATA,E:/CHESHIRE_DATA,task35/candidates/H02_MILD_SHOULDERS/G7_PRE/mesh.npz,E:/CHESHIRE_DATA/task35/candidates/H02_MILD_SHOULDERS/G7_PRE/mesh.npz,Selected sequence native/operator/regional/material identity or recipe,FILE,5788766,188eb3f434be9e36390a63afc03c85b6a0ad1dc06d8b7511eafbfcfe1cc631a9,
DATA,E:/CHESHIRE_DATA,task35/candidates/H02_MILD_SHOULDERS/G7_PRE/operator_state.npz,E:/CHESHIRE_DATA/task35/candidates/H02_MILD_SHOULDERS/G7_PRE/operator_state.npz,Selected sequence native/operator/regional/material identity or recipe,FILE,836911,d0c2de7d12e6c9822841f200dd41b5219c4cdcb568d16bc4aadc0dab8f088e21,
DATA,E:/CHESHIRE_DATA,task35/candidates/H02_MILD_SHOULDERS/request.json,E:/CHESHIRE_DATA/task35/candidates/H02_MILD_SHOULDERS/request.json,Selected sequence native/operator/regional/material identity or recipe,FILE,800,86aac32698b051804d08439cf02d2f94c15517f81216028e72910a6eb4355669,
DATA,E:/CHESHIRE_DATA,task35/candidates/H02_MILD_SHOULDERS/source_identity.json,E:/CHESHIRE_DATA/task35/candidates/H02_MILD_SHOULDERS/source_identity.json,Selected sequence native/operator/regional/material identity or recipe,FILE,1222,011492628b11167e8d25d21c6518ef5136f7c9f73a967e68786595c5ac7857b2,
DATA,E:/CHESHIRE_DATA,task36/candidates/U01_INTERVAL_SAFE_G8,E:/CHESHIRE_DATA/task36/candidates/U01_INTERVAL_SAFE_G8,Selected complete native generation sequence; checkpoint includes more than OBJ,DIRECTORY,,,
DATA,E:/CHESHIRE_DATA,task36/candidates/U01_INTERVAL_SAFE_G8/completed.json,E:/CHESHIRE_DATA/task36/candidates/U01_INTERVAL_SAFE_G8/completed.json,Selected sequence native/operator/regional/material identity or recipe,FILE,14690,df9360f8d2e253fdf9b1f1afbf1e3f220281d574f6e2c8c7da5c687c1d5413e7,
DATA,E:/CHESHIRE_DATA,task36/candidates/U01_INTERVAL_SAFE_G8/G0_CARRIER/identity.json,E:/CHESHIRE_DATA/task36/candidates/U01_INTERVAL_SAFE_G8/G0_CARRIER/identity.json,Selected sequence native/operator/regional/material identity or recipe,FILE,262,a8d21ad7f78f10514cab410abe99b2c3ffdd4c645fbe74bed4992a76934269d1,
DATA,E:/CHESHIRE_DATA,task36/candidates/U01_INTERVAL_SAFE_G8/G0_CARRIER/mesh.npz,E:/CHESHIRE_DATA/task36/candidates/U01_INTERVAL_SAFE_G8/G0_CARRIER/mesh.npz,Selected sequence native/operator/regional/material identity or recipe,FILE,1529,3cc7133b38d1d879b87ee79b6571011123ad47ae8a52267a043069a2739a83ba,
DATA,E:/CHESHIRE_DATA,task36/candidates/U01_INTERVAL_SAFE_G8/G0_CARRIER/quad_state.npz,E:/CHESHIRE_DATA/task36/candidates/U01_INTERVAL_SAFE_G8/G0_CARRIER/quad_state.npz,Selected sequence native/operator/regional/material identity or recipe,FILE,1532,dcfb48717180ea0d2d5acc525f943fc8b1b02cf9b1c7fd868346f4136a3420e0,
DATA,E:/CHESHIRE_DATA,task36/candidates/U01_INTERVAL_SAFE_G8/G1_FOLD/identity.json,E:/CHESHIRE_DATA/task36/candidates/U01_INTERVAL_SAFE_G8/G1_FOLD/identity.json,Selected sequence native/operator/regional/material identity or recipe,FILE,355,aa2341855e9435d36c6cb6a1c05aebc7a8a1d985595208df8f50952657ab7c36,
DATA,E:/CHESHIRE_DATA,task36/candidates/U01_INTERVAL_SAFE_G8/G1_FOLD/mesh.npz,E:/CHESHIRE_DATA/task36/candidates/U01_INTERVAL_SAFE_G8/G1_FOLD/mesh.npz,Selected sequence native/operator/regional/material identity or recipe,FILE,2450,ef7c08ca6648e1b7ff9351aca10e875a90ec10902aebc6d543091a564970e225,
DATA,E:/CHESHIRE_DATA,task36/candidates/U01_INTERVAL_SAFE_G8/G1_FOLD/operator_state.npz,E:/CHESHIRE_DATA/task36/candidates/U01_INTERVAL_SAFE_G8/G1_FOLD/operator_state.npz,Selected sequence native/operator/regional/material identity or recipe,FILE,7489,4472d82692845d1db3ad3e30346ae4ef4c4609772a251cc116fd0c1d8cc1a94a,
DATA,E:/CHESHIRE_DATA,task36/candidates/U01_INTERVAL_SAFE_G8/G1_FOLD/quad_state.npz,E:/CHESHIRE_DATA/task36/candidates/U01_INTERVAL_SAFE_G8/G1_FOLD/quad_state.npz,Selected sequence native/operator/regional/material identity or recipe,FILE,1968,dec821ef5ef74c9eec2bb9a0365f2eba2f88a88ec9d0b37d66b5357a0bcdc28c,
DATA,E:/CHESHIRE_DATA,task36/candidates/U01_INTERVAL_SAFE_G8/G1_PRE/identity.json,E:/CHESHIRE_DATA/task36/candidates/U01_INTERVAL_SAFE_G8/G1_PRE/identity.json,Selected sequence native/operator/regional/material identity or recipe,FILE,355,07ddfa9d27a5769bb95810efb15b127e2d99d82111a6b358a022bf49fb8c40ac,
DATA,E:/CHESHIRE_DATA,task36/candidates/U01_INTERVAL_SAFE_G8/G1_PRE/mesh.npz,E:/CHESHIRE_DATA/task36/candidates/U01_INTERVAL_SAFE_G8/G1_PRE/mesh.npz,Selected sequence native/operator/regional/material identity or recipe,FILE,2329,cbc1d072b7772c2ffa4beaba27b959d19bf512d011197764e5fada2501442d00,
DATA,E:/CHESHIRE_DATA,task36/candidates/U01_INTERVAL_SAFE_G8/G1_PRE/operator_state.npz,E:/CHESHIRE_DATA/task36/candidates/U01_INTERVAL_SAFE_G8/G1_PRE/operator_state.npz,Selected sequence native/operator/regional/material identity or recipe,FILE,4948,72cbaa0896ccab05046360ab23051983aad7888e967764cf42ca07d71300636a,
DATA,E:/CHESHIRE_DATA,task36/candidates/U01_INTERVAL_SAFE_G8/G1_PRE/quad_state.npz,E:/CHESHIRE_DATA/task36/candidates/U01_INTERVAL_SAFE_G8/G1_PRE/quad_state.npz,Selected sequence native/operator/regional/material identity or recipe,FILE,1897,ffb4269aea981a3dd4a922899700e44a6a39ec2df5d672ed3685807c8377ebc6,
DATA,E:/CHESHIRE_DATA,task36/candidates/U01_INTERVAL_SAFE_G8/G2_FOLD/identity.json,E:/CHESHIRE_DATA/task36/candidates/U01_INTERVAL_SAFE_G8/G2_FOLD/identity.json,Selected sequence native/operator/regional/material identity or recipe,FILE,355,a345c94aa9509f03107dc82e9a8d808b0e9b62e5047b0a38c52a7fb973dac0c9,
DATA,E:/CHESHIRE_DATA,task36/candidates/U01_INTERVAL_SAFE_G8/G2_FOLD/mesh.npz,E:/CHESHIRE_DATA/task36/candidates/U01_INTERVAL_SAFE_G8/G2_FOLD/mesh.npz,Selected sequence native/operator/regional/material identity or recipe,FILE,6143,ea5b0c5426263444745d8c38f6468bca8d4c26313e3c0f4eabbeddd033e80ef9,
DATA,E:/CHESHIRE_DATA,task36/candidates/U01_INTERVAL_SAFE_G8/G2_FOLD/operator_state.npz,E:/CHESHIRE_DATA/task36/candidates/U01_INTERVAL_SAFE_G8/G2_FOLD/operator_state.npz,Selected sequence native/operator/regional/material identity or recipe,FILE,11253,e55cf468f0a51d63edc3690a7f3f14fa38f77ff976e9df20d02aeb15d83333d6,
DATA,E:/CHESHIRE_DATA,task36/candidates/U01_INTERVAL_SAFE_G8/G2_FOLD/quad_state.npz,E:/CHESHIRE_DATA/task36/candidates/U01_INTERVAL_SAFE_G8/G2_FOLD/quad_state.npz,Selected sequence native/operator/regional/material identity or recipe,FILE,3572,97659e30ff156c6ec903a45bd768af7a5758eda30f7f162c53b6b63dbd625b3b,
DATA,E:/CHESHIRE_DATA,task36/candidates/U01_INTERVAL_SAFE_G8/G2_PRE/identity.json,E:/CHESHIRE_DATA/task36/candidates/U01_INTERVAL_SAFE_G8/G2_PRE/identity.json,Selected sequence native/operator/regional/material identity or recipe,FILE,355,62f46d7f54c558d08bf1da10306dace66afd385659f0326fc8002f6c1b07aca0,
DATA,E:/CHESHIRE_DATA,task36/candidates/U01_INTERVAL_SAFE_G8/G2_PRE/mesh.npz,E:/CHESHIRE_DATA/task36/candidates/U01_INTERVAL_SAFE_G8/G2_PRE/mesh.npz,Selected sequence native/operator/regional/material identity or recipe,FILE,5904,a8d65defd26e44f761366709413f240e8b933cea482c8e5eb8ed426db31c4292,
DATA,E:/CHESHIRE_DATA,task36/candidates/U01_INTERVAL_SAFE_G8/G2_PRE/operator_state.npz,E:/CHESHIRE_DATA/task36/candidates/U01_INTERVAL_SAFE_G8/G2_PRE/operator_state.npz,Selected sequence native/operator/regional/material identity or recipe,FILE,6306,cbb0d72ce5815a0696513125c51d960a45a3272536c3ebdc26f3fe7ac93dd264,
DATA,E:/CHESHIRE_DATA,task36/candidates/U01_INTERVAL_SAFE_G8/G2_PRE/quad_state.npz,E:/CHESHIRE_DATA/task36/candidates/U01_INTERVAL_SAFE_G8/G2_PRE/quad_state.npz,Selected sequence native/operator/regional/material identity or recipe,FILE,3412,b010a52a3491a5cd153f6451ff9f9ca815297b08805b9b1d11e338a3801570b3,
DATA,E:/CHESHIRE_DATA,task36/candidates/U01_INTERVAL_SAFE_G8/G3_FOLD/identity.json,E:/CHESHIRE_DATA/task36/candidates/U01_INTERVAL_SAFE_G8/G3_FOLD/identity.json,Selected sequence native/operator/regional/material identity or recipe,FILE,355,6ab732887899b9e2f3078326a9e8ffedb3198cf5ec64e030ba50c25061659e4b,
DATA,E:/CHESHIRE_DATA,task36/candidates/U01_INTERVAL_SAFE_G8/G3_FOLD/mesh.npz,E:/CHESHIRE_DATA/task36/candidates/U01_INTERVAL_SAFE_G8/G3_FOLD/mesh.npz,Selected sequence native/operator/regional/material identity or recipe,FILE,22542,c6fc690b918138a53719e5d51abcaacf1562b07b474c4dc6bcc4ee0d00d99bcf,
DATA,E:/CHESHIRE_DATA,task36/candidates/U01_INTERVAL_SAFE_G8/G3_FOLD/operator_state.npz,E:/CHESHIRE_DATA/task36/candidates/U01_INTERVAL_SAFE_G8/G3_FOLD/operator_state.npz,Selected sequence native/operator/regional/material identity or recipe,FILE,26338,65849bd8bd3822b2eda4ce25f57cd685d175d655d17b08ecbbcd45d617107da0,
DATA,E:/CHESHIRE_DATA,task36/candidates/U01_INTERVAL_SAFE_G8/G3_FOLD/quad_state.npz,E:/CHESHIRE_DATA/task36/candidates/U01_INTERVAL_SAFE_G8/G3_FOLD/quad_state.npz,Selected sequence native/operator/regional/material identity or recipe,FILE,10388,e4563c6b0f7d359529805128697f70863bd5b73e313fd43a9193eafc2899855b,
DATA,E:/CHESHIRE_DATA,task36/candidates/U01_INTERVAL_SAFE_G8/G3_PRE/identity.json,E:/CHESHIRE_DATA/task36/candidates/U01_INTERVAL_SAFE_G8/G3_PRE/identity.json,Selected sequence native/operator/regional/material identity or recipe,FILE,355,f52a54ab5be2bfece770bfca4b5deff0df4479346f53c85bc5c456af43b96563,
DATA,E:/CHESHIRE_DATA,task36/candidates/U01_INTERVAL_SAFE_G8/G3_PRE/mesh.npz,E:/CHESHIRE_DATA/task36/candidates/U01_INTERVAL_SAFE_G8/G3_PRE/mesh.npz,Selected sequence native/operator/regional/material identity or recipe,FILE,21873,e22282c2d13e0f2c5f444e49937f62e8c8856fb1eccdeac368a53c3e3353478d,
DATA,E:/CHESHIRE_DATA,task36/candidates/U01_INTERVAL_SAFE_G8/G3_PRE/operator_state.npz,E:/CHESHIRE_DATA/task36/candidates/U01_INTERVAL_SAFE_G8/G3_PRE/operator_state.npz,Selected sequence native/operator/regional/material identity or recipe,FILE,11584,b4a357b49274fe43842ec44f8deb2104ecb01ebb97dfaec292b94205fe0e9292,
DATA,E:/CHESHIRE_DATA,task36/candidates/U01_INTERVAL_SAFE_G8/G3_PRE/quad_state.npz,E:/CHESHIRE_DATA/task36/candidates/U01_INTERVAL_SAFE_G8/G3_PRE/quad_state.npz,Selected sequence native/operator/regional/material identity or recipe,FILE,10025,f7ea2e15db325858920f7622932af1b94f74bec21e3571ea18c0a5c1023dae47,
DATA,E:/CHESHIRE_DATA,task36/candidates/U01_INTERVAL_SAFE_G8/G4_FOLD/identity.json,E:/CHESHIRE_DATA/task36/candidates/U01_INTERVAL_SAFE_G8/G4_FOLD/identity.json,Selected sequence native/operator/regional/material identity or recipe,FILE,355,38287d684dc3f015d1b30992de972d39f62abb395f02d38867a40fd90d83f49d,
DATA,E:/CHESHIRE_DATA,task36/candidates/U01_INTERVAL_SAFE_G8/G4_FOLD/mesh.npz,E:/CHESHIRE_DATA/task36/candidates/U01_INTERVAL_SAFE_G8/G4_FOLD/mesh.npz,Selected sequence native/operator/regional/material identity or recipe,FILE,90422,5f0d35343a8a3a536309e13e3feebfc2454222ef235232894e53505ef45dcbab,
DATA,E:/CHESHIRE_DATA,task36/candidates/U01_INTERVAL_SAFE_G8/G4_FOLD/operator_state.npz,E:/CHESHIRE_DATA/task36/candidates/U01_INTERVAL_SAFE_G8/G4_FOLD/operator_state.npz,Selected sequence native/operator/regional/material identity or recipe,FILE,89852,74f79c2a82d3008ea5741a09372e2c232c94c33448565229a5701b0e29dc77cd,
DATA,E:/CHESHIRE_DATA,task36/candidates/U01_INTERVAL_SAFE_G8/G4_FOLD/quad_state.npz,E:/CHESHIRE_DATA/task36/candidates/U01_INTERVAL_SAFE_G8/G4_FOLD/quad_state.npz,Selected sequence native/operator/regional/material identity or recipe,FILE,38563,efda7530a936fadce60371e6772015a4f165d8bec9c81e0cd05ebb4a9b568b19,
DATA,E:/CHESHIRE_DATA,task36/candidates/U01_INTERVAL_SAFE_G8/G4_PRE/identity.json,E:/CHESHIRE_DATA/task36/candidates/U01_INTERVAL_SAFE_G8/G4_PRE/identity.json,Selected sequence native/operator/regional/material identity or recipe,FILE,355,11f903f87706a1c990b5b3254cfe757e79ccab5dd9e2a7d5976f09ce7192e3c2,
DATA,E:/CHESHIRE_DATA,task36/candidates/U01_INTERVAL_SAFE_G8/G4_PRE/mesh.npz,E:/CHESHIRE_DATA/task36/candidates/U01_INTERVAL_SAFE_G8/G4_PRE/mesh.npz,Selected sequence native/operator/regional/material identity or recipe,FILE,88895,452bb81714cc40910943a6077b55022f397d8572e5edf60d979d14c38eebc73d,
DATA,E:/CHESHIRE_DATA,task36/candidates/U01_INTERVAL_SAFE_G8/G4_PRE/operator_state.npz,E:/CHESHIRE_DATA/task36/candidates/U01_INTERVAL_SAFE_G8/G4_PRE/operator_state.npz,Selected sequence native/operator/regional/material identity or recipe,FILE,34139,fabb82c7ac4e50d82f50f974e3bc68fb431590cc94683fb6f5f146b665e7d46c,
DATA,E:/CHESHIRE_DATA,task36/candidates/U01_INTERVAL_SAFE_G8/G4_PRE/quad_state.npz,E:/CHESHIRE_DATA/task36/candidates/U01_INTERVAL_SAFE_G8/G4_PRE/quad_state.npz,Selected sequence native/operator/regional/material identity or recipe,FILE,37755,171c28a810b5d8400736aeb052cfb08c2066e9e31690113aaad4a46522e71e25,
DATA,E:/CHESHIRE_DATA,task36/candidates/U01_INTERVAL_SAFE_G8/G5_FOLD/identity.json,E:/CHESHIRE_DATA/task36/candidates/U01_INTERVAL_SAFE_G8/G5_FOLD/identity.json,Selected sequence native/operator/regional/material identity or recipe,FILE,355,c435bf6c79dcd639a9f7f6964101af65953fe22bc532dce093e51c632074be1a,
DATA,E:/CHESHIRE_DATA,task36/candidates/U01_INTERVAL_SAFE_G8/G5_FOLD/mesh.npz,E:/CHESHIRE_DATA/task36/candidates/U01_INTERVAL_SAFE_G8/G5_FOLD/mesh.npz,Selected sequence native/operator/regional/material identity or recipe,FILE,374663,06806b9cdfe6471b0174d85b83d2b6571d351206e99c680702bfe8199985bca9,
DATA,E:/CHESHIRE_DATA,task36/candidates/U01_INTERVAL_SAFE_G8/G5_FOLD/operator_state.npz,E:/CHESHIRE_DATA/task36/candidates/U01_INTERVAL_SAFE_G8/G5_FOLD/operator_state.npz,Selected sequence native/operator/regional/material identity or recipe,FILE,419230,40b3cb38a926b622fa108b46d138473e6c2a80d743cd10f368b4ad46340dc66a,
DATA,E:/CHESHIRE_DATA,task36/candidates/U01_INTERVAL_SAFE_G8/G5_FOLD/quad_state.npz,E:/CHESHIRE_DATA/task36/candidates/U01_INTERVAL_SAFE_G8/G5_FOLD/quad_state.npz,Selected sequence native/operator/regional/material identity or recipe,FILE,155336,40a4444e435381312ffc1fb7a23d25215ad86450a6d23c345891daa906ce5087,
DATA,E:/CHESHIRE_DATA,task36/candidates/U01_INTERVAL_SAFE_G8/G5_PRE/identity.json,E:/CHESHIRE_DATA/task36/candidates/U01_INTERVAL_SAFE_G8/G5_PRE/identity.json,Selected sequence native/operator/regional/material identity or recipe,FILE,355,9c45397a598bb784e7d8d4d4a05c353b53b75c694988d366f13b213607a89ba4,
DATA,E:/CHESHIRE_DATA,task36/candidates/U01_INTERVAL_SAFE_G8/G5_PRE/mesh.npz,E:/CHESHIRE_DATA/task36/candidates/U01_INTERVAL_SAFE_G8/G5_PRE/mesh.npz,Selected sequence native/operator/regional/material identity or recipe,FILE,369501,f6d0b511113df9e9caac3d77877938ca3b23be91ee92daf85d3e5b52fe016cb2,
DATA,E:/CHESHIRE_DATA,task36/candidates/U01_INTERVAL_SAFE_G8/G5_PRE/operator_state.npz,E:/CHESHIRE_DATA/task36/candidates/U01_INTERVAL_SAFE_G8/G5_PRE/operator_state.npz,Selected sequence native/operator/regional/material identity or recipe,FILE,127426,037ff8c3c5301c60f4388e4a2744a5f0ca4da1e63ffbbbc492e5bd6f96eefc95,
DATA,E:/CHESHIRE_DATA,task36/candidates/U01_INTERVAL_SAFE_G8/G5_PRE/quad_state.npz,E:/CHESHIRE_DATA/task36/candidates/U01_INTERVAL_SAFE_G8/G5_PRE/quad_state.npz,Selected sequence native/operator/regional/material identity or recipe,FILE,152708,45a9ce3d20d4451f1f4f10679a083333416a75236c38f902ba395e476298af7b,
DATA,E:/CHESHIRE_DATA,task36/candidates/U01_INTERVAL_SAFE_G8/G6_FOLD/identity.json,E:/CHESHIRE_DATA/task36/candidates/U01_INTERVAL_SAFE_G8/G6_FOLD/identity.json,Selected sequence native/operator/regional/material identity or recipe,FILE,355,f3a70ae5fad55083f933c7f7366650a9fec402d473b4c1ee5da20ca68b5309b8,
DATA,E:/CHESHIRE_DATA,task36/candidates/U01_INTERVAL_SAFE_G8/G6_FOLD/mesh.npz,E:/CHESHIRE_DATA/task36/candidates/U01_INTERVAL_SAFE_G8/G6_FOLD/mesh.npz,Selected sequence native/operator/regional/material identity or recipe,FILE,1824336,5a4eb226e1bc97512657702a1e8bb1d92d740da2033ec93e413a7a7348bee517,
DATA,E:/CHESHIRE_DATA,task36/candidates/U01_INTERVAL_SAFE_G8/G6_FOLD/operator_state.npz,E:/CHESHIRE_DATA/task36/candidates/U01_INTERVAL_SAFE_G8/G6_FOLD/operator_state.npz,Selected sequence native/operator/regional/material identity or recipe,FILE,1801560,ad1956b42652d441715bc7f44bb668d9bd808f25a20127588f7244fe46e3f5ad,
DATA,E:/CHESHIRE_DATA,task36/candidates/U01_INTERVAL_SAFE_G8/G6_FOLD/quad_state.npz,E:/CHESHIRE_DATA/task36/candidates/U01_INTERVAL_SAFE_G8/G6_FOLD/quad_state.npz,Selected sequence native/operator/regional/material identity or recipe,FILE,643812,b92080dd42cf643116b32a203e0f628028db88a7d034925d1f0737be54bb6d23,
DATA,E:/CHESHIRE_DATA,task36/candidates/U01_INTERVAL_SAFE_G8/G6_PRE/identity.json,E:/CHESHIRE_DATA/task36/candidates/U01_INTERVAL_SAFE_G8/G6_PRE/identity.json,Selected sequence native/operator/regional/material identity or recipe,FILE,355,7c667ed14381715a96767be685a1896d09a3697afff592523924ef100c8c746a,
DATA,E:/CHESHIRE_DATA,task36/candidates/U01_INTERVAL_SAFE_G8/G6_PRE/mesh.npz,E:/CHESHIRE_DATA/task36/candidates/U01_INTERVAL_SAFE_G8/G6_PRE/mesh.npz,Selected sequence native/operator/regional/material identity or recipe,FILE,1799801,68a7125d2fc6cd4f102547de24a8a95bfce9a947a02073ee144405888aedbe5a,
DATA,E:/CHESHIRE_DATA,task36/candidates/U01_INTERVAL_SAFE_G8/G6_PRE/operator_state.npz,E:/CHESHIRE_DATA/task36/candidates/U01_INTERVAL_SAFE_G8/G6_PRE/operator_state.npz,Selected sequence native/operator/regional/material identity or recipe,FILE,525592,0d9994f88f4fdcff0c6f1d29396c87f1bb989920f10be4dd233b301e4369b282,
DATA,E:/CHESHIRE_DATA,task36/candidates/U01_INTERVAL_SAFE_G8/G6_PRE/quad_state.npz,E:/CHESHIRE_DATA/task36/candidates/U01_INTERVAL_SAFE_G8/G6_PRE/quad_state.npz,Selected sequence native/operator/regional/material identity or recipe,FILE,634827,bf281748df9d6068e00a3244aa85b3d830b63919b378e9124d4196c0113f5170,
DATA,E:/CHESHIRE_DATA,task36/candidates/U01_INTERVAL_SAFE_G8/G7_FOLD/identity.json,E:/CHESHIRE_DATA/task36/candidates/U01_INTERVAL_SAFE_G8/G7_FOLD/identity.json,Selected sequence native/operator/regional/material identity or recipe,FILE,355,0579d5de64b3e80ca16f9296066fff0d7c457ed40b31826e91bd90e381fd741a,
DATA,E:/CHESHIRE_DATA,task36/candidates/U01_INTERVAL_SAFE_G8/G7_FOLD/mesh.npz,E:/CHESHIRE_DATA/task36/candidates/U01_INTERVAL_SAFE_G8/G7_FOLD/mesh.npz,Selected sequence native/operator/regional/material identity or recipe,FILE,8686211,e03546e0cce0745cc46e04fbe4c1bd8d491fac8acb7967c30c806342bc332f91,
DATA,E:/CHESHIRE_DATA,task36/candidates/U01_INTERVAL_SAFE_G8/G7_FOLD/operator_state.npz,E:/CHESHIRE_DATA/task36/candidates/U01_INTERVAL_SAFE_G8/G7_FOLD/operator_state.npz,Selected sequence native/operator/regional/material identity or recipe,FILE,9756157,26116a84e329d9cb4367e005652de837bb1b0773596332dcf97044f5e51d6798,
DATA,E:/CHESHIRE_DATA,task36/candidates/U01_INTERVAL_SAFE_G8/G7_FOLD/quad_state.npz,E:/CHESHIRE_DATA/task36/candidates/U01_INTERVAL_SAFE_G8/G7_FOLD/quad_state.npz,Selected sequence native/operator/regional/material identity or recipe,FILE,2964428,020ca7096785d0b790c6cc988a11063d1fdb82621b0bdac244a77fd82220b76f,
DATA,E:/CHESHIRE_DATA,task36/candidates/U01_INTERVAL_SAFE_G8/G7_PRE/identity.json,E:/CHESHIRE_DATA/task36/candidates/U01_INTERVAL_SAFE_G8/G7_PRE/identity.json,Selected sequence native/operator/regional/material identity or recipe,FILE,355,c31359e64a5e6fe8621520b8bb12bb7ec33dc37b05c685295bede7d3a5c9b14b,
DATA,E:/CHESHIRE_DATA,task36/candidates/U01_INTERVAL_SAFE_G8/G7_PRE/mesh.npz,E:/CHESHIRE_DATA/task36/candidates/U01_INTERVAL_SAFE_G8/G7_PRE/mesh.npz,Selected sequence native/operator/regional/material identity or recipe,FILE,8630997,c053ca1a0d636cfdccee15f1e54079d2beb807ae3e8122d59ca6af658f6ce3c9,
DATA,E:/CHESHIRE_DATA,task36/candidates/U01_INTERVAL_SAFE_G8/G7_PRE/operator_state.npz,E:/CHESHIRE_DATA/task36/candidates/U01_INTERVAL_SAFE_G8/G7_PRE/operator_state.npz,Selected sequence native/operator/regional/material identity or recipe,FILE,2748113,250c8de9f27d9b2e0e28a37ae31a0fad057f6d7814add320808b1b6da48415a2,
DATA,E:/CHESHIRE_DATA,task36/candidates/U01_INTERVAL_SAFE_G8/G7_PRE/quad_state.npz,E:/CHESHIRE_DATA/task36/candidates/U01_INTERVAL_SAFE_G8/G7_PRE/quad_state.npz,Selected sequence native/operator/regional/material identity or recipe,FILE,2926809,3f4fbd660fdea4bd404891e7be4b490a64e388099ced883475c4dd8edbc8239c,
DATA,E:/CHESHIRE_DATA,task36/candidates/U01_INTERVAL_SAFE_G8/G8_FOLD/identity.json,E:/CHESHIRE_DATA/task36/candidates/U01_INTERVAL_SAFE_G8/G8_FOLD/identity.json,Selected sequence native/operator/regional/material identity or recipe,FILE,355,c00ecb4d300acebac5da3308a7ca724c82c202826171c85f4d46dc21f7fb03bd,
DATA,E:/CHESHIRE_DATA,task36/candidates/U01_INTERVAL_SAFE_G8/G8_FOLD/mesh.npz,E:/CHESHIRE_DATA/task36/candidates/U01_INTERVAL_SAFE_G8/G8_FOLD/mesh.npz,Selected sequence native/operator/regional/material identity or recipe,FILE,36744662,6644cf01bd3e48ee015e7dabed89a700cf366c088e63951b1b5a5c97306a5478,
DATA,E:/CHESHIRE_DATA,task36/candidates/U01_INTERVAL_SAFE_G8/G8_FOLD/operator_state.npz,E:/CHESHIRE_DATA/task36/candidates/U01_INTERVAL_SAFE_G8/G8_FOLD/operator_state.npz,Selected sequence native/operator/regional/material identity or recipe,FILE,51280148,da03a60e69699f3132bb2d2da02028dac31b33ce80472fc12848da904d8a19ef,
DATA,E:/CHESHIRE_DATA,task36/candidates/U01_INTERVAL_SAFE_G8/G8_FOLD/quad_state.npz,E:/CHESHIRE_DATA/task36/candidates/U01_INTERVAL_SAFE_G8/G8_FOLD/quad_state.npz,Selected sequence native/operator/regional/material identity or recipe,FILE,13695895,577c2ecafdc35ce3f840be148ac2a9362ebff88073bb76e3155f7c3b3e7041e5,
DATA,E:/CHESHIRE_DATA,task36/candidates/U01_INTERVAL_SAFE_G8/G8_PRE/identity.json,E:/CHESHIRE_DATA/task36/candidates/U01_INTERVAL_SAFE_G8/G8_PRE/identity.json,Selected sequence native/operator/regional/material identity or recipe,FILE,355,504cb2c7cf15360d194a2145785d10f297ff3c1927db24097b2a56b870841d0b,
DATA,E:/CHESHIRE_DATA,task36/candidates/U01_INTERVAL_SAFE_G8/G8_PRE/mesh.npz,E:/CHESHIRE_DATA/task36/candidates/U01_INTERVAL_SAFE_G8/G8_PRE/mesh.npz,Selected sequence native/operator/regional/material identity or recipe,FILE,36622243,75d9e10139ad070f8bea77769b9d26a2d49318af68209f4342446d34ee5d288e,
DATA,E:/CHESHIRE_DATA,task36/candidates/U01_INTERVAL_SAFE_G8/G8_PRE/operator_state.npz,E:/CHESHIRE_DATA/task36/candidates/U01_INTERVAL_SAFE_G8/G8_PRE/operator_state.npz,Selected sequence native/operator/regional/material identity or recipe,FILE,14434096,83a581275e0e5758c0f976b78638f92b8759397e0f3a68c40abbcb5f76f1025c,
DATA,E:/CHESHIRE_DATA,task36/candidates/U01_INTERVAL_SAFE_G8/G8_PRE/quad_state.npz,E:/CHESHIRE_DATA/task36/candidates/U01_INTERVAL_SAFE_G8/G8_PRE/quad_state.npz,Selected sequence native/operator/regional/material identity or recipe,FILE,13602317,d05c20574475978794414cc2e29a2e3b5974d8ea2220e6fe75cc29d0dbc2d217,
DATA,E:/CHESHIRE_DATA,task36/candidates/U01_INTERVAL_SAFE_G8/request.json,E:/CHESHIRE_DATA/task36/candidates/U01_INTERVAL_SAFE_G8/request.json,Selected sequence native/operator/regional/material identity or recipe,FILE,705,c0034afc7d007b216cf4756ce31cf58f2b14dfc28db6902626f4d96491aa9729,
DATA,E:/CHESHIRE_DATA,task36/candidates/U01_INTERVAL_SAFE_G8/revision.json,E:/CHESHIRE_DATA/task36/candidates/U01_INTERVAL_SAFE_G8/revision.json,Selected sequence native/operator/regional/material identity or recipe,FILE,463,4cb4a71d3658b6b0b7c42d821d872d412a24d7ef18b467795b5e2af7b2b93258,
DATA,E:/CHESHIRE_DATA,task36/candidates/U01_INTERVAL_SAFE_G8/source_identity.json,E:/CHESHIRE_DATA/task36/candidates/U01_INTERVAL_SAFE_G8/source_identity.json,Selected sequence native/operator/regional/material identity or recipe,FILE,1424,bc6ae7d1df9493ba055677ca78e585d4579f3ba4a8f190bcac87172aa159ef91,
DATA,E:/CHESHIRE_DATA,task36/candidates/W03_BODY_RECURSIVE_G8,E:/CHESHIRE_DATA/task36/candidates/W03_BODY_RECURSIVE_G8,Selected complete native generation sequence; checkpoint includes more than OBJ,DIRECTORY,,,
DATA,E:/CHESHIRE_DATA,task36/candidates/W03_BODY_RECURSIVE_G8/completed.json,E:/CHESHIRE_DATA/task36/candidates/W03_BODY_RECURSIVE_G8/completed.json,Selected sequence native/operator/regional/material identity or recipe,FILE,15379,08fb943acaac14676b5739115e0d2d190fc7e5d5e0a048bd1df54413f65375d3,
DATA,E:/CHESHIRE_DATA,task36/candidates/W03_BODY_RECURSIVE_G8/G0_CARRIER/identity.json,E:/CHESHIRE_DATA/task36/candidates/W03_BODY_RECURSIVE_G8/G0_CARRIER/identity.json,Selected sequence native/operator/regional/material identity or recipe,FILE,262,a8d21ad7f78f10514cab410abe99b2c3ffdd4c645fbe74bed4992a76934269d1,
DATA,E:/CHESHIRE_DATA,task36/candidates/W03_BODY_RECURSIVE_G8/G0_CARRIER/mesh.npz,E:/CHESHIRE_DATA/task36/candidates/W03_BODY_RECURSIVE_G8/G0_CARRIER/mesh.npz,Selected sequence native/operator/regional/material identity or recipe,FILE,1529,3cc7133b38d1d879b87ee79b6571011123ad47ae8a52267a043069a2739a83ba,
DATA,E:/CHESHIRE_DATA,task36/candidates/W03_BODY_RECURSIVE_G8/G0_CARRIER/quad_state.npz,E:/CHESHIRE_DATA/task36/candidates/W03_BODY_RECURSIVE_G8/G0_CARRIER/quad_state.npz,Selected sequence native/operator/regional/material identity or recipe,FILE,1532,dcfb48717180ea0d2d5acc525f943fc8b1b02cf9b1c7fd868346f4136a3420e0,
DATA,E:/CHESHIRE_DATA,task36/candidates/W03_BODY_RECURSIVE_G8/G1_FOLD/identity.json,E:/CHESHIRE_DATA/task36/candidates/W03_BODY_RECURSIVE_G8/G1_FOLD/identity.json,Selected sequence native/operator/regional/material identity or recipe,FILE,355,8ef14849a84804bf411a23cf69000f86d4e601431c060c432d972f43a9602a89,
DATA,E:/CHESHIRE_DATA,task36/candidates/W03_BODY_RECURSIVE_G8/G1_FOLD/mesh.npz,E:/CHESHIRE_DATA/task36/candidates/W03_BODY_RECURSIVE_G8/G1_FOLD/mesh.npz,Selected sequence native/operator/regional/material identity or recipe,FILE,2455,a1c45db4225581afef069c737f2911aa2e92abf1552909891f03ee0fdc610ede,
DATA,E:/CHESHIRE_DATA,task36/candidates/W03_BODY_RECURSIVE_G8/G1_FOLD/operator_state.npz,E:/CHESHIRE_DATA/task36/candidates/W03_BODY_RECURSIVE_G8/G1_FOLD/operator_state.npz,Selected sequence native/operator/regional/material identity or recipe,FILE,7509,8e2e81b08d995cf0e0d0874495c8fd05f811391cc0925c3c62cf17c131af8c28,
DATA,E:/CHESHIRE_DATA,task36/candidates/W03_BODY_RECURSIVE_G8/G1_FOLD/quad_state.npz,E:/CHESHIRE_DATA/task36/candidates/W03_BODY_RECURSIVE_G8/G1_FOLD/quad_state.npz,Selected sequence native/operator/regional/material identity or recipe,FILE,1972,d6e8bee68975fb1b1cb5a03590813fd3e7de4d709a7f9a9adaf2785919cd0985,
DATA,E:/CHESHIRE_DATA,task36/candidates/W03_BODY_RECURSIVE_G8/G1_PRE/identity.json,E:/CHESHIRE_DATA/task36/candidates/W03_BODY_RECURSIVE_G8/G1_PRE/identity.json,Selected sequence native/operator/regional/material identity or recipe,FILE,355,d67b55b1ec7897f6caee0340e9ad655c7a9421110f003f8492e739741caa880d,
DATA,E:/CHESHIRE_DATA,task36/candidates/W03_BODY_RECURSIVE_G8/G1_PRE/mesh.npz,E:/CHESHIRE_DATA/task36/candidates/W03_BODY_RECURSIVE_G8/G1_PRE/mesh.npz,Selected sequence native/operator/regional/material identity or recipe,FILE,2329,cbc1d072b7772c2ffa4beaba27b959d19bf512d011197764e5fada2501442d00,
DATA,E:/CHESHIRE_DATA,task36/candidates/W03_BODY_RECURSIVE_G8/G1_PRE/operator_state.npz,E:/CHESHIRE_DATA/task36/candidates/W03_BODY_RECURSIVE_G8/G1_PRE/operator_state.npz,Selected sequence native/operator/regional/material identity or recipe,FILE,4948,72cbaa0896ccab05046360ab23051983aad7888e967764cf42ca07d71300636a,
DATA,E:/CHESHIRE_DATA,task36/candidates/W03_BODY_RECURSIVE_G8/G1_PRE/quad_state.npz,E:/CHESHIRE_DATA/task36/candidates/W03_BODY_RECURSIVE_G8/G1_PRE/quad_state.npz,Selected sequence native/operator/regional/material identity or recipe,FILE,1897,ffb4269aea981a3dd4a922899700e44a6a39ec2df5d672ed3685807c8377ebc6,
DATA,E:/CHESHIRE_DATA,task36/candidates/W03_BODY_RECURSIVE_G8/G2_FOLD/identity.json,E:/CHESHIRE_DATA/task36/candidates/W03_BODY_RECURSIVE_G8/G2_FOLD/identity.json,Selected sequence native/operator/regional/material identity or recipe,FILE,355,ffa997475df16ef635f6f14f86813d788fa31a6374fbb26c7fa2549844fd38ea,
DATA,E:/CHESHIRE_DATA,task36/candidates/W03_BODY_RECURSIVE_G8/G2_FOLD/mesh.npz,E:/CHESHIRE_DATA/task36/candidates/W03_BODY_RECURSIVE_G8/G2_FOLD/mesh.npz,Selected sequence native/operator/regional/material identity or recipe,FILE,6180,1c1c9ab53fb37d6275e6dc7974bc4a9218fd8f1a09c64c9eddf9c7a75ba2326f,
DATA,E:/CHESHIRE_DATA,task36/candidates/W03_BODY_RECURSIVE_G8/G2_FOLD/operator_state.npz,E:/CHESHIRE_DATA/task36/candidates/W03_BODY_RECURSIVE_G8/G2_FOLD/operator_state.npz,Selected sequence native/operator/regional/material identity or recipe,FILE,11353,d073dcc208d47728d0138a755276d72d2638103eac0eb249f495aef9fc8eb959,
DATA,E:/CHESHIRE_DATA,task36/candidates/W03_BODY_RECURSIVE_G8/G2_FOLD/quad_state.npz,E:/CHESHIRE_DATA/task36/candidates/W03_BODY_RECURSIVE_G8/G2_FOLD/quad_state.npz,Selected sequence native/operator/regional/material identity or recipe,FILE,3594,e1f3e60b5528c03cf9342a2b6b2097b0c47ba8067f2e258c33ebe41c87e01507,
DATA,E:/CHESHIRE_DATA,task36/candidates/W03_BODY_RECURSIVE_G8/G2_PRE/identity.json,E:/CHESHIRE_DATA/task36/candidates/W03_BODY_RECURSIVE_G8/G2_PRE/identity.json,Selected sequence native/operator/regional/material identity or recipe,FILE,355,424324122d6b0d9047d926cf35bdd9c463e464ed1cbf81b9f12f4b94132af804,
DATA,E:/CHESHIRE_DATA,task36/candidates/W03_BODY_RECURSIVE_G8/G2_PRE/mesh.npz,E:/CHESHIRE_DATA/task36/candidates/W03_BODY_RECURSIVE_G8/G2_PRE/mesh.npz,Selected sequence native/operator/regional/material identity or recipe,FILE,5927,f16cad893606fc4e399cde30a82414a3bedcf84b83219d61bf3ece97e53166d7,
DATA,E:/CHESHIRE_DATA,task36/candidates/W03_BODY_RECURSIVE_G8/G2_PRE/operator_state.npz,E:/CHESHIRE_DATA/task36/candidates/W03_BODY_RECURSIVE_G8/G2_PRE/operator_state.npz,Selected sequence native/operator/regional/material identity or recipe,FILE,6331,ff96ce030aa15aa84d8b870de767de3e45a41a24621615069454f775ce19f599,
DATA,E:/CHESHIRE_DATA,task36/candidates/W03_BODY_RECURSIVE_G8/G2_PRE/quad_state.npz,E:/CHESHIRE_DATA/task36/candidates/W03_BODY_RECURSIVE_G8/G2_PRE/quad_state.npz,Selected sequence native/operator/regional/material identity or recipe,FILE,3430,135ff8527e07bd0f433dd1e691e3a7876b7a9ffc5f2c56084b42ba7da62216fc,
DATA,E:/CHESHIRE_DATA,task36/candidates/W03_BODY_RECURSIVE_G8/G3_FOLD/identity.json,E:/CHESHIRE_DATA/task36/candidates/W03_BODY_RECURSIVE_G8/G3_FOLD/identity.json,Selected sequence native/operator/regional/material identity or recipe,FILE,355,9c22b85a534ee6ce64efd0883592bac43b56a627d669c1f362a786d380f72957,
DATA,E:/CHESHIRE_DATA,task36/candidates/W03_BODY_RECURSIVE_G8/G3_FOLD/mesh.npz,E:/CHESHIRE_DATA/task36/candidates/W03_BODY_RECURSIVE_G8/G3_FOLD/mesh.npz,Selected sequence native/operator/regional/material identity or recipe,FILE,22477,2bb48a8e31b591f0aea95e40bce17a41f2790d501a44e1c07e17a740e5ca829d,
DATA,E:/CHESHIRE_DATA,task36/candidates/W03_BODY_RECURSIVE_G8/G3_FOLD/operator_state.npz,E:/CHESHIRE_DATA/task36/candidates/W03_BODY_RECURSIVE_G8/G3_FOLD/operator_state.npz,Selected sequence native/operator/regional/material identity or recipe,FILE,26605,09e4fb0d981d0c4a3be48d4a866b1f7d3ea08a60986cfce05ff05a26190e975a,
DATA,E:/CHESHIRE_DATA,task36/candidates/W03_BODY_RECURSIVE_G8/G3_FOLD/quad_state.npz,E:/CHESHIRE_DATA/task36/candidates/W03_BODY_RECURSIVE_G8/G3_FOLD/quad_state.npz,Selected sequence native/operator/regional/material identity or recipe,FILE,10400,c74a003009f86615edb1f2d572bdf0255ec2a36ebe49c51e064f0ab08afd9356,
DATA,E:/CHESHIRE_DATA,task36/candidates/W03_BODY_RECURSIVE_G8/G3_PRE/identity.json,E:/CHESHIRE_DATA/task36/candidates/W03_BODY_RECURSIVE_G8/G3_PRE/identity.json,Selected sequence native/operator/regional/material identity or recipe,FILE,355,e7c66b240d43db49aa893ae531bbf7d8bb9498bc77f7c3a86849d9a3a5ec418c,
DATA,E:/CHESHIRE_DATA,task36/candidates/W03_BODY_RECURSIVE_G8/G3_PRE/mesh.npz,E:/CHESHIRE_DATA/task36/candidates/W03_BODY_RECURSIVE_G8/G3_PRE/mesh.npz,Selected sequence native/operator/regional/material identity or recipe,FILE,21971,b3704c80c1e87d550e68479044f1b9b163d4cddc569afaf26862094720dc8d1b,
DATA,E:/CHESHIRE_DATA,task36/candidates/W03_BODY_RECURSIVE_G8/G3_PRE/operator_state.npz,E:/CHESHIRE_DATA/task36/candidates/W03_BODY_RECURSIVE_G8/G3_PRE/operator_state.npz,Selected sequence native/operator/regional/material identity or recipe,FILE,11583,c5ef2c6837f68226803021899d9a7fb9d91c2cbb2d2f2c6bcbba9c881288b1a7,
DATA,E:/CHESHIRE_DATA,task36/candidates/W03_BODY_RECURSIVE_G8/G3_PRE/quad_state.npz,E:/CHESHIRE_DATA/task36/candidates/W03_BODY_RECURSIVE_G8/G3_PRE/quad_state.npz,Selected sequence native/operator/regional/material identity or recipe,FILE,10088,74f53e8ccaffcf6b357189b0ea24fb811b5b87d8634a397d88c2e4b994564543,
DATA,E:/CHESHIRE_DATA,task36/candidates/W03_BODY_RECURSIVE_G8/G4_FOLD/identity.json,E:/CHESHIRE_DATA/task36/candidates/W03_BODY_RECURSIVE_G8/G4_FOLD/identity.json,Selected sequence native/operator/regional/material identity or recipe,FILE,355,9f1158e7e4fb6847910bbe442082a0c794fd0b186e569aff77fd37f1fc29fcac,
DATA,E:/CHESHIRE_DATA,task36/candidates/W03_BODY_RECURSIVE_G8/G4_FOLD/mesh.npz,E:/CHESHIRE_DATA/task36/candidates/W03_BODY_RECURSIVE_G8/G4_FOLD/mesh.npz,Selected sequence native/operator/regional/material identity or recipe,FILE,90289,7dcf50c32823e6c0d6eb604c9b885c9f458499f56759782404cf41082f7b777f,
DATA,E:/CHESHIRE_DATA,task36/candidates/W03_BODY_RECURSIVE_G8/G4_FOLD/operator_state.npz,E:/CHESHIRE_DATA/task36/candidates/W03_BODY_RECURSIVE_G8/G4_FOLD/operator_state.npz,Selected sequence native/operator/regional/material identity or recipe,FILE,89861,de246596e0cbed1bfc0773eae584fa79183c4c5e61efecb38eda7d648aa8eda9,
DATA,E:/CHESHIRE_DATA,task36/candidates/W03_BODY_RECURSIVE_G8/G4_FOLD/quad_state.npz,E:/CHESHIRE_DATA/task36/candidates/W03_BODY_RECURSIVE_G8/G4_FOLD/quad_state.npz,Selected sequence native/operator/regional/material identity or recipe,FILE,38734,f0c0dc2d0483bf4184bf17c3789b2988a790355ef1ca0a920a11debe881d3558,
DATA,E:/CHESHIRE_DATA,task36/candidates/W03_BODY_RECURSIVE_G8/G4_PRE/identity.json,E:/CHESHIRE_DATA/task36/candidates/W03_BODY_RECURSIVE_G8/G4_PRE/identity.json,Selected sequence native/operator/regional/material identity or recipe,FILE,355,4e3f2f8e41a6927a11c95cab4af8d1cd856559da454e36a80c7164bb880b44d6,
DATA,E:/CHESHIRE_DATA,task36/candidates/W03_BODY_RECURSIVE_G8/G4_PRE/mesh.npz,E:/CHESHIRE_DATA/task36/candidates/W03_BODY_RECURSIVE_G8/G4_PRE/mesh.npz,Selected sequence native/operator/regional/material identity or recipe,FILE,88614,e24ff897d34dc1554a659fe8e0e6237802c3d87ead42a038205cb555bebef76f,
DATA,E:/CHESHIRE_DATA,task36/candidates/W03_BODY_RECURSIVE_G8/G4_PRE/operator_state.npz,E:/CHESHIRE_DATA/task36/candidates/W03_BODY_RECURSIVE_G8/G4_PRE/operator_state.npz,Selected sequence native/operator/regional/material identity or recipe,FILE,33556,4c61a591d8170722240dea275694ab1b25f9b3f7067b0ed94d2591a5a7e77218,
DATA,E:/CHESHIRE_DATA,task36/candidates/W03_BODY_RECURSIVE_G8/G4_PRE/quad_state.npz,E:/CHESHIRE_DATA/task36/candidates/W03_BODY_RECURSIVE_G8/G4_PRE/quad_state.npz,Selected sequence native/operator/regional/material identity or recipe,FILE,37669,1326d10778e9358782df25d885b933bcb6efd6213a88b7f6751bc3ce738a5f43,
DATA,E:/CHESHIRE_DATA,task36/candidates/W03_BODY_RECURSIVE_G8/G5_FOLD/identity.json,E:/CHESHIRE_DATA/task36/candidates/W03_BODY_RECURSIVE_G8/G5_FOLD/identity.json,Selected sequence native/operator/regional/material identity or recipe,FILE,355,ec6f08c9fa9882a26bd33390d829fcf7217f1e659520c4d79104fa138b4b5809,
DATA,E:/CHESHIRE_DATA,task36/candidates/W03_BODY_RECURSIVE_G8/G5_FOLD/mesh.npz,E:/CHESHIRE_DATA/task36/candidates/W03_BODY_RECURSIVE_G8/G5_FOLD/mesh.npz,Selected sequence native/operator/regional/material identity or recipe,FILE,374281,826bc2c9d7ef6e04bed2e31ffb015abaf5c920610a74dd6fffad4eae3c9ca76f,
DATA,E:/CHESHIRE_DATA,task36/candidates/W03_BODY_RECURSIVE_G8/G5_FOLD/operator_state.npz,E:/CHESHIRE_DATA/task36/candidates/W03_BODY_RECURSIVE_G8/G5_FOLD/operator_state.npz,Selected sequence native/operator/regional/material identity or recipe,FILE,418358,d6f408d3483a0c3fd85127d46da04865acba4f6c09c73a8423048e0a4b102a0b,
DATA,E:/CHESHIRE_DATA,task36/candidates/W03_BODY_RECURSIVE_G8/G5_FOLD/quad_state.npz,E:/CHESHIRE_DATA/task36/candidates/W03_BODY_RECURSIVE_G8/G5_FOLD/quad_state.npz,Selected sequence native/operator/regional/material identity or recipe,FILE,155731,e91896ed51c7558eec7236280a57bf5e2173c17d5410ce8b6f6427eb009334e6,
DATA,E:/CHESHIRE_DATA,task36/candidates/W03_BODY_RECURSIVE_G8/G5_PRE/identity.json,E:/CHESHIRE_DATA/task36/candidates/W03_BODY_RECURSIVE_G8/G5_PRE/identity.json,Selected sequence native/operator/regional/material identity or recipe,FILE,355,48af578f6a77cab35a584946b641df53ab94a778ddd9c433f90a251b547c15aa,
DATA,E:/CHESHIRE_DATA,task36/candidates/W03_BODY_RECURSIVE_G8/G5_PRE/mesh.npz,E:/CHESHIRE_DATA/task36/candidates/W03_BODY_RECURSIVE_G8/G5_PRE/mesh.npz,Selected sequence native/operator/regional/material identity or recipe,FILE,369410,75ad2367d04e3ec3a7a79195b5570e528ae9c1b2609467751bfeda3048e7d2b8,
DATA,E:/CHESHIRE_DATA,task36/candidates/W03_BODY_RECURSIVE_G8/G5_PRE/operator_state.npz,E:/CHESHIRE_DATA/task36/candidates/W03_BODY_RECURSIVE_G8/G5_PRE/operator_state.npz,Selected sequence native/operator/regional/material identity or recipe,FILE,125018,800351b9dd499117755583c90f4cc9f7f67982f000142cf59d440ba1214370d9,
DATA,E:/CHESHIRE_DATA,task36/candidates/W03_BODY_RECURSIVE_G8/G5_PRE/quad_state.npz,E:/CHESHIRE_DATA/task36/candidates/W03_BODY_RECURSIVE_G8/G5_PRE/quad_state.npz,Selected sequence native/operator/regional/material identity or recipe,FILE,152901,707f2a5e6bc266f7240dc38dcfa4fa5e3f1e367508b8d0c06c64f0049d0faa14,
DATA,E:/CHESHIRE_DATA,task36/candidates/W03_BODY_RECURSIVE_G8/G6_FOLD/identity.json,E:/CHESHIRE_DATA/task36/candidates/W03_BODY_RECURSIVE_G8/G6_FOLD/identity.json,Selected sequence native/operator/regional/material identity or recipe,FILE,355,1a0103293349ef5cf121bc34f286675bc15bb7ab0880da8a4209afd31ba93ef1,
DATA,E:/CHESHIRE_DATA,task36/candidates/W03_BODY_RECURSIVE_G8/G6_FOLD/mesh.npz,E:/CHESHIRE_DATA/task36/candidates/W03_BODY_RECURSIVE_G8/G6_FOLD/mesh.npz,Selected sequence native/operator/regional/material identity or recipe,FILE,1827132,f405ce530ab61cd29fc68d8fc5a04085ab3d5da8904dbf2ffef3165e5d8b0729,
DATA,E:/CHESHIRE_DATA,task36/candidates/W03_BODY_RECURSIVE_G8/G6_FOLD/operator_state.npz,E:/CHESHIRE_DATA/task36/candidates/W03_BODY_RECURSIVE_G8/G6_FOLD/operator_state.npz,Selected sequence native/operator/regional/material identity or recipe,FILE,1800220,1df49563ec1ecd3e03998c393b3554d4a4e88d894a69e58792b2c0bd40fa400a,
DATA,E:/CHESHIRE_DATA,task36/candidates/W03_BODY_RECURSIVE_G8/G6_FOLD/quad_state.npz,E:/CHESHIRE_DATA/task36/candidates/W03_BODY_RECURSIVE_G8/G6_FOLD/quad_state.npz,Selected sequence native/operator/regional/material identity or recipe,FILE,646294,c0c29bb7bc9d788a87c3e8fba10b09bfd77c034e700993e2646ff97b0eb02185,
DATA,E:/CHESHIRE_DATA,task36/candidates/W03_BODY_RECURSIVE_G8/G6_PRE/identity.json,E:/CHESHIRE_DATA/task36/candidates/W03_BODY_RECURSIVE_G8/G6_PRE/identity.json,Selected sequence native/operator/regional/material identity or recipe,FILE,355,2a1ab38f5e903db8f069c01cd1b4196a45e6c5e4a0e64e122e5ac6f07203f2d1,
DATA,E:/CHESHIRE_DATA,task36/candidates/W03_BODY_RECURSIVE_G8/G6_PRE/mesh.npz,E:/CHESHIRE_DATA/task36/candidates/W03_BODY_RECURSIVE_G8/G6_PRE/mesh.npz,Selected sequence native/operator/regional/material identity or recipe,FILE,1804066,645df036a72a8fcd08fd515045c25cfba0cdc2f0b9f066d8c847a13f38a8acb8,
DATA,E:/CHESHIRE_DATA,task36/candidates/W03_BODY_RECURSIVE_G8/G6_PRE/operator_state.npz,E:/CHESHIRE_DATA/task36/candidates/W03_BODY_RECURSIVE_G8/G6_PRE/operator_state.npz,Selected sequence native/operator/regional/material identity or recipe,FILE,511244,cc513792985a9044929cf2a8dbdb12ffb049323dc16682bc0705c1896417c18f,
DATA,E:/CHESHIRE_DATA,task36/candidates/W03_BODY_RECURSIVE_G8/G6_PRE/quad_state.npz,E:/CHESHIRE_DATA/task36/candidates/W03_BODY_RECURSIVE_G8/G6_PRE/quad_state.npz,Selected sequence native/operator/regional/material identity or recipe,FILE,634715,5864967721f9b45c61927eace9212f1983ebdd82a245df7dfcc51f6cb496e20e,
DATA,E:/CHESHIRE_DATA,task36/candidates/W03_BODY_RECURSIVE_G8/G7_FOLD/identity.json,E:/CHESHIRE_DATA/task36/candidates/W03_BODY_RECURSIVE_G8/G7_FOLD/identity.json,Selected sequence native/operator/regional/material identity or recipe,FILE,355,7395cee615d1e844af2eb3dd585e3889d1561cbf2dc59e6052967685308dbf46,
DATA,E:/CHESHIRE_DATA,task36/candidates/W03_BODY_RECURSIVE_G8/G7_FOLD/mesh.npz,E:/CHESHIRE_DATA/task36/candidates/W03_BODY_RECURSIVE_G8/G7_FOLD/mesh.npz,Selected sequence native/operator/regional/material identity or recipe,FILE,8677077,89b8372fb6c24c46c05719590ac7d966b6ed56e9f1da9a15abc4d0b550e98340,
DATA,E:/CHESHIRE_DATA,task36/candidates/W03_BODY_RECURSIVE_G8/G7_FOLD/operator_state.npz,E:/CHESHIRE_DATA/task36/candidates/W03_BODY_RECURSIVE_G8/G7_FOLD/operator_state.npz,Selected sequence native/operator/regional/material identity or recipe,FILE,9767998,9ad4f366adbe4b08cd986f56bbec63ca2f5d023269f172a12af0115ab0df953c,
DATA,E:/CHESHIRE_DATA,task36/candidates/W03_BODY_RECURSIVE_G8/G7_FOLD/quad_state.npz,E:/CHESHIRE_DATA/task36/candidates/W03_BODY_RECURSIVE_G8/G7_FOLD/quad_state.npz,Selected sequence native/operator/regional/material identity or recipe,FILE,2976837,884bc44c30300cc6d3bac44bd0a93cc066dbfdb84c10dfeb9da1b701c2f5e104,
DATA,E:/CHESHIRE_DATA,task36/candidates/W03_BODY_RECURSIVE_G8/G7_PRE/identity.json,E:/CHESHIRE_DATA/task36/candidates/W03_BODY_RECURSIVE_G8/G7_PRE/identity.json,Selected sequence native/operator/regional/material identity or recipe,FILE,355,a72356cd25714e08f55bfd3a7f91fcedeec3b6e04d6f733eb7875591ac584145,
DATA,E:/CHESHIRE_DATA,task36/candidates/W03_BODY_RECURSIVE_G8/G7_PRE/mesh.npz,E:/CHESHIRE_DATA/task36/candidates/W03_BODY_RECURSIVE_G8/G7_PRE/mesh.npz,Selected sequence native/operator/regional/material identity or recipe,FILE,8613670,74979bf0eba6ed39024aceb5d0b7e93ecb740d9f3db2ab3a63875c3630669eb0,
DATA,E:/CHESHIRE_DATA,task36/candidates/W03_BODY_RECURSIVE_G8/G7_PRE/operator_state.npz,E:/CHESHIRE_DATA/task36/candidates/W03_BODY_RECURSIVE_G8/G7_PRE/operator_state.npz,Selected sequence native/operator/regional/material identity or recipe,FILE,2728402,51ea908d600dbb389a22b31d9f6ec85fe5ee3d2f5a65e05d111fe98e54a2f0cb,
DATA,E:/CHESHIRE_DATA,task36/candidates/W03_BODY_RECURSIVE_G8/G7_PRE/quad_state.npz,E:/CHESHIRE_DATA/task36/candidates/W03_BODY_RECURSIVE_G8/G7_PRE/quad_state.npz,Selected sequence native/operator/regional/material identity or recipe,FILE,2928370,b3882c3db6ac8ce93b7d2cc3ae10978a72e0abdbfe51cf0aeaa139827c6e74bf,
DATA,E:/CHESHIRE_DATA,task36/candidates/W03_BODY_RECURSIVE_G8/G8_FOLD/identity.json,E:/CHESHIRE_DATA/task36/candidates/W03_BODY_RECURSIVE_G8/G8_FOLD/identity.json,Selected sequence native/operator/regional/material identity or recipe,FILE,355,1806957b100fba5e3b9f023cd131bc8a23acd612f09f4c74516f32aa304329c4,
DATA,E:/CHESHIRE_DATA,task36/candidates/W03_BODY_RECURSIVE_G8/G8_FOLD/mesh.npz,E:/CHESHIRE_DATA/task36/candidates/W03_BODY_RECURSIVE_G8/G8_FOLD/mesh.npz,Selected sequence native/operator/regional/material identity or recipe,FILE,36623713,cbb05085da8f300db51eb8bcb0d1de399bd4f39de8b652842e2c030d488f50ee,
DATA,E:/CHESHIRE_DATA,task36/candidates/W03_BODY_RECURSIVE_G8/G8_FOLD/operator_state.npz,E:/CHESHIRE_DATA/task36/candidates/W03_BODY_RECURSIVE_G8/G8_FOLD/operator_state.npz,Selected sequence native/operator/regional/material identity or recipe,FILE,50998106,8e280ea50c2754d934661229fb595c331024c2b585c25c2985c194eb101d1edd,
DATA,E:/CHESHIRE_DATA,task36/candidates/W03_BODY_RECURSIVE_G8/G8_FOLD/quad_state.npz,E:/CHESHIRE_DATA/task36/candidates/W03_BODY_RECURSIVE_G8/G8_FOLD/quad_state.npz,Selected sequence native/operator/regional/material identity or recipe,FILE,13722702,80597d7c8bad53630cd1fb35eb25b001ad29de715c430e6039aeb31d880e2503,
DATA,E:/CHESHIRE_DATA,task36/candidates/W03_BODY_RECURSIVE_G8/G8_PRE/identity.json,E:/CHESHIRE_DATA/task36/candidates/W03_BODY_RECURSIVE_G8/G8_PRE/identity.json,Selected sequence native/operator/regional/material identity or recipe,FILE,355,93ff9c98fbcb6930becd96140b5c1e2975ddba8de0b370c532cd1b45ee8810d2,
DATA,E:/CHESHIRE_DATA,task36/candidates/W03_BODY_RECURSIVE_G8/G8_PRE/mesh.npz,E:/CHESHIRE_DATA/task36/candidates/W03_BODY_RECURSIVE_G8/G8_PRE/mesh.npz,Selected sequence native/operator/regional/material identity or recipe,FILE,36473709,09c22a3f3c006fbae136860ac985c1d2273befb02a8de18ba913333d1e95aff8,
DATA,E:/CHESHIRE_DATA,task36/candidates/W03_BODY_RECURSIVE_G8/G8_PRE/operator_state.npz,E:/CHESHIRE_DATA/task36/candidates/W03_BODY_RECURSIVE_G8/G8_PRE/operator_state.npz,Selected sequence native/operator/regional/material identity or recipe,FILE,14290262,3336b273024a9cbd601fadfb65640fe6753404af6ca31eb34c54a8826103850b,
DATA,E:/CHESHIRE_DATA,task36/candidates/W03_BODY_RECURSIVE_G8/G8_PRE/quad_state.npz,E:/CHESHIRE_DATA/task36/candidates/W03_BODY_RECURSIVE_G8/G8_PRE/quad_state.npz,Selected sequence native/operator/regional/material identity or recipe,FILE,13600085,4ec0e665fa4e7eede95f8b6eadde2b6dd1a52012bf3cc3ea36e1a7e498a80ae2,
DATA,E:/CHESHIRE_DATA,task36/candidates/W03_BODY_RECURSIVE_G8/request.json,E:/CHESHIRE_DATA/task36/candidates/W03_BODY_RECURSIVE_G8/request.json,Selected sequence native/operator/regional/material identity or recipe,FILE,735,7d1732eb7490ec646a428749785344bdbf0f69bd1d776c6b3bc6672960a5edd4,
DATA,E:/CHESHIRE_DATA,task36/candidates/W03_BODY_RECURSIVE_G8/revision.json,E:/CHESHIRE_DATA/task36/candidates/W03_BODY_RECURSIVE_G8/revision.json,Selected sequence native/operator/regional/material identity or recipe,FILE,759,17cdc4960c5cce53bed499cc32d0370287ab41fe9cdfb40ef8d8dbe07524955e,
DATA,E:/CHESHIRE_DATA,task36/candidates/W03_BODY_RECURSIVE_G8/source_identity.json,E:/CHESHIRE_DATA/task36/candidates/W03_BODY_RECURSIVE_G8/source_identity.json,Selected sequence native/operator/regional/material identity or recipe,FILE,1424,1bb4794cc7ec5309d3c68164a5ed4a58b9791082e3d5883edc12b459ff4cb778,
DATA,E:/CHESHIRE_DATA,task33/deliverables/Q02_DEEP_NOTCH/exchange.json,E:/CHESHIRE_DATA/task33/deliverables/Q02_DEEP_NOTCH/exchange.json,Exchange artifact plus native identity; historical validation scope,FILE,994,5856bfc183ab422df5a45812d9a76c053eaaae8b5253f728db68f4fda4b29f58,
DATA,E:/CHESHIRE_DATA,task33/deliverables/Q02_DEEP_NOTCH/gate.obj,E:/CHESHIRE_DATA/task33/deliverables/Q02_DEEP_NOTCH/gate.obj,Exchange artifact plus native identity; historical validation scope,FILE,131017408,d648778714db551e2ba7b756b376211d3ee5f83dde7e83ba6fa708ea34b8a14e,
DATA,E:/CHESHIRE_DATA,task33/deliverables/T01_DEPTH_BINDING/exchange.json,E:/CHESHIRE_DATA/task33/deliverables/T01_DEPTH_BINDING/exchange.json,Exchange artifact plus native identity; historical validation scope,FILE,1000,8d6ea07296fe2dc86bb0d8ff483f5bbe283eeab571366bc2baa23fc190dfa832,
DATA,E:/CHESHIRE_DATA,task33/deliverables/T01_DEPTH_BINDING/gate.obj,E:/CHESHIRE_DATA/task33/deliverables/T01_DEPTH_BINDING/gate.obj,Exchange artifact plus native identity; historical validation scope,FILE,131019000,720f5248b04f0bed1761bca8681397a85133ebf1437f7dff042fd25c610ce25e,
DATA,E:/CHESHIRE_DATA,task33/deliverables/V01_DESIGN_EXCHANGE/exchange.json,E:/CHESHIRE_DATA/task33/deliverables/V01_DESIGN_EXCHANGE/exchange.json,Exchange artifact plus native identity; historical validation scope,FILE,1010,c486d56ba762ec6cc7171299e55dc7e378f217907431d0720312ebd539157909,
DATA,E:/CHESHIRE_DATA,task33/deliverables/V01_DESIGN_EXCHANGE/gate.obj,E:/CHESHIRE_DATA/task33/deliverables/V01_DESIGN_EXCHANGE/gate.obj,Exchange artifact plus native identity; historical validation scope,FILE,131018485,ee20b5de5f0b213a8955c642b07817ba4ccad77bff807054bfcb702e5fb02cd6,
DATA,E:/CHESHIRE_DATA,task33/FINAL_ARTIFACTS.json,E:/CHESHIRE_DATA/task33/FINAL_ARTIFACTS.json,Task final preservation proof,FILE,996311,8269f55c873f530f0df445533fb5dd9b04040d3a76d58ef3e5bbc050acec03fd,
DATA,E:/CHESHIRE_DATA,task33/preservation/repository_final.bundle,E:/CHESHIRE_DATA/task33/preservation/repository_final.bundle,Task final preservation proof,FILE,95132087,f16eefb8fe80ad6a5c626183bd3dc91402bf6f51616c936deb65abc3e5d144fb,
DATA,E:/CHESHIRE_DATA,task34/deliverables/M01_VERIFIED_OBJ/exchange.json,E:/CHESHIRE_DATA/task34/deliverables/M01_VERIFIED_OBJ/exchange.json,Exchange artifact plus native identity; historical validation scope,FILE,930,50f356b0de5a66afcaf2c549642aea9fcd65481f9439a4289274756adf8d1b7a,
DATA,E:/CHESHIRE_DATA,task34/deliverables/M01_VERIFIED_OBJ/gate.obj,E:/CHESHIRE_DATA/task34/deliverables/M01_VERIFIED_OBJ/gate.obj,Exchange artifact plus native identity; historical validation scope,FILE,53038610,f3483f395872e9aa1c3545082163067045bad166b55b1bdcefc199d13b70b94e,
DATA,E:/CHESHIRE_DATA,task34/deliverables/N04_VERIFIED_OBJ/exchange.json,E:/CHESHIRE_DATA/task34/deliverables/N04_VERIFIED_OBJ/exchange.json,Exchange artifact plus native identity; historical validation scope,FILE,919,6959924c767a9576bdc874a845e6423b95c6a55f81589cf13664dcacf9fab282,
DATA,E:/CHESHIRE_DATA,task34/deliverables/N04_VERIFIED_OBJ/gate.obj,E:/CHESHIRE_DATA/task34/deliverables/N04_VERIFIED_OBJ/gate.obj,Exchange artifact plus native identity; historical validation scope,FILE,53030455,7f6c8c98203742228950854a7e9a284b502633b700329889e55efae1e1da8b98,
DATA,E:/CHESHIRE_DATA,task34/FINAL_ARTIFACTS.json,E:/CHESHIRE_DATA/task34/FINAL_ARTIFACTS.json,Task final preservation proof,FILE,915626,569f22cb7c47b1270de274ddecfa64b291a3f31b66e0e2573f15d73c0d047f7c,
DATA,E:/CHESHIRE_DATA,task34/preservation/repository_final.bundle,E:/CHESHIRE_DATA/task34/preservation/repository_final.bundle,Task final preservation proof,FILE,95169853,fb6cdd89ccdedcda0b8a36c6bf5be2d62d87c9ea25837675184473475d5be204,
DATA,E:/CHESHIRE_DATA,task35/deliverables/H01_SHOULDER_GROWTH/column.obj,E:/CHESHIRE_DATA/task35/deliverables/H01_SHOULDER_GROWTH/column.obj,Exchange artifact plus native identity; historical validation scope,FILE,26268310,3a916888cb5f138021eb8222049e563c79ab21c826e7256ea1dfcc84a9b98b0c,
DATA,E:/CHESHIRE_DATA,task35/deliverables/H01_SHOULDER_GROWTH/connection_frame.json,E:/CHESHIRE_DATA/task35/deliverables/H01_SHOULDER_GROWTH/connection_frame.json,Exchange artifact plus native identity; historical validation scope,FILE,1172,21fb91c6cd37856551544719cef68b6f632d4563e110849855660ff9f82e3151,
DATA,E:/CHESHIRE_DATA,task35/deliverables/H01_SHOULDER_GROWTH/connection_sections.npz,E:/CHESHIRE_DATA/task35/deliverables/H01_SHOULDER_GROWTH/connection_sections.npz,Exchange artifact plus native identity; historical validation scope,FILE,23147,5ec2bade71796399c82645cab1472f429a04d0e82db2852aa4ed780edea06c7b,
DATA,E:/CHESHIRE_DATA,task35/deliverables/H01_SHOULDER_GROWTH/exchange.json,E:/CHESHIRE_DATA/task35/deliverables/H01_SHOULDER_GROWTH/exchange.json,Exchange artifact plus native identity; historical validation scope,FILE,915,dd590ad60b45ead0d20b68b25f692719d353db806d628bd317b4729818f01c52,
DATA,E:/CHESHIRE_DATA,task35/deliverables/H02_MILD_SHOULDERS/column.obj,E:/CHESHIRE_DATA/task35/deliverables/H02_MILD_SHOULDERS/column.obj,Exchange artifact plus native identity; historical validation scope,FILE,26275100,1572383d3a215c8cee9249797c7161da25c956990a027bdd0cdd61302b3882a9,
DATA,E:/CHESHIRE_DATA,task35/deliverables/H02_MILD_SHOULDERS/connection_frame.json,E:/CHESHIRE_DATA/task35/deliverables/H02_MILD_SHOULDERS/connection_frame.json,Exchange artifact plus native identity; historical validation scope,FILE,1172,21fb91c6cd37856551544719cef68b6f632d4563e110849855660ff9f82e3151,
DATA,E:/CHESHIRE_DATA,task35/deliverables/H02_MILD_SHOULDERS/connection_sections.npz,E:/CHESHIRE_DATA/task35/deliverables/H02_MILD_SHOULDERS/connection_sections.npz,Exchange artifact plus native identity; historical validation scope,FILE,23147,5ec2bade71796399c82645cab1472f429a04d0e82db2852aa4ed780edea06c7b,
DATA,E:/CHESHIRE_DATA,task35/deliverables/H02_MILD_SHOULDERS/exchange.json,E:/CHESHIRE_DATA/task35/deliverables/H02_MILD_SHOULDERS/exchange.json,Exchange artifact plus native identity; historical validation scope,FILE,912,b30e2ce4648adc7a020a92b6f62f3758de1fcdf09678cf7933a4b458c11e2dae,
DATA,E:/CHESHIRE_DATA,task35/deliverables/V01_COLUMN/column.obj,E:/CHESHIRE_DATA/task35/deliverables/V01_COLUMN/column.obj,Exchange artifact plus native identity; historical validation scope,FILE,26271755,9b89f57db4d305ee9442fdd9a608b2446f996c6495faabed0fdf9cb91f37c624,
DATA,E:/CHESHIRE_DATA,task35/deliverables/V01_COLUMN/connection_frame.json,E:/CHESHIRE_DATA/task35/deliverables/V01_COLUMN/connection_frame.json,Exchange artifact plus native identity; historical validation scope,FILE,1172,21fb91c6cd37856551544719cef68b6f632d4563e110849855660ff9f82e3151,
DATA,E:/CHESHIRE_DATA,task35/deliverables/V01_COLUMN/connection_sections.npz,E:/CHESHIRE_DATA/task35/deliverables/V01_COLUMN/connection_sections.npz,Exchange artifact plus native identity; historical validation scope,FILE,23147,5ec2bade71796399c82645cab1472f429a04d0e82db2852aa4ed780edea06c7b,
DATA,E:/CHESHIRE_DATA,task35/deliverables/V01_COLUMN/exchange.json,E:/CHESHIRE_DATA/task35/deliverables/V01_COLUMN/exchange.json,Exchange artifact plus native identity; historical validation scope,FILE,903,adcc625d1f4e5402e540cd41908cfdfc5f0c968b30ab2085cd0aba4e432204d8,
DATA,E:/CHESHIRE_DATA,task35/deliverables/V02_MILD_COLUMN/column.obj,E:/CHESHIRE_DATA/task35/deliverables/V02_MILD_COLUMN/column.obj,Exchange artifact plus native identity; historical validation scope,FILE,26280408,2cd86b1bb1f9d0affea7685e8892dccf66662418678a13297f8261f5da8e2f51,
DATA,E:/CHESHIRE_DATA,task35/deliverables/V02_MILD_COLUMN/connection_frame.json,E:/CHESHIRE_DATA/task35/deliverables/V02_MILD_COLUMN/connection_frame.json,Exchange artifact plus native identity; historical validation scope,FILE,1172,21fb91c6cd37856551544719cef68b6f632d4563e110849855660ff9f82e3151,
DATA,E:/CHESHIRE_DATA,task35/deliverables/V02_MILD_COLUMN/connection_sections.npz,E:/CHESHIRE_DATA/task35/deliverables/V02_MILD_COLUMN/connection_sections.npz,Exchange artifact plus native identity; historical validation scope,FILE,23147,5ec2bade71796399c82645cab1472f429a04d0e82db2852aa4ed780edea06c7b,
DATA,E:/CHESHIRE_DATA,task35/deliverables/V02_MILD_COLUMN/exchange.json,E:/CHESHIRE_DATA/task35/deliverables/V02_MILD_COLUMN/exchange.json,Exchange artifact plus native identity; historical validation scope,FILE,918,d2db5e925664ab01d978725a7fe4eb4fb765c04ed267f81261d41833acfc13f3,
DATA,E:/CHESHIRE_DATA,task35/preservation/FINAL_STATE.json,E:/CHESHIRE_DATA/task35/preservation/FINAL_STATE.json,Task final preservation proof,FILE,5046,024a4a8e2a29c51af07c334838e129b786c001940b5a19d1875d93c17b993d95,
DATA,E:/CHESHIRE_DATA,task35/preservation/repository_final.bundle,E:/CHESHIRE_DATA/task35/preservation/repository_final.bundle,Task final preservation proof,FILE,95216872,e828cc0ed8069193726c513829cfc0bee2c24b0cb5047948520f264c67e70145,
DATA,E:/CHESHIRE_DATA,task36/deliverables/T02_VERIFIED_BVH_G8/column.obj,E:/CHESHIRE_DATA/task36/deliverables/T02_VERIFIED_BVH_G8/column.obj,Exchange artifact plus native identity; historical validation scope,FILE,134798982,34b3da944f3ebbabadc6c033de44110eea3b35e757a3afeea50d4c7ccfcec637,
DATA,E:/CHESHIRE_DATA,task36/deliverables/T02_VERIFIED_BVH_G8/exchange.json,E:/CHESHIRE_DATA/task36/deliverables/T02_VERIFIED_BVH_G8/exchange.json,Exchange artifact plus native identity; historical validation scope,FILE,809,27cc9865358c650e3382b88ee38b3d21b964b39d93cf0cd3be7286846a83869c,
DATA,E:/CHESHIRE_DATA,task36/deliverables/T02_VERIFIED_BVH_G8/recipe.json,E:/CHESHIRE_DATA/task36/deliverables/T02_VERIFIED_BVH_G8/recipe.json,Exchange artifact plus native identity; historical validation scope,FILE,669,e8ffc4f0824c6bbba5bcacaaa86a9f6bdfb758a51d0c1fd3d888c8fc93e21c2d,
DATA,E:/CHESHIRE_DATA,task36/deliverables/T02_VERIFIED_BVH_G8/WITHDRAWN_VALIDATION.json,E:/CHESHIRE_DATA/task36/deliverables/T02_VERIFIED_BVH_G8/WITHDRAWN_VALIDATION.json,Latest Task36 validation/recovery/withdrawal proof,FILE,577,90ecfff5475169aeb4dcda5b3719080928998a83a16b3b472fea11918d1a9508,
DATA,E:/CHESHIRE_DATA,task36/deliverables/U01_INTERVAL_SAFE_G8/column.obj,E:/CHESHIRE_DATA/task36/deliverables/U01_INTERVAL_SAFE_G8/column.obj,Exchange artifact plus native identity; historical validation scope,FILE,134802157,c3e855361182a1dd359ba5bc923763fcd29bf860bf4bec9c5d2693451b505726,
DATA,E:/CHESHIRE_DATA,task36/deliverables/U01_INTERVAL_SAFE_G8/exchange.json,E:/CHESHIRE_DATA/task36/deliverables/U01_INTERVAL_SAFE_G8/exchange.json,Exchange artifact plus native identity; historical validation scope,FILE,862,0ec1ea21d213779014944b4455b6a3fcbcab52874ff6396473f5f546c0477a8a,
DATA,E:/CHESHIRE_DATA,task36/deliverables/U01_INTERVAL_SAFE_G8/recipe.json,E:/CHESHIRE_DATA/task36/deliverables/U01_INTERVAL_SAFE_G8/recipe.json,Exchange artifact plus native identity; historical validation scope,FILE,705,c0034afc7d007b216cf4756ce31cf58f2b14dfc28db6902626f4d96491aa9729,
DATA,E:/CHESHIRE_DATA,task36/deliverables/W03_BODY_RECURSIVE_G8/column.obj,E:/CHESHIRE_DATA/task36/deliverables/W03_BODY_RECURSIVE_G8/column.obj,Exchange artifact plus native identity; historical validation scope,FILE,134809281,600834dab12d259785f3ddb7925263eaae0083c7d3c483f308f650286aab9381,
DATA,E:/CHESHIRE_DATA,task36/deliverables/W03_BODY_RECURSIVE_G8/exchange.json,E:/CHESHIRE_DATA/task36/deliverables/W03_BODY_RECURSIVE_G8/exchange.json,Exchange artifact plus native identity; historical validation scope,FILE,864,904c40814f058308c7ddc8099b56889c8cf49cebbcb4e03187783061fcae107e,
DATA,E:/CHESHIRE_DATA,task36/deliverables/W03_BODY_RECURSIVE_G8/recipe.json,E:/CHESHIRE_DATA/task36/deliverables/W03_BODY_RECURSIVE_G8/recipe.json,Exchange artifact plus native identity; historical validation scope,FILE,735,7d1732eb7490ec646a428749785344bdbf0f69bd1d776c6b3bc6672960a5edd4,
DATA,E:/CHESHIRE_DATA,task36/FINAL_ARTIFACTS.json,E:/CHESHIRE_DATA/task36/FINAL_ARTIFACTS.json,Task final preservation proof,FILE,1094493,79bdd7e9deef12007c745733d8eb5776c995631f700fe0e093f1d41ef4010e4a,
DATA,E:/CHESHIRE_DATA,task36/preservation/FINAL_STATE.json,E:/CHESHIRE_DATA/task36/preservation/FINAL_STATE.json,Task final preservation proof,FILE,1267,1c5bcdc9aa86b2d141580eeec048416194147b0553608087530daa6240ae346b,
DATA,E:/CHESHIRE_DATA,task36/preservation/repository_final.bundle,E:/CHESHIRE_DATA/task36/preservation/repository_final.bundle,Task final preservation proof,FILE,95286480,c42c45779173d486db0a67bf96466d84af0577636ca774503866b6ca070f9922,
DATA,E:/CHESHIRE_DATA,task36/preservation/FINAL_INVENTORY/inventory.json,E:/CHESHIRE_DATA/task36/preservation/FINAL_INVENTORY/inventory.json,Latest Task36 validation/recovery/withdrawal proof,FILE,52917,c1bf5afade7ea995cfef28e9a06fb1c8f3bc777aa6f2d83613e3398ca00873cc,
DATA,E:/CHESHIRE_DATA,task36/preservation/RECOVERY_U01_G8/recovery.json,E:/CHESHIRE_DATA/task36/preservation/RECOVERY_U01_G8/recovery.json,Latest Task36 validation/recovery/withdrawal proof,FILE,14676,f85d51e4c99393d273915a7f76d4bca1aca2e66937b43490a50f4c10aaf09f87,
DATA,E:/CHESHIRE_DATA,task36/preservation/RECOVERY_W03_G8/recovery.json,E:/CHESHIRE_DATA/task36/preservation/RECOVERY_W03_G8/recovery.json,Latest Task36 validation/recovery/withdrawal proof,FILE,14677,4580ff0eab3d1e12d8dbfe162d65351659e5e3e447c675d532abd0753f2c12d3,
DATA,E:/CHESHIRE_DATA,task36/validation/U01_FINAL/G8_FOLD.json,E:/CHESHIRE_DATA/task36/validation/U01_FINAL/G8_FOLD.json,Latest Task36 validation/recovery/withdrawal proof,FILE,12784,0ba5842ce5dc73d6b6be6d781a222cd2777feceac77abb4518dd45603b31879b,
DATA,E:/CHESHIRE_DATA,task36/validation/W03_FINAL/G8_FOLD.json,E:/CHESHIRE_DATA/task36/validation/W03_FINAL/G8_FOLD.json,Latest Task36 validation/recovery/withdrawal proof,FILE,12750,259c306026cae8ae70b7ce07fcba7bd8cc3672911a4317fb8f04d657a954f3e0,
DATA,E:/CHESHIRE_DATA,task36/tests_final_body/result.json,E:/CHESHIRE_DATA/task36/tests_final_body/result.json,Latest Task36 validation/recovery/withdrawal proof,FILE,12862,d63a5721c3c181c261e6cc043bfa864b122592e12fefcbdce5a6bea23fa34d48,
DATA,E:/CHESHIRE_DATA,task23/checkpoints,E:/CHESHIRE_DATA/task23/checkpoints,Earlier successful technique or controlled diagnostic; full files in local catalogue,DIRECTORY,,,
DATA,E:/CHESHIRE_DATA,task25/analysis,E:/CHESHIRE_DATA/task25/analysis,Earlier successful technique or controlled diagnostic; full files in local catalogue,DIRECTORY,,,
DATA,E:/CHESHIRE_DATA,task32/source_snapshots,E:/CHESHIRE_DATA/task32/source_snapshots,Earlier successful technique or controlled diagnostic; full files in local catalogue,DIRECTORY,,,
DATA,E:/CHESHIRE_DATA,task36/diagnostics/SAME_INPUT_COMPONENTS,E:/CHESHIRE_DATA/task36/diagnostics/SAME_INPUT_COMPONENTS,Earlier successful technique or controlled diagnostic; full files in local catalogue,DIRECTORY,,,
RESEARCH_REPO,C:/Users/USER/CHESHIRE,docs/TASK33_RESULTS.md,C:/Users/USER/CHESHIRE/docs/TASK33_RESULTS.md,Current research source/report,FILE,19028,725da46a9e7670a01aa6cd0c72c22ae24ad922f889e0555b935a3669725ac25e,
RESEARCH_REPO,C:/Users/USER/CHESHIRE,docs/TASK33_DIAGNOSIS.md,C:/Users/USER/CHESHIRE/docs/TASK33_DIAGNOSIS.md,Current research source/report,FILE,10660,e2a82ad11a164a67691c51473ed72791d6272fd24e6eb2b6f41d85345dff042f,
RESEARCH_REPO,C:/Users/USER/CHESHIRE,docs/TASK34_RESULTS.md,C:/Users/USER/CHESHIRE/docs/TASK34_RESULTS.md,Current research source/report,FILE,27171,4724fd785cea2ace79413e128af9da51005f2f65d0529e5708e474f76c87b7c6,
RESEARCH_REPO,C:/Users/USER/CHESHIRE,docs/TASK35_RESULTS.md,C:/Users/USER/CHESHIRE/docs/TASK35_RESULTS.md,Current research source/report,FILE,26986,58b5c12aab71d60f18135c89d886db15f30ab82c042567d280a55389430c6e20,
RESEARCH_REPO,C:/Users/USER/CHESHIRE,docs/TASK36_RESULTS.md,C:/Users/USER/CHESHIRE/docs/TASK36_RESULTS.md,Current research source/report,FILE,29018,1d37541f14511c529a873b70f50abe7bc4f7641776fdd42e56b4affbe990815d,
RESEARCH_REPO,C:/Users/USER/CHESHIRE,docs/CONSOLIDATION_20261009.md,C:/Users/USER/CHESHIRE/docs/CONSOLIDATION_20261009.md,Current research source/report,FILE,4407,74c785f4ff47d10d533cb5dd8b83c14dd691f7ea4b97fe95026dd78a36c70a4d,
RESEARCH_REPO,C:/Users/USER/CHESHIRE,pyproject.toml,C:/Users/USER/CHESHIRE/pyproject.toml,Current research source/report,FILE,793,91903638e3ebe27555c7dd18849ef133ccf8c40b6d42557d49df238a90e71a27,
RESEARCH_REPO,C:/Users/USER/CHESHIRE,THIRD_PARTY_NOTICES.md,C:/Users/USER/CHESHIRE/THIRD_PARTY_NOTICES.md,Current research source/report,FILE,887,f6115fa8e302cdf037b0eb084fbe47367162f60b6c7f45247570ef7196ea1da9,
EXTERNAL,C:/Users/USER,CHESHIRE_TASK06_REVIEW,C:/Users/USER/CHESHIRE_TASK06_REVIEW,Surviving early review directory,DIRECTORY,,,
EXTERNAL,C:/Users/USER,CHESHIRE_TASK07_1_REVIEW,C:/Users/USER/CHESHIRE_TASK07_1_REVIEW,Surviving early review directory,DIRECTORY,,,
EXTERNAL,C:/Users/USER,CHESHIRE_TASK07_REVIEW,C:/Users/USER/CHESHIRE_TASK07_REVIEW,Surviving early review directory,DIRECTORY,,,
EXTERNAL,C:/Users/USER,CHESHIRE_TASK08_REVIEW,C:/Users/USER/CHESHIRE_TASK08_REVIEW,Surviving early review directory,DIRECTORY,,,
DATA,E:/CHESHIRE_DATA,research_archive/images/task17/T17_04_selected_HYBRID_B_progression.png,E:/CHESHIRE_DATA/research_archive/images/task17/T17_04_selected_HYBRID_B_progression.png,Earlier retained DS/crease/curl sequence or representative original image,FILE,479509,2ce61c47ef174181d9c859bc54ab12c2a7f5344aaa65b2afbe5d34a93ce40d78,
DATA,E:/CHESHIRE_DATA,research_archive/images/task19/T19_01_FINAL_oblique.png,E:/CHESHIRE_DATA/research_archive/images/task19/T19_01_FINAL_oblique.png,Earlier retained DS/crease/curl sequence or representative original image,FILE,1319017,4383b86056599c160db40536d4cee80234ef9d86f1ad2e3c6d4dcb7b86c9c8c0,
DATA,E:/CHESHIRE_DATA,research_archive/images/task20/T20_01_C07_vs_HERO_oblique.png,E:/CHESHIRE_DATA/research_archive/images/task20/T20_01_C07_vs_HERO_oblique.png,Earlier retained DS/crease/curl sequence or representative original image,FILE,293469,d5515f2a34326c6351197887cd23d91095b9d574ead00f7ac7af7ce2ccb144d8,
DATA,E:/CHESHIRE_DATA,research_archive/images/task23/T23_03_retained_network.png,E:/CHESHIRE_DATA/research_archive/images/task23/T23_03_retained_network.png,Earlier retained DS/crease/curl sequence or representative original image,FILE,121774,b64c3e8e4852db92c8cffbd7a2de8f8cf508ee597d9fd57b2e5eae12a3aaa226,
RESEARCH_REPO,C:/Users/USER/CHESHIRE,output/task17/study/cases/HYBRID_B/crossing_audit.json,C:/Users/USER/CHESHIRE/output/task17/study/cases/HYBRID_B/crossing_audit.json,Earlier retained DS/crease/curl sequence or representative original image,FILE,2311,862c35551d457493bb9a82f3b70b02469a5d57662f0014aaf3f8170f072fb19d,
RESEARCH_REPO,C:/Users/USER/CHESHIRE,output/task17/study/cases/HYBRID_B/G0.json,C:/Users/USER/CHESHIRE/output/task17/study/cases/HYBRID_B/G0.json,Earlier retained DS/crease/curl sequence or representative original image,FILE,2172,746a4850caf049888041a6429311e37b354729917de5b5287204e4f9dc4b81da,
RESEARCH_REPO,C:/Users/USER/CHESHIRE,output/task17/study/cases/HYBRID_B/G0.obj,C:/Users/USER/CHESHIRE/output/task17/study/cases/HYBRID_B/G0.obj,Earlier retained DS/crease/curl sequence or representative original image,FILE,2079,d55380b3e83cc4b59406ea389b9f269f17c48f1c56e57fa372db0aa1aba1e277,
RESEARCH_REPO,C:/Users/USER/CHESHIRE,output/task17/study/cases/HYBRID_B/G1.json,C:/Users/USER/CHESHIRE/output/task17/study/cases/HYBRID_B/G1.json,Earlier retained DS/crease/curl sequence or representative original image,FILE,9263,721a5d7e5b575dc620bb44d390941172531956d9813f70ebfb7c305f1acb8d01,
RESEARCH_REPO,C:/Users/USER/CHESHIRE,output/task17/study/cases/HYBRID_B/G1.obj,C:/Users/USER/CHESHIRE/output/task17/study/cases/HYBRID_B/G1.obj,Earlier retained DS/crease/curl sequence or representative original image,FILE,7798,700c84ecc23693cf0c6c088d83af347b02cd84b9d1d6502864b2ddc7772c05bb,
RESEARCH_REPO,C:/Users/USER/CHESHIRE,output/task17/study/cases/HYBRID_B/G1_lineage.json.gz,C:/Users/USER/CHESHIRE/output/task17/study/cases/HYBRID_B/G1_lineage.json.gz,Earlier retained DS/crease/curl sequence or representative original image,FILE,6759,55dfe283d2d50e8679192d8899f1e4f7e3a99576eed5d3b16215547463369b1e,
RESEARCH_REPO,C:/Users/USER/CHESHIRE,output/task17/study/cases/HYBRID_B/G2.json,C:/Users/USER/CHESHIRE/output/task17/study/cases/HYBRID_B/G2.json,Earlier retained DS/crease/curl sequence or representative original image,FILE,40312,d9e146119294356d3bca9e542fc94f0ecaf58fdb4643fb424c411dc0fe204e93,
RESEARCH_REPO,C:/Users/USER/CHESHIRE,output/task17/study/cases/HYBRID_B/G2.obj,C:/Users/USER/CHESHIRE/output/task17/study/cases/HYBRID_B/G2.obj,Earlier retained DS/crease/curl sequence or representative original image,FILE,31645,712df55081d3039d84389b9a5da7108ef860f900df64a78432a8110d775ac0d8,
RESEARCH_REPO,C:/Users/USER/CHESHIRE,output/task17/study/cases/HYBRID_B/G2_lineage.json.gz,C:/Users/USER/CHESHIRE/output/task17/study/cases/HYBRID_B/G2_lineage.json.gz,Earlier retained DS/crease/curl sequence or representative original image,FILE,18782,7dcfb8146913a4b75ae7e228a591c1b215d90082f9d270de53faf7e5b5ecbf61,
RESEARCH_REPO,C:/Users/USER/CHESHIRE,output/task17/study/cases/HYBRID_B/G3.json,C:/Users/USER/CHESHIRE/output/task17/study/cases/HYBRID_B/G3.json,Earlier retained DS/crease/curl sequence or representative original image,FILE,165095,27f150b7b0566fb0432e7b2e46f01aae9eb70f5f7c8e8d6f2432739601360411,
RESEARCH_REPO,C:/Users/USER/CHESHIRE,output/task17/study/cases/HYBRID_B/G3.obj,C:/Users/USER/CHESHIRE/output/task17/study/cases/HYBRID_B/G3.obj,Earlier retained DS/crease/curl sequence or representative original image,FILE,128663,1ab40d90c9cdf1d2cfb0d724aac29d7f5987d4a39f7d28dfec81488525fc116c,
RESEARCH_REPO,C:/Users/USER/CHESHIRE,output/task17/study/cases/HYBRID_B/G3_lineage.json.gz,C:/Users/USER/CHESHIRE/output/task17/study/cases/HYBRID_B/G3_lineage.json.gz,Earlier retained DS/crease/curl sequence or representative original image,FILE,61071,b972af43ab6e0b713e4929a1f97ec01e3bcf703e423e4b90fb5c43f2ed1bf27b,
RESEARCH_REPO,C:/Users/USER/CHESHIRE,output/task17/study/cases/HYBRID_B/G4.json,C:/Users/USER/CHESHIRE/output/task17/study/cases/HYBRID_B/G4.json,Earlier retained DS/crease/curl sequence or representative original image,FILE,678269,d0652dd12c0ef35568039033f32c0c0283e83cb4d0849e9ee2ddf43ff0516a42,
RESEARCH_REPO,C:/Users/USER/CHESHIRE,output/task17/study/cases/HYBRID_B/G4.obj,C:/Users/USER/CHESHIRE/output/task17/study/cases/HYBRID_B/G4.obj,Earlier retained DS/crease/curl sequence or representative original image,FILE,543865,e0dfad7f54e31e0a93dfea4f172ea000d3cb8e67eadde756aef58a325b9406af,
RESEARCH_REPO,C:/Users/USER/CHESHIRE,output/task17/study/cases/HYBRID_B/G4_lineage.json.gz,C:/Users/USER/CHESHIRE/output/task17/study/cases/HYBRID_B/G4_lineage.json.gz,Earlier retained DS/crease/curl sequence or representative original image,FILE,280703,fa73669f4618d57203a06b4b1ba8e75d787fa7525e4301b2d08bb039dca32c66,
RESEARCH_REPO,C:/Users/USER/CHESHIRE,output/task17/study/cases/HYBRID_B/G5.json,C:/Users/USER/CHESHIRE/output/task17/study/cases/HYBRID_B/G5.json,Earlier retained DS/crease/curl sequence or representative original image,FILE,2807499,c8d76e88408c81279250b1031126678147b8d6cd4056af6ca7fe9ce0cc505fef,
RESEARCH_REPO,C:/Users/USER/CHESHIRE,output/task17/study/cases/HYBRID_B/G5.obj,C:/Users/USER/CHESHIRE/output/task17/study/cases/HYBRID_B/G5.obj,Earlier retained DS/crease/curl sequence or representative original image,FILE,2238935,9fe905abaf93fb0d0620e8fd809460a71cde9a1a2e34d51c5e484bceb21a1f06,
RESEARCH_REPO,C:/Users/USER/CHESHIRE,output/task17/study/cases/HYBRID_B/G5_lineage.json.gz,C:/Users/USER/CHESHIRE/output/task17/study/cases/HYBRID_B/G5_lineage.json.gz,Earlier retained DS/crease/curl sequence or representative original image,FILE,1100485,a1fa5414e768703939e562e0a5e91a32f076e1e1f4acadb32dabc3fb9c3dc07c,
RESEARCH_REPO,C:/Users/USER/CHESHIRE,output/task17/study/cases/HYBRID_B/G6.json,C:/Users/USER/CHESHIRE/output/task17/study/cases/HYBRID_B/G6.json,Earlier retained DS/crease/curl sequence or representative original image,FILE,11431372,917ca39d925c80c6cd5ac08026a58eaa435939bd643814c3e2a6d44f0c6c0b87,
RESEARCH_REPO,C:/Users/USER/CHESHIRE,output/task17/study/cases/HYBRID_B/G6.obj,C:/Users/USER/CHESHIRE/output/task17/study/cases/HYBRID_B/G6.obj,Earlier retained DS/crease/curl sequence or representative original image,FILE,9358976,1dbde49c843d6d2c7f1f8217a1cb1e87c360c2da1ad0bff681536abaefeabea1,
RESEARCH_REPO,C:/Users/USER/CHESHIRE,output/task17/study/cases/HYBRID_B/G6_lineage.json.gz,C:/Users/USER/CHESHIRE/output/task17/study/cases/HYBRID_B/G6_lineage.json.gz,Earlier retained DS/crease/curl sequence or representative original image,FILE,4536061,056dc34db22d2abcf4b8ffb1d434a192e46346976afa71d4e424392807579720,
RESEARCH_REPO,C:/Users/USER/CHESHIRE,output/task17/study/cases/HYBRID_B/request.json,C:/Users/USER/CHESHIRE/output/task17/study/cases/HYBRID_B/request.json,Earlier retained DS/crease/curl sequence or representative original image,FILE,3772,b844f220429f8afa7d8781ee2a2a660061f2e3e4936a9095ec6134f8a7c54b26,
RESEARCH_REPO,C:/Users/USER/CHESHIRE,output/task17/study/cases/HYBRID_B/response.json,C:/Users/USER/CHESHIRE/output/task17/study/cases/HYBRID_B/response.json,Earlier retained DS/crease/curl sequence or representative original image,FILE,3310567,cdeaae16b0ac4297454be7fddcbb2c50905ba86ffc14dc732a9053b7f8ebcc6f,
RESEARCH_REPO,C:/Users/USER/CHESHIRE,output/task17/study/cases/HYBRID_B/summary.json,C:/Users/USER/CHESHIRE/output/task17/study/cases/HYBRID_B/summary.json,Earlier retained DS/crease/curl sequence or representative original image,FILE,81835,010e377bb7b4ccf1f0e347af55d9ae14a6ea05b4f7ac2e081e6a32fc7f89acc5,
DATA,E:/CHESHIRE_DATA,task23/study/CAPABILITY/R20/attempt_001/branch_signatures.json,E:/CHESHIRE_DATA/task23/study/CAPABILITY/R20/attempt_001/branch_signatures.json,Earlier retained DS/crease/curl sequence or representative original image,FILE,8411,081bef525bc9208a9c7b8e0479c66fef997bc69716f06d0813c59fe11a5e95b8,
DATA,E:/CHESHIRE_DATA,task23/study/CAPABILITY/R20/attempt_001/E1.json.gz,E:/CHESHIRE_DATA/task23/study/CAPABILITY/R20/attempt_001/E1.json.gz,Earlier retained DS/crease/curl sequence or representative original image,FILE,3185448,b6103b9f895bfc9b0f99a6e6820ea173486d6347a35a4e40552a4f03ba09dda8,
DATA,E:/CHESHIRE_DATA,task23/study/CAPABILITY/R20/attempt_001/E1_lineage.json.gz,E:/CHESHIRE_DATA/task23/study/CAPABILITY/R20/attempt_001/E1_lineage.json.gz,Earlier retained DS/crease/curl sequence or representative original image,FILE,1239301,8f0de1997a723212a5b6a490bfce443c4011f04ca3b382e19a0a38b314b8379d,
DATA,E:/CHESHIRE_DATA,task23/study/CAPABILITY/R20/attempt_001/E1_networks.json,E:/CHESHIRE_DATA/task23/study/CAPABILITY/R20/attempt_001/E1_networks.json,Earlier retained DS/crease/curl sequence or representative original image,FILE,194484,2f0f3839a46bb98c64950a8884f1f413677c6c56beca820ebe13b9d5a9222d8c,
DATA,E:/CHESHIRE_DATA,task23/study/CAPABILITY/R20/attempt_001/E1_operator.json.gz,E:/CHESHIRE_DATA/task23/study/CAPABILITY/R20/attempt_001/E1_operator.json.gz,Earlier retained DS/crease/curl sequence or representative original image,FILE,20546,5cd34897308dbf455924b7e8ddd499d3c003c6050a8018c22acf782926d46d61,
DATA,E:/CHESHIRE_DATA,task23/study/CAPABILITY/R20/attempt_001/E1_signatures.json.gz,E:/CHESHIRE_DATA/task23/study/CAPABILITY/R20/attempt_001/E1_signatures.json.gz,Earlier retained DS/crease/curl sequence or representative original image,FILE,193866,9da55a2ae09573f0002e0f476997436ac7c28ac5cb444ad7d7b66540a741d7e8,
DATA,E:/CHESHIRE_DATA,task23/study/CAPABILITY/R20/attempt_001/E2.json.gz,E:/CHESHIRE_DATA/task23/study/CAPABILITY/R20/attempt_001/E2.json.gz,Earlier retained DS/crease/curl sequence or representative original image,FILE,3189301,b3f243cbdc7956e2e13310ad95ec354fafb64d0b68304a0f9a98482d5fa7dbfa,
DATA,E:/CHESHIRE_DATA,task23/study/CAPABILITY/R20/attempt_001/E2_lineage.json.gz,E:/CHESHIRE_DATA/task23/study/CAPABILITY/R20/attempt_001/E2_lineage.json.gz,Earlier retained DS/crease/curl sequence or representative original image,FILE,1242038,5e8956a2dc665462f4e0c63de5a9de97d363fb8bc85e97a1e566bd2144114e4d,
DATA,E:/CHESHIRE_DATA,task23/study/CAPABILITY/R20/attempt_001/E2_networks.json,E:/CHESHIRE_DATA/task23/study/CAPABILITY/R20/attempt_001/E2_networks.json,Earlier retained DS/crease/curl sequence or representative original image,FILE,194484,2f0f3839a46bb98c64950a8884f1f413677c6c56beca820ebe13b9d5a9222d8c,
DATA,E:/CHESHIRE_DATA,task23/study/CAPABILITY/R20/attempt_001/E2_operator.json.gz,E:/CHESHIRE_DATA/task23/study/CAPABILITY/R20/attempt_001/E2_operator.json.gz,Earlier retained DS/crease/curl sequence or representative original image,FILE,2761,6577e0c2c42107ab6f23c3b4064fa452b75a45f4c123fb3f1fa9fee46333c12b,
DATA,E:/CHESHIRE_DATA,task23/study/CAPABILITY/R20/attempt_001/E2_signatures.json.gz,E:/CHESHIRE_DATA/task23/study/CAPABILITY/R20/attempt_001/E2_signatures.json.gz,Earlier retained DS/crease/curl sequence or representative original image,FILE,194341,0028e75fc356fa41a3cdbafb2bd71922ec59c091024700e98e23ccaf18afe3a6,
DATA,E:/CHESHIRE_DATA,task23/study/CAPABILITY/R20/attempt_001/E3.json.gz,E:/CHESHIRE_DATA/task23/study/CAPABILITY/R20/attempt_001/E3.json.gz,Earlier retained DS/crease/curl sequence or representative original image,FILE,3193132,4c4fca8592351c4be6e87062821fe63a17a99dfa975e418cfb22eb28af6dd598,
DATA,E:/CHESHIRE_DATA,task23/study/CAPABILITY/R20/attempt_001/E3_lineage.json.gz,E:/CHESHIRE_DATA/task23/study/CAPABILITY/R20/attempt_001/E3_lineage.json.gz,Earlier retained DS/crease/curl sequence or representative original image,FILE,1245790,c6299b4bd40e6240d453b28a5a687dd7f66a42df24743421f4824ca29b1589e9,
DATA,E:/CHESHIRE_DATA,task23/study/CAPABILITY/R20/attempt_001/E3_networks.json,E:/CHESHIRE_DATA/task23/study/CAPABILITY/R20/attempt_001/E3_networks.json,Earlier retained DS/crease/curl sequence or representative original image,FILE,194484,2f0f3839a46bb98c64950a8884f1f413677c6c56beca820ebe13b9d5a9222d8c,
DATA,E:/CHESHIRE_DATA,task23/study/CAPABILITY/R20/attempt_001/E3_operator.json.gz,E:/CHESHIRE_DATA/task23/study/CAPABILITY/R20/attempt_001/E3_operator.json.gz,Earlier retained DS/crease/curl sequence or representative original image,FILE,2844,2f007f8c09e92e2fe310723fdd8a15d00a034d1d0cc1ba230f14e2d5f49483f4,
DATA,E:/CHESHIRE_DATA,task23/study/CAPABILITY/R20/attempt_001/E3_signatures.json.gz,E:/CHESHIRE_DATA/task23/study/CAPABILITY/R20/attempt_001/E3_signatures.json.gz,Earlier retained DS/crease/curl sequence or representative original image,FILE,193216,13d8c8960495dc3ce4d4adc9597dcc90fd89858912ad6293555e35eac222efb4,
DATA,E:/CHESHIRE_DATA,task23/study/CAPABILITY/R20/attempt_001/E4.json.gz,E:/CHESHIRE_DATA/task23/study/CAPABILITY/R20/attempt_001/E4.json.gz,Earlier retained DS/crease/curl sequence or representative original image,FILE,3196941,60daf79895d5da93edf27c1ea77abd5c62e4d7f4d5441f46617266f03fc2f14a,
DATA,E:/CHESHIRE_DATA,task23/study/CAPABILITY/R20/attempt_001/E4_lineage.json.gz,E:/CHESHIRE_DATA/task23/study/CAPABILITY/R20/attempt_001/E4_lineage.json.gz,Earlier retained DS/crease/curl sequence or representative original image,FILE,1249624,e2ba063761b010fe7bd2ec2cedd3025ee365a1e62a969c330bdea4e3d8b9cb5c,
DATA,E:/CHESHIRE_DATA,task23/study/CAPABILITY/R20/attempt_001/E4_networks.json,E:/CHESHIRE_DATA/task23/study/CAPABILITY/R20/attempt_001/E4_networks.json,Earlier retained DS/crease/curl sequence or representative original image,FILE,194484,2f0f3839a46bb98c64950a8884f1f413677c6c56beca820ebe13b9d5a9222d8c,
DATA,E:/CHESHIRE_DATA,task23/study/CAPABILITY/R20/attempt_001/E4_operator.json.gz,E:/CHESHIRE_DATA/task23/study/CAPABILITY/R20/attempt_001/E4_operator.json.gz,Earlier retained DS/crease/curl sequence or representative original image,FILE,2947,9c1d6fc9bbb29912cd08b6e004f0aba9a712692976be4d58bd5c2265793ede18,
DATA,E:/CHESHIRE_DATA,task23/study/CAPABILITY/R20/attempt_001/E4_signatures.json.gz,E:/CHESHIRE_DATA/task23/study/CAPABILITY/R20/attempt_001/E4_signatures.json.gz,Earlier retained DS/crease/curl sequence or representative original image,FILE,193574,f8a95e73e2266160f3bde105012d3d09c9f7ae43a3800b50d671eff9835c24ad,
DATA,E:/CHESHIRE_DATA,task23/study/CAPABILITY/R20/attempt_001/E5.json.gz,E:/CHESHIRE_DATA/task23/study/CAPABILITY/R20/attempt_001/E5.json.gz,Earlier retained DS/crease/curl sequence or representative original image,FILE,3200599,1f4389dee3e6611d67c12a3b0da18f6878eea986e6c73051ac5a35d55c16a3c1,
DATA,E:/CHESHIRE_DATA,task23/study/CAPABILITY/R20/attempt_001/E5_lineage.json.gz,E:/CHESHIRE_DATA/task23/study/CAPABILITY/R20/attempt_001/E5_lineage.json.gz,Earlier retained DS/crease/curl sequence or representative original image,FILE,1255338,18b16a2a2edd08282855d3adc94bf111e22db82116884aeff6d82fd3732b03ef,
DATA,E:/CHESHIRE_DATA,task23/study/CAPABILITY/R20/attempt_001/E5_networks.json,E:/CHESHIRE_DATA/task23/study/CAPABILITY/R20/attempt_001/E5_networks.json,Earlier retained DS/crease/curl sequence or representative original image,FILE,194484,2f0f3839a46bb98c64950a8884f1f413677c6c56beca820ebe13b9d5a9222d8c,
DATA,E:/CHESHIRE_DATA,task23/study/CAPABILITY/R20/attempt_001/E5_operator.json.gz,E:/CHESHIRE_DATA/task23/study/CAPABILITY/R20/attempt_001/E5_operator.json.gz,Earlier retained DS/crease/curl sequence or representative original image,FILE,3136,842babcf4b71bc9e0a9d094c3de9fef13da61a71247081987a748d6ab5e97fcd,
DATA,E:/CHESHIRE_DATA,task23/study/CAPABILITY/R20/attempt_001/E5_signatures.json.gz,E:/CHESHIRE_DATA/task23/study/CAPABILITY/R20/attempt_001/E5_signatures.json.gz,Earlier retained DS/crease/curl sequence or representative original image,FILE,193941,cef315efec31dbb6ec5cd01cc6d7c0108f1e2f9439a2b6b79ba4f38ea66116c9,
DATA,E:/CHESHIRE_DATA,task23/study/CAPABILITY/R20/attempt_001/G0.json.gz,E:/CHESHIRE_DATA/task23/study/CAPABILITY/R20/attempt_001/G0.json.gz,Earlier retained DS/crease/curl sequence or representative original image,FILE,170862,9f40b5ef1d5e2673e3646a3d16bda18af4fda3d0f638b0580df15c818f5aaead,
DATA,E:/CHESHIRE_DATA,task23/study/CAPABILITY/R20/attempt_001/G0_lineage.json.gz,E:/CHESHIRE_DATA/task23/study/CAPABILITY/R20/attempt_001/G0_lineage.json.gz,Earlier retained DS/crease/curl sequence or representative original image,FILE,71900,bf5137b850e4592627c626db4bd1de2acd9f33dec64d4711d9235a9c9eb470bd,
DATA,E:/CHESHIRE_DATA,task23/study/CAPABILITY/R20/attempt_001/G0_networks.json,E:/CHESHIRE_DATA/task23/study/CAPABILITY/R20/attempt_001/G0_networks.json,Earlier retained DS/crease/curl sequence or representative original image,FILE,49190,153556e0a7e20148ec93eef5789d9af95e92290a8977255c3cd14856ed4e9d00,
DATA,E:/CHESHIRE_DATA,task23/study/CAPABILITY/R20/attempt_001/G0_operator.json.gz,E:/CHESHIRE_DATA/task23/study/CAPABILITY/R20/attempt_001/G0_operator.json.gz,Earlier retained DS/crease/curl sequence or representative original image,FILE,3865,6e86e00394ff0e55cd67ca983e377dad8cf482e51ddf930f1b84c23721d8799a,
DATA,E:/CHESHIRE_DATA,task23/study/CAPABILITY/R20/attempt_001/G0_signatures.json.gz,E:/CHESHIRE_DATA/task23/study/CAPABILITY/R20/attempt_001/G0_signatures.json.gz,Earlier retained DS/crease/curl sequence or representative original image,FILE,12322,f38ac39a003a03dec4c1f490b9c602e2d28718a721dbed55ab719f793717b00e,
DATA,E:/CHESHIRE_DATA,task23/study/CAPABILITY/R20/attempt_001/G1.json.gz,E:/CHESHIRE_DATA/task23/study/CAPABILITY/R20/attempt_001/G1.json.gz,Earlier retained DS/crease/curl sequence or representative original image,FILE,773274,0fd6875262fe0cec65e5288f0cafa4c25be6617c6780f79fbdb8286e434ca8db,
DATA,E:/CHESHIRE_DATA,task23/study/CAPABILITY/R20/attempt_001/G1_lineage.json.gz,E:/CHESHIRE_DATA/task23/study/CAPABILITY/R20/attempt_001/G1_lineage.json.gz,Earlier retained DS/crease/curl sequence or representative original image,FILE,389301,2569db8fdf9abdb9a3a5b41413f27704fb96c701999b501716b80490a5e67e08,
DATA,E:/CHESHIRE_DATA,task23/study/CAPABILITY/R20/attempt_001/G1_networks.json,E:/CHESHIRE_DATA/task23/study/CAPABILITY/R20/attempt_001/G1_networks.json,Earlier retained DS/crease/curl sequence or representative original image,FILE,100105,b87df89d3745410faf7099c0fc08e9b2fe5c7223d069bf17962706ec1ab56354,
DATA,E:/CHESHIRE_DATA,task23/study/CAPABILITY/R20/attempt_001/G1_operator.json.gz,E:/CHESHIRE_DATA/task23/study/CAPABILITY/R20/attempt_001/G1_operator.json.gz,Earlier retained DS/crease/curl sequence or representative original image,FILE,2582567,82981ca5012709fad2776f6f06f9449bfc74346bce693ef212ff6c484b8ab71f,
DATA,E:/CHESHIRE_DATA,task23/study/CAPABILITY/R20/attempt_001/G1_signatures.json.gz,E:/CHESHIRE_DATA/task23/study/CAPABILITY/R20/attempt_001/G1_signatures.json.gz,Earlier retained DS/crease/curl sequence or representative original image,FILE,47973,98c1d52dc7117d84d0a28a5b7b54ffbea392438598fd04d2675ffb3eeecfcbf9,
DATA,E:/CHESHIRE_DATA,task23/study/CAPABILITY/R20/attempt_001/G2.json.gz,E:/CHESHIRE_DATA/task23/study/CAPABILITY/R20/attempt_001/G2.json.gz,Earlier retained DS/crease/curl sequence or representative original image,FILE,3180059,494fee8ae8d414b72e437cacc37cd6aeeefe6c8e4b8da8d315eed1ac5fdcf811,
DATA,E:/CHESHIRE_DATA,task23/study/CAPABILITY/R20/attempt_001/G2_lineage.json.gz,E:/CHESHIRE_DATA/task23/study/CAPABILITY/R20/attempt_001/G2_lineage.json.gz,Earlier retained DS/crease/curl sequence or representative original image,FILE,1396974,15dd3dfee111d6a0cb0098b8b9255b17b0bc25bfc9fa4a6a2d3c6b7fab7d9254,
DATA,E:/CHESHIRE_DATA,task23/study/CAPABILITY/R20/attempt_001/G2_networks.json,E:/CHESHIRE_DATA/task23/study/CAPABILITY/R20/attempt_001/G2_networks.json,Earlier retained DS/crease/curl sequence or representative original image,FILE,194108,9d3ef9497f990188244ba962a62be039a733ebaa69cfd0ea6a6e397c2f4ce1f4,
DATA,E:/CHESHIRE_DATA,task23/study/CAPABILITY/R20/attempt_001/G2_operator.json.gz,E:/CHESHIRE_DATA/task23/study/CAPABILITY/R20/attempt_001/G2_operator.json.gz,Earlier retained DS/crease/curl sequence or representative original image,FILE,877374,14f4c926eb5797af0b58d1018b812663bf7b9aaea7c98f2f7d01a0fa68a5e285,
DATA,E:/CHESHIRE_DATA,task23/study/CAPABILITY/R20/attempt_001/G2_signatures.json.gz,E:/CHESHIRE_DATA/task23/study/CAPABILITY/R20/attempt_001/G2_signatures.json.gz,Earlier retained DS/crease/curl sequence or representative original image,FILE,193317,233f605e8a4a04707151a3e3f5b5be84e870e6b4c1ce96cfaf92822d3afa2d6e,
DATA,E:/CHESHIRE_DATA,task23/study/CAPABILITY/R20/attempt_001/request.json,E:/CHESHIRE_DATA/task23/study/CAPABILITY/R20/attempt_001/request.json,Earlier retained DS/crease/curl sequence or representative original image,FILE,19195,9d6f5e90b0b5c840e7246e7a6d5f4e74f1dac5080a94ed600ed156d2430790b3,
DATA,E:/CHESHIRE_DATA,task23/study/CAPABILITY/R20/attempt_001/summary.json,E:/CHESHIRE_DATA/task23/study/CAPABILITY/R20/attempt_001/summary.json,Earlier retained DS/crease/curl sequence or representative original image,FILE,2162179,50b76e9810724261352ff8e7d4dc050fe1ac9b2d282b523e0374dc7944f6d23d,
DATA,E:/CHESHIRE_DATA,task23/study/CAPABILITY/R20/attempt_001/terminal.json,E:/CHESHIRE_DATA/task23/study/CAPABILITY/R20/attempt_001/terminal.json,Earlier retained DS/crease/curl sequence or representative original image,FILE,19659785,6c6c5babd3d4ce2fe706f3aa83775963ab817145d3450910e469be04842d5c87,
DATA,E:/CHESHIRE_DATA,task23/study/CAPABILITY/R20/attempt_001/terminal.obj,E:/CHESHIRE_DATA/task23/study/CAPABILITY/R20/attempt_001/terminal.obj,Earlier retained DS/crease/curl sequence or representative original image,FILE,7279892,26ebea124bdba73b55ab78aa9ca698f266f596dbddea0c6218ee206b94262a8e,
DATA,E:/CHESHIRE_DATA,task23/study/CAPABILITY/R20/attempt_001/terminal_lineage.json.gz,E:/CHESHIRE_DATA/task23/study/CAPABILITY/R20/attempt_001/terminal_lineage.json.gz,Earlier retained DS/crease/curl sequence or representative original image,FILE,547886,9cf888d4220cecbe096ed4b49456ea6554e0ae4106c9141507f67fb852e67c7e,
DATA,E:/CHESHIRE_DATA,task23/study/CAPABILITY/R20/attempt_001/terminal_networks.json,E:/CHESHIRE_DATA/task23/study/CAPABILITY/R20/attempt_001/terminal_networks.json,Earlier retained DS/crease/curl sequence or representative original image,FILE,194484,2f0f3839a46bb98c64950a8884f1f413677c6c56beca820ebe13b9d5a9222d8c,
DATA,E:/CHESHIRE_DATA,task23/study/CAPABILITY/R20/attempt_001/terminal_signatures.json.gz,E:/CHESHIRE_DATA/task23/study/CAPABILITY/R20/attempt_001/terminal_signatures.json.gz,Earlier retained DS/crease/curl sequence or representative original image,FILE,193947,ed3a5345d13100f9ae57b76164814d87dfc415573cfdebdb17bb191988f47355,
DATA,E:/CHESHIRE_DATA,task23/study/CAPABILITY/R20/attempt_001/worker_identity.json,E:/CHESHIRE_DATA/task23/study/CAPABILITY/R20/attempt_001/worker_identity.json,Earlier retained DS/crease/curl sequence or representative original image,FILE,643,b62759f35081f4fd8874e93cc2e8e67f0a30863e19cfbb7a1f46d8d16ef5c1ad,
DATA,E:/CHESHIRE_DATA,task23/study/CAPABILITY/R20/attempt_001/audit_E1/crossing_audit.json,E:/CHESHIRE_DATA/task23/study/CAPABILITY/R20/attempt_001/audit_E1/crossing_audit.json,Earlier retained DS/crease/curl sequence or representative original image,FILE,7249,d0cc3e8a06d21a4b00db13af6e4b3f6c20e011dcba91933207d168708fb27b94,
DATA,E:/CHESHIRE_DATA,task23/study/CAPABILITY/R20/attempt_001/audit_E1/process.json,E:/CHESHIRE_DATA/task23/study/CAPABILITY/R20/attempt_001/audit_E1/process.json,Earlier retained DS/crease/curl sequence or representative original image,FILE,510,24d3f38d7e8954fea289592cae9d7745975b5d808b58910365b55cf1255b2a85,
DATA,E:/CHESHIRE_DATA,task23/study/CAPABILITY/R20/attempt_001/audit_E1/request.json,E:/CHESHIRE_DATA/task23/study/CAPABILITY/R20/attempt_001/audit_E1/request.json,Earlier retained DS/crease/curl sequence or representative original image,FILE,1344959,673285bfbc7e2bbbf7ae1d51dbee4474642f894a1511dc08bdbef902462757d6,
DATA,E:/CHESHIRE_DATA,task23/study/CAPABILITY/R20/attempt_001/audit_E1/response.json,E:/CHESHIRE_DATA/task23/study/CAPABILITY/R20/attempt_001/audit_E1/response.json,Earlier retained DS/crease/curl sequence or representative original image,FILE,3798204,3449a7532885b80df67f6d2093f5397a55267b7866f78c09b495ab3d502a5a64,
DATA,E:/CHESHIRE_DATA,task23/study/CAPABILITY/R20/attempt_001/audit_E2/crossing_audit.json,E:/CHESHIRE_DATA/task23/study/CAPABILITY/R20/attempt_001/audit_E2/crossing_audit.json,Earlier retained DS/crease/curl sequence or representative original image,FILE,6785,d035c5a9defcf96ba2b9d67cf62ae79c214746378abada43fc01e07e82ee4ab3,
DATA,E:/CHESHIRE_DATA,task23/study/CAPABILITY/R20/attempt_001/audit_E2/process.json,E:/CHESHIRE_DATA/task23/study/CAPABILITY/R20/attempt_001/audit_E2/process.json,Earlier retained DS/crease/curl sequence or representative original image,FILE,509,bcbb1d6aed7aba7b36eaec21a41558786a030fdf022ddee641b3185ee1ed7e37,
DATA,E:/CHESHIRE_DATA,task23/study/CAPABILITY/R20/attempt_001/audit_E2/request.json,E:/CHESHIRE_DATA/task23/study/CAPABILITY/R20/attempt_001/audit_E2/request.json,Earlier retained DS/crease/curl sequence or representative original image,FILE,1344959,673285bfbc7e2bbbf7ae1d51dbee4474642f894a1511dc08bdbef902462757d6,
DATA,E:/CHESHIRE_DATA,task23/study/CAPABILITY/R20/attempt_001/audit_E2/response.json,E:/CHESHIRE_DATA/task23/study/CAPABILITY/R20/attempt_001/audit_E2/response.json,Earlier retained DS/crease/curl sequence or representative original image,FILE,3798469,c3b974b376868da58fa80fc20c3ed9d6d436caaa428f9a33aeebec3c3662334e,
DATA,E:/CHESHIRE_DATA,task23/study/CAPABILITY/R20/attempt_001/audit_E3/crossing_audit.json,E:/CHESHIRE_DATA/task23/study/CAPABILITY/R20/attempt_001/audit_E3/crossing_audit.json,Earlier retained DS/crease/curl sequence or representative original image,FILE,6309,6c2883540d8a86d2ffdeaf73c3ba3c809ac4c2a9eae0a4352c7ac2edb37780fb,
DATA,E:/CHESHIRE_DATA,task23/study/CAPABILITY/R20/attempt_001/audit_E3/process.json,E:/CHESHIRE_DATA/task23/study/CAPABILITY/R20/attempt_001/audit_E3/process.json,Earlier retained DS/crease/curl sequence or representative original image,FILE,509,387a5831802e90ae587e73a6d9b9a7f43341bd54ae1e2654533c96a48397e99d,
DATA,E:/CHESHIRE_DATA,task23/study/CAPABILITY/R20/attempt_001/audit_E3/request.json,E:/CHESHIRE_DATA/task23/study/CAPABILITY/R20/attempt_001/audit_E3/request.json,Earlier retained DS/crease/curl sequence or representative original image,FILE,1344959,673285bfbc7e2bbbf7ae1d51dbee4474642f894a1511dc08bdbef902462757d6,
DATA,E:/CHESHIRE_DATA,task23/study/CAPABILITY/R20/attempt_001/audit_E3/response.json,E:/CHESHIRE_DATA/task23/study/CAPABILITY/R20/attempt_001/audit_E3/response.json,Earlier retained DS/crease/curl sequence or representative original image,FILE,3797400,019af38a3f3d900f8b8857d3ffba8938136884faf129b29edd4bf38f63a1d43e,
DATA,E:/CHESHIRE_DATA,task23/study/CAPABILITY/R20/attempt_001/audit_E4/crossing_audit.json,E:/CHESHIRE_DATA/task23/study/CAPABILITY/R20/attempt_001/audit_E4/crossing_audit.json,Earlier retained DS/crease/curl sequence or representative original image,FILE,7710,bb45fb1dc359663c9284d31c434980c7485734fc28a5ab5145e0a9856ac3a9c6,
DATA,E:/CHESHIRE_DATA,task23/study/CAPABILITY/R20/attempt_001/audit_E4/process.json,E:/CHESHIRE_DATA/task23/study/CAPABILITY/R20/attempt_001/audit_E4/process.json,Earlier retained DS/crease/curl sequence or representative original image,FILE,510,5f6ff5b740e8ef8b258a1dc2ff24b5987a8e3f6d2b8f31d790411c7e8dea97b2,
DATA,E:/CHESHIRE_DATA,task23/study/CAPABILITY/R20/attempt_001/audit_E4/request.json,E:/CHESHIRE_DATA/task23/study/CAPABILITY/R20/attempt_001/audit_E4/request.json,Earlier retained DS/crease/curl sequence or representative original image,FILE,1344959,673285bfbc7e2bbbf7ae1d51dbee4474642f894a1511dc08bdbef902462757d6,
DATA,E:/CHESHIRE_DATA,task23/study/CAPABILITY/R20/attempt_001/audit_E4/response.json,E:/CHESHIRE_DATA/task23/study/CAPABILITY/R20/attempt_001/audit_E4/response.json,Earlier retained DS/crease/curl sequence or representative original image,FILE,3797915,ade497fe5f7fffa2238f98c171553bc9041cf1d9de093f0076697973cf2ee725,
DATA,E:/CHESHIRE_DATA,task23/study/CAPABILITY/R20/attempt_001/audit_E5/crossing_audit.json,E:/CHESHIRE_DATA/task23/study/CAPABILITY/R20/attempt_001/audit_E5/crossing_audit.json,Earlier retained DS/crease/curl sequence or representative original image,FILE,6327,94af99cc6f317980ad24087ee191dd2d14d78670d6f9e2305400d1b526c72d5f,
DATA,E:/CHESHIRE_DATA,task23/study/CAPABILITY/R20/attempt_001/audit_E5/process.json,E:/CHESHIRE_DATA/task23/study/CAPABILITY/R20/attempt_001/audit_E5/process.json,Earlier retained DS/crease/curl sequence or representative original image,FILE,510,bbf5de30e11de1d2a2538a4374d1b24abd22707b1cebb1ba7e15fa5042a349d7,
DATA,E:/CHESHIRE_DATA,task23/study/CAPABILITY/R20/attempt_001/audit_E5/request.json,E:/CHESHIRE_DATA/task23/study/CAPABILITY/R20/attempt_001/audit_E5/request.json,Earlier retained DS/crease/curl sequence or representative original image,FILE,1344959,673285bfbc7e2bbbf7ae1d51dbee4474642f894a1511dc08bdbef902462757d6,
DATA,E:/CHESHIRE_DATA,task23/study/CAPABILITY/R20/attempt_001/audit_E5/response.json,E:/CHESHIRE_DATA/task23/study/CAPABILITY/R20/attempt_001/audit_E5/response.json,Earlier retained DS/crease/curl sequence or representative original image,FILE,3804910,ddd8fdda6526448bfb5518406e27349cc96e00d096e6493224c9d233106da031,
DATA,E:/CHESHIRE_DATA,task23/study/CAPABILITY/R20/attempt_001/audit_G0/crossing_audit.json,E:/CHESHIRE_DATA/task23/study/CAPABILITY/R20/attempt_001/audit_G0/crossing_audit.json,Earlier retained DS/crease/curl sequence or representative original image,FILE,3077,de3a2f56e67f58ef60cdc38d9568e65784b6c4b72c87e0d4e03916132bebb157,
DATA,E:/CHESHIRE_DATA,task23/study/CAPABILITY/R20/attempt_001/audit_G0/process.json,E:/CHESHIRE_DATA/task23/study/CAPABILITY/R20/attempt_001/audit_G0/process.json,Earlier retained DS/crease/curl sequence or representative original image,FILE,509,d215adba5953c4742de7d5bc5ee7b0818958e23c0018b441ee61f44d00a9eabe,
DATA,E:/CHESHIRE_DATA,task23/study/CAPABILITY/R20/attempt_001/audit_G0/request.json,E:/CHESHIRE_DATA/task23/study/CAPABILITY/R20/attempt_001/audit_G0/request.json,Earlier retained DS/crease/curl sequence or representative original image,FILE,1344959,673285bfbc7e2bbbf7ae1d51dbee4474642f894a1511dc08bdbef902462757d6,
DATA,E:/CHESHIRE_DATA,task23/study/CAPABILITY/R20/attempt_001/audit_G0/response.json,E:/CHESHIRE_DATA/task23/study/CAPABILITY/R20/attempt_001/audit_G0/response.json,Earlier retained DS/crease/curl sequence or representative original image,FILE,1582186,3733adb27050f331047e38acdfb35ab823d3411287b211e4ae0b69d9171f4add,
DATA,E:/CHESHIRE_DATA,task23/study/CAPABILITY/R20/attempt_001/audit_G1/crossing_audit.json,E:/CHESHIRE_DATA/task23/study/CAPABILITY/R20/attempt_001/audit_G1/crossing_audit.json,Earlier retained DS/crease/curl sequence or representative original image,FILE,59497,a6433911b75a0168932d9106722679fae8393444f9e72b2671b61bc16083181f,
DATA,E:/CHESHIRE_DATA,task23/study/CAPABILITY/R20/attempt_001/audit_G1/process.json,E:/CHESHIRE_DATA/task23/study/CAPABILITY/R20/attempt_001/audit_G1/process.json,Earlier retained DS/crease/curl sequence or representative original image,FILE,509,aa5a1348e40efdc1bfb1206f7c6f3e4753cec4bcf3c4f2cf3be4e92dbcf67098,
DATA,E:/CHESHIRE_DATA,task23/study/CAPABILITY/R20/attempt_001/audit_G1/request.json,E:/CHESHIRE_DATA/task23/study/CAPABILITY/R20/attempt_001/audit_G1/request.json,Earlier retained DS/crease/curl sequence or representative original image,FILE,1344959,673285bfbc7e2bbbf7ae1d51dbee4474642f894a1511dc08bdbef902462757d6,
DATA,E:/CHESHIRE_DATA,task23/study/CAPABILITY/R20/attempt_001/audit_G1/response.json,E:/CHESHIRE_DATA/task23/study/CAPABILITY/R20/attempt_001/audit_G1/response.json,Earlier retained DS/crease/curl sequence or representative original image,FILE,3337746,979bda1293428a41bdd23c95953ad9c969988d48387e88d72143ad769164b9f1,
DATA,E:/CHESHIRE_DATA,task23/study/CAPABILITY/R20/attempt_001/audit_G2/crossing_audit.json,E:/CHESHIRE_DATA/task23/study/CAPABILITY/R20/attempt_001/audit_G2/crossing_audit.json,Earlier retained DS/crease/curl sequence or representative original image,FILE,5642,61d43390b50acc4c85b79a8f7cd6e4c1e00170f1ca0bce3b1429f440e53228d7,
DATA,E:/CHESHIRE_DATA,task23/study/CAPABILITY/R20/attempt_001/audit_G2/process.json,E:/CHESHIRE_DATA/task23/study/CAPABILITY/R20/attempt_001/audit_G2/process.json,Earlier retained DS/crease/curl sequence or representative original image,FILE,509,707c1b54acab4cf6800b1b4f5f033bddf8ab6925a613cd87c86377dd38a125d9,
DATA,E:/CHESHIRE_DATA,task23/study/CAPABILITY/R20/attempt_001/audit_G2/request.json,E:/CHESHIRE_DATA/task23/study/CAPABILITY/R20/attempt_001/audit_G2/request.json,Earlier retained DS/crease/curl sequence or representative original image,FILE,1344959,673285bfbc7e2bbbf7ae1d51dbee4474642f894a1511dc08bdbef902462757d6,
DATA,E:/CHESHIRE_DATA,task23/study/CAPABILITY/R20/attempt_001/audit_G2/response.json,E:/CHESHIRE_DATA/task23/study/CAPABILITY/R20/attempt_001/audit_G2/response.json,Earlier retained DS/crease/curl sequence or representative original image,FILE,3795144,14ad854d35be56a2fb0bb9c64f58b4f8434155001e62d6a403e0db7e5994a166,
DATA,E:/CHESHIRE_DATA,task25/designs/H1_CURVATURE_G2/attempt_001/geometry.json.gz,E:/CHESHIRE_DATA/task25/designs/H1_CURVATURE_G2/attempt_001/geometry.json.gz,Earlier retained DS/crease/curl sequence or representative original image,FILE,53567398,62993c497532c9a759b1e37f686fababa2fb7abcf312bca8206281d82215b1b1,
DATA,E:/CHESHIRE_DATA,task25/designs/H1_CURVATURE_G2/attempt_001/H1_CURVATURE_G2.obj,E:/CHESHIRE_DATA/task25/designs/H1_CURVATURE_G2/attempt_001/H1_CURVATURE_G2.obj,Earlier retained DS/crease/curl sequence or representative original image,FILE,130763487,0b27bf444f0ce29a44e6536d8ad405e3627c102893097b44baa7c600622a00f3,
DATA,E:/CHESHIRE_DATA,task25/designs/H1_CURVATURE_G2/attempt_001/new_support_route.json,E:/CHESHIRE_DATA/task25/designs/H1_CURVATURE_G2/attempt_001/new_support_route.json,Earlier retained DS/crease/curl sequence or representative original image,FILE,68160,de6a0118b94189f62dd983a75f24b27dca2bd8bfdc39c81b30b8db06d3e4b959,
DATA,E:/CHESHIRE_DATA,task25/designs/H1_CURVATURE_G2/attempt_001/operator.json.gz,E:/CHESHIRE_DATA/task25/designs/H1_CURVATURE_G2/attempt_001/operator.json.gz,Earlier retained DS/crease/curl sequence or representative original image,FILE,14736413,45ba88dfafa39d9f17b24b29c8537aea4adee9d1b74fe06a3fecf54bbe6138e7,
DATA,E:/CHESHIRE_DATA,task25/designs/H1_CURVATURE_G2/attempt_001/operator_summary.json,E:/CHESHIRE_DATA/task25/designs/H1_CURVATURE_G2/attempt_001/operator_summary.json,Earlier retained DS/crease/curl sequence or representative original image,FILE,1288,e5c8cc35e98fddd4277dcad6bbac91901ecab7ccfbacbdbf817caf7bf1359635,
DATA,E:/CHESHIRE_DATA,task25/designs/H1_CURVATURE_G2/attempt_001/request.json,E:/CHESHIRE_DATA/task25/designs/H1_CURVATURE_G2/attempt_001/request.json,Earlier retained DS/crease/curl sequence or representative original image,FILE,11146,8d82f1cdd571605ba6d3abef28062932df41fb66d16e3a0a6fe7848ea05fefc1,
DATA,E:/CHESHIRE_DATA,task25/designs/H1_CURVATURE_G2/attempt_001/resource_preflight.json,E:/CHESHIRE_DATA/task25/designs/H1_CURVATURE_G2/attempt_001/resource_preflight.json,Earlier retained DS/crease/curl sequence or representative original image,FILE,721,969bfa77c0be58946f6d9a6405276996f42d458e2ae7bad12aca87a2262812b4,
DATA,E:/CHESHIRE_DATA,task25/designs/H1_CURVATURE_G2/attempt_001/state.json.gz,E:/CHESHIRE_DATA/task25/designs/H1_CURVATURE_G2/attempt_001/state.json.gz,Earlier retained DS/crease/curl sequence or representative original image,FILE,13452195,1ade598ccc7e5e9994d005ef38d21199ee5afbe745c7ffb96137cfcd53caf2c0,
DATA,E:/CHESHIRE_DATA,task25/designs/H1_CURVATURE_G2/attempt_001/summary.json,E:/CHESHIRE_DATA/task25/designs/H1_CURVATURE_G2/attempt_001/summary.json,Earlier retained DS/crease/curl sequence or representative original image,FILE,10910,1ec9d40e49207c9d1565b394d72434411609140a918ca0ce77f59271bf7bf65e,
